ResID;Chinese_Simplified;English;Japanese;Korean;German;French;Spanish;greek;Russian;Portuguese;Thai;Italian;Arabic;turkey;persian;Polish;indonersia;hindi;Dutch;vietnam;Hebrew;malay;burmese;Chinese_Traditional
M01;禁止使用会导致编译错误;禁止使用会导致编译错误;起動言語;부팅 언어;Boot-Sprache;Langue de démarrage;Lenguaje de arranque;;Язык запуска;Linguagem de inicialização;ภาษาบูต;Linguaggio di avvio;لغة التشغيل;;;Język rozruchowy;;;Boot taal;;שפת האתחול;;;開機語言
M02;禁止使用会导致编译错误;禁止使用会导致编译错误;简体中文;简体中文;简体中文;简体中文;简体中文;;简体中文;简体中文;简体中文;简体中文;简体中文;;;简体中文;;;简体中文;;简体中文;;;简体中文
M03;English;English;English;English;English;English;English;;English;English;English;English;English;;;English;;;English;;English;;;English
M04;Deutsch;Deutsch;Deutsch;Deutsch;Deutsch;Deutsch;Deutsch;Deutsch;Deutsch;Deutsch;Deutsch;Deutsch;Deutsch;Deutsch;Deutsch;Deutsch;;;한국어;;한국어;;;한국어
M05;Français;Français;Français;Français;Français;Français;Français;;Français;Français;Français;Français;Français;;;Français;;;Français;;Français;;;Français
M06;Español;Español;Español;Español;Español;Español;Español;Español;Español;Español;Español;Español;Español;Español;Español;Español;;;日本語;;日本語;;;日本語
M07;;;;;;;;;;;;;;;;;;;;;;;;
M08;;;;;;;;;;;;;;;;;;;;;;;;
M09;;;;;;;;;;;;;;;;;;;;;;;;
M10;;;;;;;;;;;;;;;;;;;;;;;;
M11;;;;;;;;;;;;;;;;;;;;;;;;
M12;;;;;;;;;;;;;;;;;;;;;;;;
M13;;;;;;;;;;;;;;;;;;;;;;;;
M14;;;;;;;;;;;;;;;;;;;;;;;;
M15;;;;;;;;;;;;;;;;;;;;;;;;
M16;;;;;;;;;;;;;;;;;;;;;;;;
M17;;;;;;;;;;;;;;;;;;;;;;;;
M18;;;;;;;;;;;;;;;;;;;;;;;;
M19;;;;;;;;;;;;;;;;;;;;;;;;
M20;;;;;;;;;;;;;;;;;;;;;;;;
M21;;;;;;;;;;;;;;;;;;;;;;;;
M22;;;;;;;;;;;;;;;;;;;;;;;;
M23;;;;;;;;;;;;;;;;;;;;;;;;
M24;;;;;;;;;;;;;;;;;;;;;;;;
M25;;;;;;;;;;;;;;;;;;;;;;;;
M26;;;;;;;;;;;;;;;;;;;;;;;;
M27;更多功能;More features;その他の機能;더 많은 기능;Weitere Funktionen;Plus de fonctionnalités;Más funciones;;Больше функций;Mais funções;คุณสมบัติอื่นๆ;Altre caratteristiche;المزيد من الميزات;;;Więcej funkcji;;;Meer functies;;תכונות נוספות;;;更多功能
M28;特效切换;Special Effect Switch;特殊効果の切り替え;특수 효과 스위치;Schalter für Spezial effekte;Bascule d'effets spéciaux;Cambio de efectos especiales;;Переключение спецэффектов;Alternar efeitos especiais;การสลับเอฟเฟกต์พิเศษ;Interruttore effetto speciale;تبديل المؤثرات الخاصة;;;Przełącznik efektu specjalnego;;;Speciaal effectschakelaar;;מתג אפקט מיוחד;;;特效切換
M29;是否将该语言设置为默认语言？;Do you want to set this language as the default language?;その言語をデフォルト言語に設定しますか?;이 언어를 기본 언어로 설정하시겠습니까?;Ist die Sprache als Standardsp rache festgelegt?;La langue est-elle définie comme langue par défaut?;¿El idioma está configurado como predeterminado?;;Установите ли этот язык в качестве языка по умолчанию?;O idioma está definido como o idioma padrão?;คุณตั้งค่าภาษาเป็นภาษาเริ่มต้นหรือไม่?;Vuoi impostare questa lingua come lingua predefinita?;هل تم تعيين اللغة كلغة افتراضية ؟;;;Czy chcesz ustawić ten język jako język domyślny?;;;Wilt u deze taal als standaardtaal instellen?;;האם ברצונך להגדיר שפה זו כשפת ברירת המחדל?;;;是否將該語言設置為默認語言?
M30;设置;Setup;設定;설정;Einstellungen;Paramètres;Configuración;;Настройка;Configurações;การตั้งค่า;Setup;الإعدادات;;;Konfiguracja;;;Opstelling;;התקנה;;;設置
M31;通用;4.000000;2.000000;3.000000;6.000000;5.000000;10.000000;;15.000000;9.000000;18.000000;7.000000;21.000000;;;14.000000;;;8.000000;;17.000000;;;1.000000
M32;时间设置;4.000000;2.000000;3.000000;6.000000;5.000000;10.000000;;15.000000;9.000000;18.000000;7.000000;21.000000;;;14.000000;;;8.000000;;17.000000;;;1.000000
M33;显示与亮度;Display and Brightness;表示と明るさ;디스플레이 및 밝기;Anzeige und Helligkeit;Affichage et luminosité;Pantalla y brillo;;Отображение и яркость;Exibição e brilho;จอแสดงผลและความสว่าง;Display e luminosità;العرض مع السطوع;;;Wyświetlacz i jasność;;;Weergave en helderheid;;תצוגה והבהירות;;;顯示與亮度
M34;声音与振动;Sound and vibration;音と振動;소리와 진동;Sound und Vibration;Sons et vibrations;Sonido y vibración;;Звук и вибрация;Som e vibração;เสียงและการสั่นสะเทือน;Suono e vibrazione;الصوت والاهتزاز;;;Dźwięk i wibracje;;;Geluid en trillingen;;צליל ורטט;;;聲音與振動
M35;勿扰模式;Do Not Disturb Mode;迷惑モード;모드를 방해하지 마십시오;Modus nicht stören;Ne pas déranger le mode;Modo No molestar;;Не беспокоить режим;Não perturbe o modo;โหมดห้ามรบกวน;Non disturbare la modalità;لا تزعج الوضع;;;Tryb Nie przeszkadzać;;;Niet storen modus;;לא להפריע מצב;;;勿擾模式
M36;健康提醒;4.000000;2.000000;3.000000;6.000000;5.000000;10.000000;;15.000000;9.000000;18.000000;7.000000;21.000000;;;14.000000;;;8.000000;;17.000000;;;1.000000
M37;省电模式;4.000000;2.000000;3.000000;6.000000;5.000000;10.000000;;15.000000;9.000000;18.000000;7.000000;21.000000;;;14.000000;;;8.000000;;17.000000;;;1.000000
M38;密码;4.000000;2.000000;3.000000;6.000000;5.000000;10.000000;;15.000000;9.000000;18.000000;7.000000;21.000000;;;14.000000;;;8.000000;;17.000000;;;1.000000
M39;组件;4.000000;2.000000;3.000000;6.000000;5.000000;10.000000;;15.000000;9.000000;18.000000;7.000000;21.000000;;;14.000000;;;8.000000;;17.000000;;;1.000000
M40;APP视图;4.000000;2.000000;3.000000;6.000000;5.000000;10.000000;;15.000000;9.000000;18.000000;7.000000;21.000000;;;14.000000;;;8.000000;;17.000000;;;1.000000
M41;灵动岛;4.000000;2.000000;3.000000;6.000000;5.000000;10.000000;;15.000000;9.000000;18.000000;7.000000;21.000000;;;14.000000;;;8.000000;;17.000000;;;1.000000
M42;通用;4.000000;2.000000;3.000000;6.000000;5.000000;10.000000;;15.000000;9.000000;18.000000;7.000000;21.000000;;;14.000000;;;8.000000;;17.000000;;;1.000000
M43;语言设置;Language Settings;言語設定;언어 설정;Sprache in stellungen;Paramètres de langue;Configuración de idioma;;Настройки языка;Configurações de idioma;การตั้งค่าภาษา;Impostazioni della lingua;إعدادات اللغة;;;Ustawienia języka;;;Taalinstellingen;;הגדרות שפה;;;語言設置
M44;APP二维码;APP QR Code;APP qrコード;앱 QR 코드;APP QR-Code;Code QR APP;Código QR de la aplicación;;QR-код APP;Código QR APP;APP QR code;Codice QR APP;رمز الاستجابة السريعة APP;;;Kod QR aplikacji;;;APP QR-code;;קוד אפליקציה qr;;;APP二維碼
M45;关于;About;について;에 관하여;Über;À propos de;Acerca de;;О.;Sobre;เกี่ยวกับ;A proposito;حول;;;O;;;Over;;אודות;;;關於
M46;关机;Shutdown;電源を切る;셧다운;Herunter fahren;Éteignez;Apagado;;Выключить;Desligue;ปิดเครื่อง;Arresto;أغلق;;;Wyłączenie;;;Afsluiten;;כיבוי;;;關機
M47;重启;Restart;再起動;다시 시작;Neustart;Redémarrer;Reiniciar;;Перезагрузка;Reinicialização;รีสตาร์ท;Riavvia;إعادة التشغيل;;;Ponowne uruchomienie;;;Opnieuw opstarten;;הפעלה מחדש;;;重啟
M48;恢复出厂;Restore factory;工場出荷を再開する;공장 복원;Werks reset;Restaurer l'usine;Restaurar la fábrica;;Восстановление завода;Restaurar a fábrica;คืนค่าโรงงาน;Ripristina la fabbrica;استئناف المصنع;;;Przywróć fabrykę;;;Fabriek herstellen;;שחזור מפעל;;;恢復出廠
M49;显示与亮度;4.000000;2.000000;3.000000;6.000000;5.000000;10.000000;;15.000000;9.000000;18.000000;7.000000;21.000000;;;14.000000;;;8.000000;;17.000000;;;1.000000
M50;抬手亮屏;4.000000;2.000000;3.000000;6.000000;5.000000;10.000000;;15.000000;9.000000;18.000000;7.000000;21.000000;;;14.000000;;;8.000000;;17.000000;;;1.000000
M51;熄屏时长;Extinguishing screen duration;消灯時間;소화 화면 지속 시간;Dauer des Bildschirm ausschalens;Durée de l'écran;Duración de la pantalla apagada;;Длительное время выключения экрана;Dduração da tela apagada;ระยะเวลาในการปิดหน้าจอ;Estinzione della durata dello schermo;طول الشاشة;;;Czas trwania ekranu gaszenia;;;Duur van het blusscherm;;משך מסך כיבוי;;;熄屏時長
M52;背景壁纸;Background Wallpaper;背景壁紙;배경 벽지;Hintergrund Tapete;Fond d'écran;Fondo Fondos de pantalla;;Фон Обои;Fundo Papel de parede;พื้นหลังวอลล์เปเปอร์;Sfondo carta da parati;خلفيات خلفية;;;Tapeta w tle;;;Achtergrond behang;;טפט רקע;;;背景壁紙
M53;床头灯;4.000000;2.000000;3.000000;6.000000;5.000000;10.000000;;15.000000;9.000000;18.000000;7.000000;21.000000;;;14.000000;;;8.000000;;17.000000;;;1.000000
M54;勿扰模式;4.000000;2.000000;3.000000;6.000000;5.000000;10.000000;;15.000000;9.000000;18.000000;7.000000;21.000000;;;14.000000;;;8.000000;;17.000000;;;1.000000
M55;全天勿扰;4.000000;2.000000;3.000000;6.000000;5.000000;10.000000;;15.000000;9.000000;18.000000;7.000000;21.000000;;;14.000000;;;8.000000;;17.000000;;;1.000000
M56;定时勿扰;4.000000;2.000000;3.000000;6.000000;5.000000;10.000000;;15.000000;9.000000;18.000000;7.000000;21.000000;;;14.000000;;;8.000000;;17.000000;;;1.000000
M57;启动;4.000000;2.000000;3.000000;6.000000;5.000000;10.000000;;15.000000;9.000000;18.000000;7.000000;21.000000;;;14.000000;;;8.000000;;17.000000;;;1.000000
M58;停止;4.000000;2.000000;3.000000;6.000000;5.000000;10.000000;;15.000000;9.000000;18.000000;7.000000;21.000000;;;14.000000;;;8.000000;;17.000000;;;1.000000
M59;确定;4.000000;2.000000;3.000000;6.000000;5.000000;10.000000;;15.000000;9.000000;18.000000;7.000000;21.000000;;;14.000000;;;8.000000;;17.000000;;;1.000000
M60;熄屏时长;4.000000;2.000000;3.000000;6.000000;5.000000;10.000000;;15.000000;9.000000;18.000000;7.000000;21.000000;;;14.000000;;;8.000000;;17.000000;;;1.000000
M61;Min;4.000000;2.000000;3.000000;6.000000;5.000000;10.000000;;15.000000;9.000000;18.000000;7.000000;21.000000;;;14.000000;;;8.000000;;17.000000;;;1.000000
M62;健康提醒;4.000000;2.000000;3.000000;6.000000;5.000000;10.000000;;15.000000;9.000000;18.000000;7.000000;21.000000;;;14.000000;;;8.000000;;17.000000;;;1.000000
M63;久坐提醒;4.000000;2.000000;3.000000;6.000000;5.000000;10.000000;;15.000000;9.000000;18.000000;7.000000;21.000000;;;14.000000;;;8.000000;;17.000000;;;1.000000
M64;省电模式;4.000000;2.000000;3.000000;6.000000;5.000000;10.000000;;15.000000;9.000000;18.000000;7.000000;21.000000;;;14.000000;;;8.000000;;17.000000;;;1.000000
M65;密码;4.000000;2.000000;3.000000;6.000000;5.000000;10.000000;;15.000000;9.000000;18.000000;7.000000;21.000000;;;14.000000;;;8.000000;;17.000000;;;1.000000
M66;密码开关;4.000000;2.000000;3.000000;6.000000;5.000000;10.000000;;15.000000;9.000000;18.000000;7.000000;21.000000;;;14.000000;;;8.000000;;17.000000;;;1.000000
M67;更改密码;4.000000;2.000000;3.000000;6.000000;5.000000;10.000000;;15.000000;9.000000;18.000000;7.000000;21.000000;;;14.000000;;;8.000000;;17.000000;;;1.000000
M68;添加组件;4.000000;2.000000;3.000000;6.000000;5.000000;10.000000;;15.000000;9.000000;18.000000;7.000000;21.000000;;;14.000000;;;8.000000;;17.000000;;;1.000000
M69;组件;4.000000;2.000000;3.000000;6.000000;5.000000;10.000000;;15.000000;9.000000;18.000000;7.000000;21.000000;;;14.000000;;;8.000000;;17.000000;;;1.000000
M70;心率;4.000000;2.000000;3.000000;6.000000;5.000000;10.000000;;15.000000;9.000000;18.000000;7.000000;21.000000;;;14.000000;;;8.000000;;17.000000;;;1.000000
M71;音乐;Music;音楽;음악;Musik;Musique;Música;;Музыка;Música;เพลง;Musica;الموسيقى;;;Muzyka;;;Muziek;;מוזיקה;;;音樂
M72;呼吸训练;4.000000;2.000000;3.000000;6.000000;5.000000;10.000000;;15.000000;9.000000;18.000000;7.000000;21.000000;;;14.000000;;;8.000000;;17.000000;;;1.000000
M73;睡眠;4.000000;2.000000;3.000000;6.000000;5.000000;10.000000;;15.000000;9.000000;18.000000;7.000000;21.000000;;;14.000000;;;8.000000;;17.000000;;;1.000000
M74;天气;Weather;天気;날씨;Wetter;Météo;El tiempo;;Погода;Tempo;สภาพอากาศ;Meteo;الطقس;;;Pogoda;;;Weer;;מזג אוויר;;;天氣
M75;日历;4.000000;2.000000;3.000000;6.000000;5.000000;10.000000;;15.000000;9.000000;18.000000;7.000000;21.000000;;;14.000000;;;8.000000;;17.000000;;;1.000000
M76;计算器;4.000000;2.000000;3.000000;6.000000;5.000000;10.000000;;15.000000;9.000000;18.000000;7.000000;21.000000;;;14.000000;;;8.000000;;17.000000;;;1.000000
M77;APP视图;4.000000;2.000000;3.000000;6.000000;5.000000;10.000000;;15.000000;9.000000;18.000000;7.000000;21.000000;;;14.000000;;;8.000000;;17.000000;;;1.000000
M78;列表;4.000000;2.000000;3.000000;6.000000;5.000000;10.000000;;15.000000;9.000000;18.000000;7.000000;21.000000;;;14.000000;;;8.000000;;17.000000;;;1.000000
M79;蜂窝;4.000000;2.000000;3.000000;6.000000;5.000000;10.000000;;15.000000;9.000000;18.000000;7.000000;21.000000;;;14.000000;;;8.000000;;17.000000;;;1.000000
M80;语言设置;4.000000;2.000000;3.000000;6.000000;5.000000;10.000000;;15.000000;9.000000;18.000000;7.000000;21.000000;;;14.000000;;;8.000000;;17.000000;;;1.000000
M81;简体中文;简体中文;简体中文;简体中文;简体中文;简体中文;简体中文;;简体中文;简体中文;简体中文;简体中文;简体中文;;;简体中文;;;简体中文;;简体中文;;;简体中文
M82;Englisch;Englisch;Englisch;Englisch;Englisch;Englisch;Englisch;;Englisch;Englisch;Englisch;Englisch;Englisch;;;Englisch;;;Englisch;;Englisch;;;Englisch
M83;Deutsch;Deutsch;Deutsch;Deutsch;Deutsch;Deutsch;Deutsch;Deutsch;Deutsch;Deutsch;Deutsch;Deutsch;Deutsch;Deutsch;Deutsch;Deutsch;;;한국어;;한국어;;;한국어
M84;Français;Français;Français;Français;Français;Français;Français;;Français;Français;Français;Français;Français;;;Français;;;Français;;Français;;;Français
M85;Español;Español;Español;Español;Español;Español;Español;Español;Español;Español;Español;Español;Español;Español;Español;Español;Español;Español;Español;Español;Español;;;日本語
M86;产品名称;Product Name;製品名;제품 이름;Produktname;Nom du produit;Nombre del producto;;Название продукта;Nome do produto;ชื่อผลิตภัณฑ์;Nome del prodotto;اسم المنتج;;;Nazwa produktu;;;Productnaam;;שם המוצר;;;產品名稱
M87;型号;Model;型番;모델;Modell;Modèle;Modelo;;Модель;Modelo;รุ่น;Modello;نموذج;;;Model;;;Model;;דגם;;;型號
M88;版本号;Version Number;バージョン番号;버전 번호;Versions nummer;Numéro de version;Número de versión;;Номер версии;Número da versão;หมายเลขรุ่น;Numero di versione;رقم الإصدار;;;Numer wersji;;;Versienummer;;מספר גרסה;;;版本號
M89;MAC地址;MAC Address;MACアドレス;MAC 주소;MAC-Adresse;Adresse MAC;Dirección MAC;;MAC-адрес;Endereço MAC;ที่อยู่ MAC;Indirizzo MAC;عنوان MAC;;;Adres MAC;;;MAC-adres;;כתובת מק;;;MAC地址
M90;关机;4.000000;2.000000;3.000000;6.000000;5.000000;10.000000;;15.000000;9.000000;18.000000;7.000000;21.000000;;;14.000000;;;8.000000;;17.000000;;;1.000000
M91;是否关机？;Shutdown?;電源を切りますか?;셧다운?;Ist es herunter gefahren?;Est-il éteint?;¿Está apagado?;;Это выключено?;Está desligado?;ปิดหรือไม่;Lo spegnimento?;هل هو مغلق ؟;;;Zamknięcie?;;;Afsluiten?;;כיבוי?;;;是否關機?
M92;重启;4.000000;2.000000;3.000000;6.000000;5.000000;10.000000;;15.000000;9.000000;18.000000;7.000000;21.000000;;;14.000000;;;8.000000;;17.000000;;;1.000000
M93;是否重启？;Restart?;再起動しますか?;다시 시작?;Wird es neu gestartet?;Est-ce un redémarrage?;¿Se reinicia?;;Это перезагрузка?;É reiniciado?;รีสตาร์ทหรือไม่?;Ripartire?;هل إعادة التشغيل ؟;;;Ponowne uruchomienie?;;;Opnieuw opstarten?;;הפעל מחדש?;;;是否重啟?
M94;恢复出厂？;Restore the factory?;工場出荷を再開しますか?;공장을 복원 하시겠습니까?;Werks reset?;Restaurer l'usine?;¿Restaurar la fábrica?;;Восстановить завод?;Restaurar a fábrica?;กลับไปที่โรงงาน?;Ripristinare la fabbrica?;استئناف المصنع ؟;;;Przywrócić fabrykę?;;;De fabriek herstellen?;;לשחזר את המפעל?;;;恢復出廠?
M95;是否继续恢复
出厂设置？;4.000000;2.000000;3.000000;6.000000;5.000000;10.000000;;15.000000;9.000000;18.000000;7.000000;21.000000;;;14.000000;;;8.000000;;17.000000;;;1.000000
M96;密码设置成功;4.000000;2.000000;3.000000;6.000000;5.000000;10.000000;;15.000000;9.000000;18.000000;7.000000;21.000000;;;14.000000;;;8.000000;;17.000000;;;1.000000
M97;请输入密码;4.000000;2.000000;3.000000;6.000000;5.000000;10.000000;;15.000000;9.000000;18.000000;7.000000;21.000000;;;14.000000;;;8.000000;;17.000000;;;1.000000
M98;请输入旧密码;4.000000;2.000000;3.000000;6.000000;5.000000;10.000000;;15.000000;9.000000;18.000000;7.000000;21.000000;;;14.000000;;;8.000000;;17.000000;;;1.000000
M99;密码错误;4.000000;2.000000;3.000000;6.000000;5.000000;10.000000;;15.000000;9.000000;18.000000;7.000000;21.000000;;;14.000000;;;8.000000;;17.000000;;;1.000000
M100;请再次输入密码;4.000000;2.000000;3.000000;6.000000;5.000000;10.000000;;15.000000;9.000000;18.000000;7.000000;21.000000;;;14.000000;;;8.000000;;17.000000;;;1.000000
M101;请输入新密码;4.000000;2.000000;3.000000;6.000000;5.000000;10.000000;;15.000000;9.000000;18.000000;7.000000;21.000000;;;14.000000;;;8.000000;;17.000000;;;1.000000
M102;计时器;4.000000;2.000000;3.000000;6.000000;5.000000;10.000000;;15.000000;9.000000;18.000000;7.000000;21.000000;;;14.000000;;;8.000000;;17.000000;;;1.000000
M103;计时结束;4.000000;2.000000;3.000000;6.000000;5.000000;10.000000;;15.000000;9.000000;18.000000;7.000000;21.000000;;;14.000000;;;8.000000;;17.000000;;;1.000000
M104;秒表;4.000000;2.000000;3.000000;6.000000;5.000000;10.000000;;15.000000;9.000000;18.000000;7.000000;21.000000;;;14.000000;;;8.000000;;17.000000;;;1.000000
M105;女性健康;4.000000;2.000000;3.000000;6.000000;5.000000;10.000000;;15.000000;9.000000;18.000000;7.000000;21.000000;;;14.000000;;;8.000000;;17.000000;;;1.000000
M106;未开启;4.000000;2.000000;3.000000;6.000000;5.000000;10.000000;;15.000000;9.000000;18.000000;7.000000;21.000000;;;14.000000;;;8.000000;;17.000000;;;1.000000
M107;指南针;4.000000;2.000000;3.000000;6.000000;5.000000;10.000000;;15.000000;9.000000;18.000000;7.000000;21.000000;;;14.000000;;;8.000000;;17.000000;;;1.000000
M108;东;4.000000;2.000000;3.000000;6.000000;5.000000;10.000000;;15.000000;9.000000;18.000000;7.000000;21.000000;;;14.000000;;;8.000000;;17.000000;;;1.000000
M109;西;4.000000;2.000000;3.000000;6.000000;5.000000;10.000000;;15.000000;9.000000;18.000000;7.000000;21.000000;;;14.000000;;;8.000000;;17.000000;;;1.000000
M110;南;4.000000;2.000000;3.000000;6.000000;5.000000;10.000000;;15.000000;9.000000;18.000000;7.000000;21.000000;;;14.000000;;;8.000000;;17.000000;;;1.000000
M111;北;4.000000;2.000000;3.000000;6.000000;5.000000;10.000000;;15.000000;9.000000;18.000000;7.000000;21.000000;;;14.000000;;;8.000000;;17.000000;;;1.000000
M112;东北;4.000000;2.000000;3.000000;6.000000;5.000000;10.000000;;15.000000;9.000000;18.000000;7.000000;21.000000;;;14.000000;;;8.000000;;17.000000;;;1.000000
M113;东南;4.000000;2.000000;3.000000;6.000000;5.000000;10.000000;;15.000000;9.000000;18.000000;7.000000;21.000000;;;14.000000;;;8.000000;;17.000000;;;1.000000
M114;西北;4.000000;2.000000;3.000000;6.000000;5.000000;10.000000;;15.000000;9.000000;18.000000;7.000000;21.000000;;;14.000000;;;8.000000;;17.000000;;;1.000000
M115;西南;4.000000;2.000000;3.000000;6.000000;5.000000;10.000000;;15.000000;9.000000;18.000000;7.000000;21.000000;;;14.000000;;;8.000000;;17.000000;;;1.000000
M116;~;4.000000;2.000000;3.000000;6.000000;5.000000;10.000000;;15.000000;9.000000;18.000000;7.000000;21.000000;;;14.000000;;;8.000000;;17.000000;;;1.000000
M117;°;4.000000;2.000000;3.000000;6.000000;5.000000;10.000000;;15.000000;9.000000;18.000000;7.000000;21.000000;;;14.000000;;;8.000000;;17.000000;;;1.000000
M118;使用支付宝扫码绑定;4.000000;2.000000;3.000000;6.000000;5.000000;10.000000;;15.000000;9.000000;18.000000;7.000000;21.000000;;;14.000000;;;8.000000;;17.000000;;;1.000000
M119;正在绑定;4.000000;2.000000;3.000000;6.000000;5.000000;10.000000;;15.000000;9.000000;18.000000;7.000000;21.000000;;;14.000000;;;8.000000;;17.000000;;;1.000000
M120;绑定成功;4.000000;2.000000;3.000000;6.000000;5.000000;10.000000;;15.000000;9.000000;18.000000;7.000000;21.000000;;;14.000000;;;8.000000;;17.000000;;;1.000000
M121;绑定失败;4.000000;2.000000;3.000000;6.000000;5.000000;10.000000;;15.000000;9.000000;18.000000;7.000000;21.000000;;;14.000000;;;8.000000;;17.000000;;;1.000000
M122;支付宝;4.000000;2.000000;3.000000;6.000000;5.000000;10.000000;;15.000000;9.000000;18.000000;7.000000;21.000000;;;14.000000;;;8.000000;;17.000000;;;1.000000
M123;付款码;4.000000;2.000000;3.000000;6.000000;5.000000;10.000000;;15.000000;9.000000;18.000000;7.000000;21.000000;;;14.000000;;;8.000000;;17.000000;;;1.000000
M124;乘车码;4.000000;2.000000;3.000000;6.000000;5.000000;10.000000;;15.000000;9.000000;18.000000;7.000000;21.000000;;;14.000000;;;8.000000;;17.000000;;;1.000000
M125;设置;4.000000;2.000000;3.000000;6.000000;5.000000;10.000000;;15.000000;9.000000;18.000000;7.000000;21.000000;;;14.000000;;;8.000000;;17.000000;;;1.000000
M126;付款码;4.000000;2.000000;3.000000;6.000000;5.000000;10.000000;;15.000000;9.000000;18.000000;7.000000;21.000000;;;14.000000;;;8.000000;;17.000000;;;1.000000
M127;切换条码;4.000000;2.000000;3.000000;6.000000;5.000000;10.000000;;15.000000;9.000000;18.000000;7.000000;21.000000;;;14.000000;;;8.000000;;17.000000;;;1.000000
M128;￥;4.000000;2.000000;3.000000;6.000000;5.000000;10.000000;;15.000000;9.000000;18.000000;7.000000;21.000000;;;14.000000;;;8.000000;;17.000000;;;1.000000
M129;网络不稳定 请在手机
支付宝上与商家确认
支付结果;4.000000;2.000000;3.000000;6.000000;5.000000;10.000000;;15.000000;9.000000;18.000000;7.000000;21.000000;;;14.000000;;;8.000000;;17.000000;;;1.000000
M130;支付宝乘车码 >>;4.000000;2.000000;3.000000;6.000000;5.000000;10.000000;;15.000000;9.000000;18.000000;7.000000;21.000000;;;14.000000;;;8.000000;;17.000000;;;1.000000
M131;刷新;4.000000;2.000000;3.000000;6.000000;5.000000;10.000000;;15.000000;9.000000;18.000000;7.000000;21.000000;;;14.000000;;;8.000000;;17.000000;;;1.000000
M132;手机支付宝首页搜索
“智能手表”，
点击进入后可管理支付设置;4.000000;2.000000;3.000000;6.000000;5.000000;10.000000;;15.000000;9.000000;18.000000;7.000000;21.000000;;;14.000000;;;8.000000;;17.000000;;;1.000000
M133;解除绑定;4.000000;2.000000;3.000000;6.000000;5.000000;10.000000;;15.000000;9.000000;18.000000;7.000000;21.000000;;;14.000000;;;8.000000;;17.000000;;;1.000000
M134;解绑确认;4.000000;2.000000;3.000000;6.000000;5.000000;10.000000;;15.000000;9.000000;18.000000;7.000000;21.000000;;;14.000000;;;8.000000;;17.000000;;;1.000000
M135;解绑后手表支付宝上的
功能将不可用，如要使
用手表支付，需再次绑定！;4.000000;2.000000;3.000000;6.000000;5.000000;10.000000;;15.000000;9.000000;18.000000;7.000000;21.000000;;;14.000000;;;8.000000;;17.000000;;;1.000000
M136;解绑成功;4.000000;2.000000;3.000000;6.000000;5.000000;10.000000;;15.000000;9.000000;18.000000;7.000000;21.000000;;;14.000000;;;8.000000;;17.000000;;;1.000000
M137;解绑后，手表支付功能
将不可用，若要使用，
需再次绑定。;4.000000;2.000000;3.000000;6.000000;5.000000;10.000000;;15.000000;9.000000;18.000000;7.000000;21.000000;;;14.000000;;;8.000000;;17.000000;;;1.000000
M138;你已经1小时未活动了
站起来放松一下吧;4.000000;2.000000;3.000000;6.000000;5.000000;10.000000;;15.000000;9.000000;18.000000;7.000000;21.000000;;;14.000000;;;8.000000;;17.000000;;;1.000000
M139;我知道了;4.000000;2.000000;3.000000;6.000000;5.000000;10.000000;;15.000000;9.000000;18.000000;7.000000;21.000000;;;14.000000;;;8.000000;;17.000000;;;1.000000
M140;24小时制;4.000000;2.000000;3.000000;6.000000;5.000000;10.000000;;15.000000;9.000000;18.000000;7.000000;21.000000;;;14.000000;;;8.000000;;17.000000;;;1.000000
M141;时间设置;4.000000;2.000000;3.000000;6.000000;5.000000;10.000000;;15.000000;9.000000;18.000000;7.000000;21.000000;;;14.000000;;;8.000000;;17.000000;;;1.000000
M142;声音与振动;4.000000;2.000000;3.000000;6.000000;5.000000;10.000000;;15.000000;9.000000;18.000000;7.000000;21.000000;;;14.000000;;;8.000000;;17.000000;;;1.000000
M143;静音模式;4.000000;2.000000;3.000000;6.000000;5.000000;10.000000;;15.000000;9.000000;18.000000;7.000000;21.000000;;;14.000000;;;8.000000;;17.000000;;;1.000000
M144;振动强度;4.000000;2.000000;3.000000;6.000000;5.000000;10.000000;;15.000000;9.000000;18.000000;7.000000;21.000000;;;14.000000;;;8.000000;;17.000000;;;1.000000
M145;振动强度;4.000000;2.000000;3.000000;6.000000;5.000000;10.000000;;15.000000;9.000000;18.000000;7.000000;21.000000;;;14.000000;;;8.000000;;17.000000;;;1.000000
M146;适中;4.000000;2.000000;3.000000;6.000000;5.000000;10.000000;;15.000000;9.000000;18.000000;7.000000;21.000000;;;14.000000;;;8.000000;;17.000000;;;1.000000
M147;较强;4.000000;2.000000;3.000000;6.000000;5.000000;10.000000;;15.000000;9.000000;18.000000;7.000000;21.000000;;;14.000000;;;8.000000;;17.000000;;;1.000000
M148;转场动画;4.000000;2.000000;3.000000;6.000000;5.000000;10.000000;;15.000000;9.000000;18.000000;7.000000;21.000000;;;14.000000;;;8.000000;;17.000000;;;1.000000
M149;3D足球;4.000000;2.000000;3.000000;6.000000;5.000000;10.000000;;15.000000;9.000000;18.000000;7.000000;21.000000;;;14.000000;;;8.000000;;17.000000;;;1.000000
M150;3D灯笼;4.000000;2.000000;3.000000;6.000000;5.000000;10.000000;;15.000000;9.000000;18.000000;7.000000;21.000000;;;14.000000;;;8.000000;;17.000000;;;1.000000
M151;3D立方体;4.000000;2.000000;3.000000;6.000000;5.000000;10.000000;;15.000000;9.000000;18.000000;7.000000;21.000000;;;14.000000;;;8.000000;;17.000000;;;1.000000
M152;转场动画;4.000000;2.000000;3.000000;6.000000;5.000000;10.000000;;15.000000;9.000000;18.000000;7.000000;21.000000;;;14.000000;;;8.000000;;17.000000;;;1.000000
M153;缩放;4.000000;2.000000;3.000000;6.000000;5.000000;10.000000;;15.000000;9.000000;18.000000;7.000000;21.000000;;;14.000000;;;8.000000;;17.000000;;;1.000000
M154;中心轴翻转;4.000000;2.000000;3.000000;6.000000;5.000000;10.000000;;15.000000;9.000000;18.000000;7.000000;21.000000;;;14.000000;;;8.000000;;17.000000;;;1.000000
M155;边沿翻转;4.000000;2.000000;3.000000;6.000000;5.000000;10.000000;;15.000000;9.000000;18.000000;7.000000;21.000000;;;14.000000;;;8.000000;;17.000000;;;1.000000
M156;立方体;4.000000;2.000000;3.000000;6.000000;5.000000;10.000000;;15.000000;9.000000;18.000000;7.000000;21.000000;;;14.000000;;;8.000000;;17.000000;;;1.000000
M157;平移;4.000000;2.000000;3.000000;6.000000;5.000000;10.000000;;15.000000;9.000000;18.000000;7.000000;21.000000;;;14.000000;;;8.000000;;17.000000;;;1.000000
M158;密码修改成功;4.000000;2.000000;3.000000;6.000000;5.000000;10.000000;;15.000000;9.000000;18.000000;7.000000;21.000000;;;14.000000;;;8.000000;;17.000000;;;1.000000
M159;AM;4.000000;2.000000;3.000000;6.000000;5.000000;10.000000;;15.000000;9.000000;18.000000;7.000000;21.000000;;;14.000000;;;8.000000;;17.000000;;;1.000000
M160;PM;4.000000;2.000000;3.000000;6.000000;5.000000;10.000000;;15.000000;9.000000;18.000000;7.000000;21.000000;;;14.000000;;;8.000000;;17.000000;;;1.000000
M161;编辑;4.000000;2.000000;3.000000;6.000000;5.000000;10.000000;;15.000000;9.000000;18.000000;7.000000;21.000000;;;14.000000;;;8.000000;;17.000000;;;1.000000
M162;音频蓝牙;4.000000;2.000000;3.000000;6.000000;5.000000;10.000000;;15.000000;9.000000;18.000000;7.000000;21.000000;;;14.000000;;;8.000000;;17.000000;;;1.000000
M163;关于;About;について;에 관하여;Über;À propos de;Acerca de;;О.;Sobre;เกี่ยวกับ;A proposito;حول;;;O;;;Over;;אודות;;;關於
M164;省电模式;4.000000;2.000000;3.000000;6.000000;5.000000;10.000000;;15.000000;9.000000;18.000000;7.000000;21.000000;;;14.000000;;;8.000000;;17.000000;;;1.000000
M165;二维码;Two-dimensional code;Qrコード;2 차원 코드;QR-Code;Code QR;Código QR;;QR-код;Código QR;คิวอาร์โค้ด;Codice bidimensionale;رمز ثنائي الأبعاد;;;Kod dwuwymiarowy;;;Tweedimensionale code;;קוד דו מימדי;;;二維碼
M166;屏幕亮度;Screen brightness;画面の明るさ;화면 밝기;Bildschirm helligkeit;Luminosité de l'écran;Brillo de la pantalla;;Яркость экрана;Brilho da tela;ความสว่างหน้าจอ;Luminosità dello schermo;سطوع الشاشة;;;Jasność ekranu;;;Schermhelderheid;;בהירות מסך;;;屏幕亮度
M167;勿扰模式;4.000000;2.000000;3.000000;6.000000;5.000000;10.000000;;15.000000;9.000000;18.000000;7.000000;21.000000;;;14.000000;;;8.000000;;17.000000;;;1.000000
M168;闹钟;Alarm Clock;目覚まし時計;알람 시계;Wecker;Réveil;Despertador;;Будильник;Despertador;นาฬิกาปลุก;Sveglia;المنبه;;;Budzik;;;Wekker;;שעון מעורר;;;鬧鐘
M169;设置;4.000000;2.000000;3.000000;6.000000;5.000000;10.000000;;15.000000;9.000000;18.000000;7.000000;21.000000;;;14.000000;;;8.000000;;17.000000;;;1.000000
M170;抬腕亮屏;4.000000;2.000000;3.000000;6.000000;5.000000;10.000000;;15.000000;9.000000;18.000000;7.000000;21.000000;;;14.000000;;;8.000000;;17.000000;;;1.000000
M171;手电筒;Flashlight;懐中電灯;손전등;Taschenlampe;Lampe de poche;Linterna;;Фонарик;Lanterna;ไฟฉาย;Torcia elettrica;مصباح يدوي;;;Latarka;;;Zaklamp;;פנס;;;手電筒
M172;语音助手;4.000000;2.000000;3.000000;6.000000;5.000000;10.000000;;15.000000;9.000000;18.000000;7.000000;21.000000;;;14.000000;;;8.000000;;17.000000;;;1.000000
M173;点击开始;4.000000;2.000000;3.000000;6.000000;5.000000;10.000000;;15.000000;9.000000;18.000000;7.000000;21.000000;;;14.000000;;;8.000000;;17.000000;;;1.000000
M174;结束;4.000000;2.000000;3.000000;6.000000;5.000000;10.000000;;15.000000;9.000000;18.000000;7.000000;21.000000;;;14.000000;;;8.000000;;17.000000;;;1.000000
M175;SUN;4.000000;2.000000;3.000000;6.000000;5.000000;10.000000;;15.000000;9.000000;18.000000;7.000000;21.000000;;;14.000000;;;8.000000;;17.000000;;;1.000000
M176;MON;4.000000;2.000000;3.000000;6.000000;5.000000;10.000000;;15.000000;9.000000;18.000000;7.000000;21.000000;;;14.000000;;;8.000000;;17.000000;;;1.000000;;;;
M177;TUE;4.000000;2.000000;3.000000;6.000000;5.000000;10.000000;;15.000000;9.000000;18.000000;7.000000;21.000000;;;14.000000;;;8.000000;;17.000000;;;1.000000;;;;
M178;WED;4.000000;2.000000;3.000000;6.000000;5.000000;10.000000;;15.000000;9.000000;18.000000;7.000000;21.000000;;;14.000000;;;8.000000;;17.000000;;;1.000000;;;;
M179;THU;4.000000;2.000000;3.000000;6.000000;5.000000;10.000000;;15.000000;9.000000;18.000000;7.000000;21.000000;;;14.000000;;;8.000000;;17.000000;;;1.000000;;;;
M180;FRI;4.000000;2.000000;3.000000;6.000000;5.000000;10.000000;;15.000000;9.000000;18.000000;7.000000;21.000000;;;14.000000;;;8.000000;;17.000000;;;1.000000;;;;
M181;SAT;4.000000;2.000000;3.000000;6.000000;5.000000;10.000000;;15.000000;9.000000;18.000000;7.000000;21.000000;;;14.000000;;;8.000000;;17.000000;;;1.000000;;;;
M182;支付宝;4.000000;2.000000;3.000000;6.000000;5.000000;10.000000;;15.000000;9.000000;18.000000;7.000000;21.000000;;;14.000000;;;8.000000;;17.000000;;;1.000000;;;;
M183;付款码;4.000000;2.000000;3.000000;6.000000;5.000000;10.000000;;15.000000;9.000000;18.000000;7.000000;21.000000;;;14.000000;;;8.000000;;17.000000;;;1.000000;;;;
M184;查找耳机;Find headphones;イヤホンを探す;헤드폰 찾기;Finden Sie Kopfhörer;Trouver des écouteurs;Encuentra auriculares;;Найти наушники;Encontrar fones de ouvido;ค้นหาหูฟัง;Trova le cuffie;البحث عن سماعات الرأس;;;Znajdź słuchawki;;;Koptelefoons vinden;;למצוא אוזניות;;;查找耳機;;;;
M185;摘下耳机;4.000000;2.000000;3.000000;6.000000;5.000000;10.000000;;15.000000;9.000000;18.000000;7.000000;21.000000;;;14.000000;;;8.000000;;17.000000;;;1.000000;;;;
M186;切换二维码;4.000000;2.000000;3.000000;6.000000;5.000000;10.000000;;15.000000;9.000000;18.000000;7.000000;21.000000;;;14.000000;;;8.000000;;17.000000;;;1.000000;;;;
M187;获取城市列表失败，请打开
手机app更新数据后再尝试;4.000000;2.000000;3.000000;6.000000;5.000000;10.000000;;15.000000;9.000000;18.000000;7.000000;21.000000;;;14.000000;;;8.000000;;17.000000;;;1.000000;;;;
M188;获取乘车码失败，请打开
手机app更新数据后再尝试;4.000000;2.000000;3.000000;6.000000;5.000000;10.000000;;15.000000;9.000000;18.000000;7.000000;21.000000;;;14.000000;;;8.000000;;17.000000;;;1.000000;;;;
M189;请确保支付宝的乘车码已开通，
打开手机app更新数据后再尝试;4.000000;2.000000;3.000000;6.000000;5.000000;10.000000;;15.000000;9.000000;18.000000;7.000000;21.000000;;;14.000000;;;8.000000;;17.000000;;;1.000000;;;;
M190;未知错误，请联系厂商解决;4.000000;2.000000;3.000000;6.000000;5.000000;10.000000;;15.000000;9.000000;18.000000;7.000000;21.000000;;;14.000000;;;8.000000;;17.000000;;;1.000000;;;;
M191;全部卡片;4.000000;2.000000;3.000000;6.000000;5.000000;10.000000;;15.000000;9.000000;18.000000;7.000000;21.000000;;;14.000000;;;8.000000;;17.000000;;;1.000000;;;;
M192;连接新手机;4.000000;2.000000;3.000000;6.000000;5.000000;10.000000;;15.000000;9.000000;18.000000;7.000000;21.000000;;;14.000000;;;8.000000;;17.000000;;;1.000000;;;;
M193;连接新手机;4.000000;2.000000;3.000000;6.000000;5.000000;10.000000;;15.000000;9.000000;18.000000;7.000000;21.000000;;;14.000000;;;8.000000;;17.000000;;;1.000000;;;;
M194;是否断开
已连接的手机？;4.000000;2.000000;3.000000;6.000000;5.000000;10.000000;;15.000000;9.000000;18.000000;7.000000;21.000000;;;14.000000;;;8.000000;;17.000000;;;1.000000;;;;
M195;Hello animation!;4.000000;2.000000;3.000000;6.000000;5.000000;10.000000;;15.000000;9.000000;18.000000;7.000000;21.000000;;;14.000000;;;8.000000;;17.000000;;;1.000000;;;;
M196;配对;4.000000;2.000000;3.000000;6.000000;5.000000;10.000000;;15.000000;9.000000;18.000000;7.000000;21.000000;;;14.000000;;;8.000000;;17.000000;;;1.000000;;;;
M197;请在手机上下载安装
杰理运动健康APP
添加设备：;4.000000;2.000000;3.000000;6.000000;5.000000;10.000000;;15.000000;9.000000;18.000000;7.000000;21.000000;;;14.000000;;;8.000000;;17.000000;;;1.000000;;;;
M198;点击扫码;4.000000;2.000000;3.000000;6.000000;5.000000;10.000000;;15.000000;9.000000;18.000000;7.000000;21.000000;;;14.000000;;;8.000000;;17.000000;;;1.000000;;;;
M199;电话;Telephone;電話;전화;Telefon;Téléphone;Teléfono;;Телефон;Telefone;โทรศัพท์;Telefono;الهاتف;;;Telefon;;;Telefoon;;טלפון;;;電話;;;;
M200;最近通话;Recent Calls;最近の通話;최근 통화;Jüngste Anrufe;Appels récents;Llamadas recientes;;Последние звонки;Chamada recente;โทรล่าสุด;Chiamate recenti;مكالمات حديثة;;;Ostatnie połączenia;;;Recente oproepen;;שיחות אחרונות;;;最近通話;;;;
M201;通讯录;Address Book;アドレス帳;주소록;Adressbuch;Le carnet d'adresses;Libreta de direcciones;;Контактная книга;Contatos;สมุดรายชื่อ;Rubrica indirizzo;دفتر العناوين;;;Książka adresowa;;;Adresboek;;פנקס כתובות;;;通訊錄;;;;
M202;拨号键盘;Dial keypad;ダイヤルキーボード;다이얼 키패드;Wähl tastatur;Clavier de numérotation;Teclado de marcación;;Клавиатура набора номера;Teclado de discagem;แป้นพิมพ์โทรออก;Quadrante per tastiera;لوحة مفاتيح الاتصال الهاتفي;;;Dial klawiatura;;;Toetsenbord wijzerplaat;;מקלדת חיוג;;;撥號鍵盤;;;;
M203;来电;Call;着信;전화;Anruf;Appel entrant;Llamada entrante;;Входящие звонки;Chamada;สายเรียกเข้า;Chiama;اتصل;;;Zadzwoń;;;Bel;;שיחה;;;來電;;;;
M204;暂无通讯录;No address book;アドレス帳がありません;주소록 없음;Kein Adressbuch;Pas de carnet d'adresses;Sin libreta de direcciones;;Нет адресной книги;Sem contatos;ไม่มีสมุดที่อยู่;Nessuna rubrica;لا يوجد دفتر عناوين;;;Brak książki adresowej;;;Geen adresboek;;אין פנקס כתובות;;;暫無通訊錄;;;;
M205;暂无最近通话;No recent calls;最近の通話はありません;최근 전화 없음;Keine letzten Anrufe;Pas d'appels récents;Sin llamadas recientes;;Нет недавних звонков;Nenhuma chamada recente;ไม่มีการโทรล่าสุด;Nessuna chiamata recente;لا توجد مكالمات حديثة;;;Brak ostatnich telefonów;;;Geen recente telefoontjes;;אין שיחות אחרונות;;;暫無最近通話;;;;
M206;正在呼叫...;Calling...;呼び出し中です… は...;전화...;Rufen Sie an...;En train d'appeler...;Llamando...;;Звоните...;A chamar...;กำลังโทร...;Chiamata...;... إتصل;;;Dzwonienie...;;;Bellen...;;קורא...;;;正在呼叫...;;;;
M207;通话已结束;4.000000;2.000000;3.000000;6.000000;5.000000;10.000000;;15.000000;9.000000;18.000000;7.000000;21.000000;;;14.000000;;;8.000000;;17.000000;;;1.000000;;;;
M208;当前状态;4.000000;2.000000;3.000000;6.000000;5.000000;10.000000;;15.000000;9.000000;18.000000;7.000000;21.000000;;;14.000000;;;8.000000;;17.000000;;;1.000000
M209;通知提醒;4.000000;2.000000;3.000000;6.000000;5.000000;10.000000;;15.000000;9.000000;18.000000;7.000000;21.000000;;;14.000000;;;8.000000;;17.000000;;;1.000000
M210;生理周期设置;4.000000;2.000000;3.000000;6.000000;5.000000;10.000000;;15.000000;9.000000;18.000000;7.000000;21.000000;;;14.000000;;;8.000000;;17.000000;;;1.000000
M211;通知提醒;4.000000;2.000000;3.000000;6.000000;5.000000;10.000000;;15.000000;9.000000;18.000000;7.000000;21.000000;;;14.000000;;;8.000000;;17.000000;;;1.000000
M212;提前;4.000000;2.000000;3.000000;6.000000;5.000000;10.000000;;15.000000;9.000000;18.000000;7.000000;21.000000;;;14.000000;;;8.000000;;17.000000;;;1.000000
M213;经期开始提醒;4.000000;2.000000;3.000000;6.000000;5.000000;10.000000;;15.000000;9.000000;18.000000;7.000000;21.000000;;;14.000000;;;8.000000;;17.000000;;;1.000000
M214;排卵日提醒;4.000000;2.000000;3.000000;6.000000;5.000000;10.000000;;15.000000;9.000000;18.000000;7.000000;21.000000;;;14.000000;;;8.000000;;17.000000;;;1.000000
M215;易孕期提醒;4.000000;2.000000;3.000000;6.000000;5.000000;10.000000;;15.000000;9.000000;18.000000;7.000000;21.000000;;;14.000000;;;8.000000;;17.000000;;;1.000000
M216;天;4.000000;2.000000;3.000000;6.000000;5.000000;10.000000;;15.000000;9.000000;18.000000;7.000000;21.000000;;;14.000000;;;8.000000;;17.000000;;;1.000000
M217;天;4.000000;2.000000;3.000000;6.000000;5.000000;10.000000;;15.000000;9.000000;18.000000;7.000000;21.000000;;;14.000000;;;8.000000;;17.000000;;;1.000000
M218;生理期智能预测;4.000000;2.000000;3.000000;6.000000;5.000000;10.000000;;15.000000;9.000000;18.000000;7.000000;21.000000;;;14.000000;;;8.000000;;17.000000;;;1.000000
M219;经期天数;4.000000;2.000000;3.000000;6.000000;5.000000;10.000000;;15.000000;9.000000;18.000000;7.000000;21.000000;;;14.000000;;;8.000000;;17.000000;;;1.000000
M220;生理期天数;4.000000;2.000000;3.000000;6.000000;5.000000;10.000000;;15.000000;9.000000;18.000000;7.000000;21.000000;;;14.000000;;;8.000000;;17.000000;;;1.000000
M221;经期开始时间;4.000000;2.000000;3.000000;6.000000;5.000000;10.000000;;15.000000;9.000000;18.000000;7.000000;21.000000;;;14.000000;;;8.000000;;17.000000;;;1.000000
M222;经期结束时间;4.000000;2.000000;3.000000;6.000000;5.000000;10.000000;;15.000000;9.000000;18.000000;7.000000;21.000000;;;14.000000;;;8.000000;;17.000000;;;1.000000
M223;最近一次经期开始时间;4.000000;2.000000;3.000000;6.000000;5.000000;10.000000;;15.000000;9.000000;18.000000;7.000000;21.000000;;;14.000000;;;8.000000;;17.000000;;;1.000000
M224;最近一次经期结束时间;4.000000;2.000000;3.000000;6.000000;5.000000;10.000000;;15.000000;9.000000;18.000000;7.000000;21.000000;;;14.000000;;;8.000000;;17.000000;;;1.000000
M225;两次经期相距天数;4.000000;2.000000;3.000000;6.000000;5.000000;10.000000;;15.000000;9.000000;18.000000;7.000000;21.000000;;;14.000000;;;8.000000;;17.000000;;;1.000000
M226;开始时间：;4.000000;2.000000;3.000000;6.000000;5.000000;10.000000;;15.000000;9.000000;18.000000;7.000000;21.000000;;;14.000000;;;8.000000;;17.000000;;;1.000000
M227;结束时间：;4.000000;2.000000;3.000000;6.000000;5.000000;10.000000;;15.000000;9.000000;18.000000;7.000000;21.000000;;;14.000000;;;8.000000;;17.000000;;;1.000000
M228;下一状态：;4.000000;2.000000;3.000000;6.000000;5.000000;10.000000;;15.000000;9.000000;18.000000;7.000000;21.000000;;;14.000000;;;8.000000;;17.000000;;;1.000000
M229;第;4.000000;2.000000;3.000000;6.000000;5.000000;10.000000;;15.000000;9.000000;18.000000;7.000000;21.000000;;;14.000000;;;8.000000;;17.000000;;;1.000000
M230;天;4.000000;2.000000;3.000000;6.000000;5.000000;10.000000;;15.000000;9.000000;18.000000;7.000000;21.000000;;;14.000000;;;8.000000;;17.000000;;;1.000000
M231;月经期;4.000000;2.000000;3.000000;6.000000;5.000000;10.000000;;15.000000;9.000000;18.000000;7.000000;21.000000;;;14.000000;;;8.000000;;17.000000;;;1.000000
M232;安全期;4.000000;2.000000;3.000000;6.000000;5.000000;10.000000;;15.000000;9.000000;18.000000;7.000000;21.000000;;;14.000000;;;8.000000;;17.000000;;;1.000000
M233;排卵期;4.000000;2.000000;3.000000;6.000000;5.000000;10.000000;;15.000000;9.000000;18.000000;7.000000;21.000000;;;14.000000;;;8.000000;;17.000000;;;1.000000
M234;易孕期;4.000000;2.000000;3.000000;6.000000;5.000000;10.000000;;15.000000;9.000000;18.000000;7.000000;21.000000;;;14.000000;;;8.000000;;17.000000;;;1.000000
M235;未开启;4.000000;2.000000;3.000000;6.000000;5.000000;10.000000;;15.000000;9.000000;18.000000;7.000000;21.000000;;;14.000000;;;8.000000;;17.000000;;;1.000000
M236;距离;4.000000;2.000000;3.000000;6.000000;5.000000;10.000000;;15.000000;9.000000;18.000000;7.000000;21.000000;;;14.000000;;;8.000000;;17.000000;;;1.000000
M237;还有;4.000000;2.000000;3.000000;6.000000;5.000000;10.000000;;15.000000;9.000000;18.000000;7.000000;21.000000;;;14.000000;;;8.000000;;17.000000;;;1.000000
M238;我知道了;4.000000;2.000000;3.000000;6.000000;5.000000;10.000000;;15.000000;9.000000;18.000000;7.000000;21.000000;;;14.000000;;;8.000000;;17.000000;;;1.000000
M239;室内跑步;4.000000;2.000000;3.000000;6.000000;5.000000;10.000000;;15.000000;9.000000;18.000000;7.000000;21.000000;;;14.000000;;;8.000000;;17.000000;;;1.000000
M240;室内骑行;4.000000;2.000000;3.000000;6.000000;5.000000;10.000000;;15.000000;9.000000;18.000000;7.000000;21.000000;;;14.000000;;;8.000000;;17.000000;;;1.000000
M241;力量训练;4.000000;2.000000;3.000000;6.000000;5.000000;10.000000;;15.000000;9.000000;18.000000;7.000000;21.000000;;;14.000000;;;8.000000;;17.000000;;;1.000000
M242;仰卧起坐;4.000000;2.000000;3.000000;6.000000;5.000000;10.000000;;15.000000;9.000000;18.000000;7.000000;21.000000;;;14.000000;;;8.000000;;17.000000;;;1.000000
M243;俯卧撑;4.000000;2.000000;3.000000;6.000000;5.000000;10.000000;;15.000000;9.000000;18.000000;7.000000;21.000000;;;14.000000;;;8.000000;;17.000000;;;1.000000
M244;有氧运动;4.000000;2.000000;3.000000;6.000000;5.000000;10.000000;;15.000000;9.000000;18.000000;7.000000;21.000000;;;14.000000;;;8.000000;;17.000000;;;1.000000
M245;健身操;4.000000;2.000000;3.000000;6.000000;5.000000;10.000000;;15.000000;9.000000;18.000000;7.000000;21.000000;;;14.000000;;;8.000000;;17.000000;;;1.000000
M246;瑜伽;4.000000;2.000000;3.000000;6.000000;5.000000;10.000000;;15.000000;9.000000;18.000000;7.000000;21.000000;;;14.000000;;;8.000000;;17.000000;;;1.000000
M247;跳舞;4.000000;2.000000;3.000000;6.000000;5.000000;10.000000;;15.000000;9.000000;18.000000;7.000000;21.000000;;;14.000000;;;8.000000;;17.000000;;;1.000000
M248;跳绳;4.000000;2.000000;3.000000;6.000000;5.000000;10.000000;;15.000000;9.000000;18.000000;7.000000;21.000000;;;14.000000;;;8.000000;;17.000000;;;1.000000
M249;泳池游泳;4.000000;2.000000;3.000000;6.000000;5.000000;10.000000;;15.000000;9.000000;18.000000;7.000000;21.000000;;;14.000000;;;8.000000;;17.000000;;;1.000000
M250;自由活动;4.000000;2.000000;3.000000;6.000000;5.000000;10.000000;;15.000000;9.000000;18.000000;7.000000;21.000000;;;14.000000;;;8.000000;;17.000000;;;1.000000
M251;室内运动;4.000000;2.000000;3.000000;6.000000;5.000000;10.000000;;15.000000;9.000000;18.000000;7.000000;21.000000;;;14.000000;;;8.000000;;17.000000;;;1.000000
M252;户外运动;4.000000;2.000000;3.000000;6.000000;5.000000;10.000000;;15.000000;9.000000;18.000000;7.000000;21.000000;;;14.000000;;;8.000000;;17.000000;;;1.000000
M253;健走;4.000000;2.000000;3.000000;6.000000;5.000000;10.000000;;15.000000;9.000000;18.000000;7.000000;21.000000;;;14.000000;;;8.000000;;17.000000;;;1.000000
M254;跑步;4.000000;2.000000;3.000000;6.000000;5.000000;10.000000;;15.000000;9.000000;18.000000;7.000000;21.000000;;;14.000000;;;8.000000;;17.000000;;;1.000000
M255;骑行;4.000000;2.000000;3.000000;6.000000;5.000000;10.000000;;15.000000;9.000000;18.000000;7.000000;21.000000;;;14.000000;;;8.000000;;17.000000;;;1.000000
M256;登山;4.000000;2.000000;3.000000;6.000000;5.000000;10.000000;;15.000000;9.000000;18.000000;7.000000;21.000000;;;14.000000;;;8.000000;;17.000000;;;1.000000
M257;排球;4.000000;2.000000;3.000000;6.000000;5.000000;10.000000;;15.000000;9.000000;18.000000;7.000000;21.000000;;;14.000000;;;8.000000;;17.000000;;;1.000000
M258;羽毛球;4.000000;2.000000;3.000000;6.000000;5.000000;10.000000;;15.000000;9.000000;18.000000;7.000000;21.000000;;;14.000000;;;8.000000;;17.000000;;;1.000000
M259;滑雪;4.000000;2.000000;3.000000;6.000000;5.000000;10.000000;;15.000000;9.000000;18.000000;7.000000;21.000000;;;14.000000;;;8.000000;;17.000000;;;1.000000
M260;速度滑冰;4.000000;2.000000;3.000000;6.000000;5.000000;10.000000;;15.000000;9.000000;18.000000;7.000000;21.000000;;;14.000000;;;8.000000;;17.000000;;;1.000000
M261;bpm;4.000000;2.000000;3.000000;6.000000;5.000000;10.000000;;15.000000;9.000000;18.000000;7.000000;21.000000;;;14.000000;;;8.000000;;17.000000;;;1.000000
M262;kcal;4.000000;2.000000;3.000000;6.000000;5.000000;10.000000;;15.000000;9.000000;18.000000;7.000000;21.000000;;;14.000000;;;8.000000;;17.000000;;;1.000000
M263;km;4.000000;2.000000;3.000000;6.000000;5.000000;10.000000;;15.000000;9.000000;18.000000;7.000000;21.000000;;;14.000000;;;8.000000;;17.000000;;;1.000000
M264;steps;4.000000;2.000000;3.000000;6.000000;5.000000;10.000000;;15.000000;9.000000;18.000000;7.000000;21.000000;;;14.000000;;;8.000000;;17.000000;;;1.000000
M265;距离;4.000000;2.000000;3.000000;6.000000;5.000000;10.000000;;15.000000;9.000000;18.000000;7.000000;21.000000;;;14.000000;;;8.000000;;17.000000;;;1.000000
M266;时间;4.000000;2.000000;3.000000;6.000000;5.000000;10.000000;;15.000000;9.000000;18.000000;7.000000;21.000000;;;14.000000;;;8.000000;;17.000000;;;1.000000
M267;热量;4.000000;2.000000;3.000000;6.000000;5.000000;10.000000;;15.000000;9.000000;18.000000;7.000000;21.000000;;;14.000000;;;8.000000;;17.000000;;;1.000000
M268;设定目标;4.000000;2.000000;3.000000;6.000000;5.000000;10.000000;;15.000000;9.000000;18.000000;7.000000;21.000000;;;14.000000;;;8.000000;;17.000000;;;1.000000
M269;总时长;4.000000;2.000000;3.000000;6.000000;5.000000;10.000000;;15.000000;9.000000;18.000000;7.000000;21.000000;;;14.000000;;;8.000000;;17.000000;;;1.000000
M270;距离(km);4.000000;2.000000;3.000000;6.000000;5.000000;10.000000;;15.000000;9.000000;18.000000;7.000000;21.000000;;;14.000000;;;8.000000;;17.000000;;;1.000000
M271;消耗(千卡);4.000000;2.000000;3.000000;6.000000;5.000000;10.000000;;15.000000;9.000000;18.000000;7.000000;21.000000;;;14.000000;;;8.000000;;17.000000;;;1.000000
M272;平均心率(次/分);4.000000;2.000000;3.000000;6.000000;5.000000;10.000000;;15.000000;9.000000;18.000000;7.000000;21.000000;;;14.000000;;;8.000000;;17.000000;;;1.000000
M273;心率范围(次/分);4.000000;2.000000;3.000000;6.000000;5.000000;10.000000;;15.000000;9.000000;18.000000;7.000000;21.000000;;;14.000000;;;8.000000;;17.000000;;;1.000000
M274;平均配速(/km);4.000000;2.000000;3.000000;6.000000;5.000000;10.000000;;15.000000;9.000000;18.000000;7.000000;21.000000;;;14.000000;;;8.000000;;17.000000;;;1.000000
M275;Min;4.000000;2.000000;3.000000;6.000000;5.000000;10.000000;;15.000000;9.000000;18.000000;7.000000;21.000000;;;14.000000;;;8.000000;;17.000000;;;1.000000
M276;KM;4.000000;2.000000;3.000000;6.000000;5.000000;10.000000;;15.000000;9.000000;18.000000;7.000000;21.000000;;;14.000000;;;8.000000;;17.000000;;;1.000000
M277;Kcal;4.000000;2.000000;3.000000;6.000000;5.000000;10.000000;;15.000000;9.000000;18.000000;7.000000;21.000000;;;14.000000;;;8.000000;;17.000000;;;1.000000
M278;确定;4.000000;2.000000;3.000000;6.000000;5.000000;10.000000;;15.000000;9.000000;18.000000;7.000000;21.000000;;;14.000000;;;8.000000;;17.000000;;;1.000000
M279;step;4.000000;2.000000;3.000000;6.000000;5.000000;10.000000;;15.000000;9.000000;18.000000;7.000000;21.000000;;;14.000000;;;8.000000;;17.000000;;;1.000000
M280;kcal;4.000000;2.000000;3.000000;6.000000;5.000000;10.000000;;15.000000;9.000000;18.000000;7.000000;21.000000;;;14.000000;;;8.000000;;17.000000;;;1.000000
M281;km;4.000000;2.000000;3.000000;6.000000;5.000000;10.000000;;15.000000;9.000000;18.000000;7.000000;21.000000;;;14.000000;;;8.000000;;17.000000;;;1.000000
M282;运动数据;4.000000;2.000000;3.000000;6.000000;5.000000;10.000000;;15.000000;9.000000;18.000000;7.000000;21.000000;;;14.000000;;;8.000000;;17.000000;;;1.000000
M283;mets;4.000000;2.000000;3.000000;6.000000;5.000000;10.000000;;15.000000;9.000000;18.000000;7.000000;21.000000;;;14.000000;;;8.000000;;17.000000;;;1.000000
M284;心率;4.000000;2.000000;3.000000;6.000000;5.000000;10.000000;;15.000000;9.000000;18.000000;7.000000;21.000000;;;14.000000;;;8.000000;;17.000000;;;1.000000
M285;次/分;4.000000;2.000000;3.000000;6.000000;5.000000;10.000000;;15.000000;9.000000;18.000000;7.000000;21.000000;;;14.000000;;;8.000000;;17.000000;;;1.000000
M286;心率区间;4.000000;2.000000;3.000000;6.000000;5.000000;10.000000;;15.000000;9.000000;18.000000;7.000000;21.000000;;;14.000000;;;8.000000;;17.000000;;;1.000000
M287;心肺强化;4.000000;2.000000;3.000000;6.000000;5.000000;10.000000;;15.000000;9.000000;18.000000;7.000000;21.000000;;;14.000000;;;8.000000;;17.000000;;;1.000000
M288;全天心率数据;4.000000;2.000000;3.000000;6.000000;5.000000;10.000000;;15.000000;9.000000;18.000000;7.000000;21.000000;;;14.000000;;;8.000000;;17.000000;;;1.000000
M289;00:00;4.000000;2.000000;3.000000;6.000000;5.000000;10.000000;;15.000000;9.000000;18.000000;7.000000;21.000000;;;14.000000;;;8.000000;;17.000000;;;1.000000
M290;12:00;4.000000;2.000000;3.000000;6.000000;5.000000;10.000000;;15.000000;9.000000;18.000000;7.000000;21.000000;;;14.000000;;;8.000000;;17.000000;;;1.000000
M291;24:00;4.000000;2.000000;3.000000;6.000000;5.000000;10.000000;;15.000000;9.000000;18.000000;7.000000;21.000000;;;14.000000;;;8.000000;;17.000000;;;1.000000
M292;平均心率;4.000000;2.000000;3.000000;6.000000;5.000000;10.000000;;15.000000;9.000000;18.000000;7.000000;21.000000;;;14.000000;;;8.000000;;17.000000;;;1.000000
M293;次/分;4.000000;2.000000;3.000000;6.000000;5.000000;10.000000;;15.000000;9.000000;18.000000;7.000000;21.000000;;;14.000000;;;8.000000;;17.000000;;;1.000000
M294;100;4.000000;2.000000;3.000000;6.000000;5.000000;10.000000;;15.000000;9.000000;18.000000;7.000000;21.000000;;;14.000000;;;8.000000;;17.000000;;;1.000000
M295;80;4.000000;2.000000;3.000000;6.000000;5.000000;10.000000;;15.000000;9.000000;18.000000;7.000000;21.000000;;;14.000000;;;8.000000;;17.000000;;;1.000000
M296;60;4.000000;2.000000;3.000000;6.000000;5.000000;10.000000;;15.000000;9.000000;18.000000;7.000000;21.000000;;;14.000000;;;8.000000;;17.000000;;;1.000000
M297;S;4.000000;2.000000;3.000000;6.000000;5.000000;10.000000;;15.000000;9.000000;18.000000;7.000000;21.000000;;;14.000000;;;8.000000;;17.000000;;;1.000000
M298;M;4.000000;2.000000;3.000000;6.000000;5.000000;10.000000;;15.000000;9.000000;18.000000;7.000000;21.000000;;;14.000000;;;8.000000;;17.000000;;;1.000000
M299;T;4.000000;2.000000;3.000000;6.000000;5.000000;10.000000;;15.000000;9.000000;18.000000;7.000000;21.000000;;;14.000000;;;8.000000;;17.000000;;;1.000000
M300;W;4.000000;2.000000;3.000000;6.000000;5.000000;10.000000;;15.000000;9.000000;18.000000;7.000000;21.000000;;;14.000000;;;8.000000;;17.000000;;;1.000000
M301;T;4.000000;2.000000;3.000000;6.000000;5.000000;10.000000;;15.000000;9.000000;18.000000;7.000000;21.000000;;;14.000000;;;8.000000;;17.000000;;;1.000000
M302;F;4.000000;2.000000;3.000000;6.000000;5.000000;10.000000;;15.000000;9.000000;18.000000;7.000000;21.000000;;;14.000000;;;8.000000;;17.000000;;;1.000000
M303;S;4.000000;2.000000;3.000000;6.000000;5.000000;10.000000;;15.000000;9.000000;18.000000;7.000000;21.000000;;;14.000000;;;8.000000;;17.000000;;;1.000000
M304;血氧;4.000000;2.000000;3.000000;6.000000;5.000000;10.000000;;15.000000;9.000000;18.000000;7.000000;21.000000;;;14.000000;;;8.000000;;17.000000;;;1.000000
M305;血氧正常区间;4.000000;2.000000;3.000000;6.000000;5.000000;10.000000;;15.000000;9.000000;18.000000;7.000000;21.000000;;;14.000000;;;8.000000;;17.000000;;;1.000000
M306;血氧：96%~99%;4.000000;2.000000;3.000000;6.000000;5.000000;10.000000;;15.000000;9.000000;18.000000;7.000000;21.000000;;;14.000000;;;8.000000;;17.000000;;;1.000000
M307;最近七次血氧数据;4.000000;2.000000;3.000000;6.000000;5.000000;10.000000;;15.000000;9.000000;18.000000;7.000000;21.000000;;;14.000000;;;8.000000;;17.000000;;;1.000000
M308;100;4.000000;2.000000;3.000000;6.000000;5.000000;10.000000;;15.000000;9.000000;18.000000;7.000000;21.000000;;;14.000000;;;8.000000;;17.000000;;;1.000000
M309;95;4.000000;2.000000;3.000000;6.000000;5.000000;10.000000;;15.000000;9.000000;18.000000;7.000000;21.000000;;;14.000000;;;8.000000;;17.000000;;;1.000000
M310;90;4.000000;2.000000;3.000000;6.000000;5.000000;10.000000;;15.000000;9.000000;18.000000;7.000000;21.000000;;;14.000000;;;8.000000;;17.000000;;;1.000000
M311;1;4.000000;2.000000;3.000000;6.000000;5.000000;10.000000;;15.000000;9.000000;18.000000;7.000000;21.000000;;;14.000000;;;8.000000;;17.000000;;;1.000000
M312;2;4.000000;2.000000;3.000000;6.000000;5.000000;10.000000;;15.000000;9.000000;18.000000;7.000000;21.000000;;;14.000000;;;8.000000;;17.000000;;;1.000000
M313;3;4.000000;2.000000;3.000000;6.000000;5.000000;10.000000;;15.000000;9.000000;18.000000;7.000000;21.000000;;;14.000000;;;8.000000;;17.000000;;;1.000000
M314;4;4.000000;2.000000;3.000000;6.000000;5.000000;10.000000;;15.000000;9.000000;18.000000;7.000000;21.000000;;;14.000000;;;8.000000;;17.000000;;;1.000000
M315;5;4.000000;2.000000;3.000000;6.000000;5.000000;10.000000;;15.000000;9.000000;18.000000;7.000000;21.000000;;;14.000000;;;8.000000;;17.000000;;;1.000000
M316;6;4.000000;2.000000;3.000000;6.000000;5.000000;10.000000;;15.000000;9.000000;18.000000;7.000000;21.000000;;;14.000000;;;8.000000;;17.000000;;;1.000000
M317;7;4.000000;2.000000;3.000000;6.000000;5.000000;10.000000;;15.000000;9.000000;18.000000;7.000000;21.000000;;;14.000000;;;8.000000;;17.000000;;;1.000000
M318;夜跑灯;4.000000;2.000000;3.000000;6.000000;5.000000;10.000000;;15.000000;9.000000;18.000000;7.000000;21.000000;;;14.000000;;;8.000000;;17.000000;;;1.000000
M319;夜跑灯;4.000000;2.000000;3.000000;6.000000;5.000000;10.000000;;15.000000;9.000000;18.000000;7.000000;21.000000;;;14.000000;;;8.000000;;17.000000;;;1.000000
M320;助眠;4.000000;2.000000;3.000000;6.000000;5.000000;10.000000;;15.000000;9.000000;18.000000;7.000000;21.000000;;;14.000000;;;8.000000;;17.000000;;;1.000000
M321;助眠;4.000000;2.000000;3.000000;6.000000;5.000000;10.000000;;15.000000;9.000000;18.000000;7.000000;21.000000;;;14.000000;;;8.000000;;17.000000;;;1.000000
M322;睡眠;4.000000;2.000000;3.000000;6.000000;5.000000;10.000000;;15.000000;9.000000;18.000000;7.000000;21.000000;;;14.000000;;;8.000000;;17.000000;;;1.000000
M323;正在测量...;4.000000;2.000000;3.000000;6.000000;5.000000;10.000000;;15.000000;9.000000;18.000000;7.000000;21.000000;;;14.000000;;;8.000000;;17.000000;;;1.000000
M324;时;4.000000;2.000000;3.000000;6.000000;5.000000;10.000000;;15.000000;9.000000;18.000000;7.000000;21.000000;;;14.000000;;;8.000000;;17.000000;;;1.000000
M325;分;4.000000;2.000000;3.000000;6.000000;5.000000;10.000000;;15.000000;9.000000;18.000000;7.000000;21.000000;;;14.000000;;;8.000000;;17.000000;;;1.000000
M326;全天睡眠数据;4.000000;2.000000;3.000000;6.000000;5.000000;10.000000;;15.000000;9.000000;18.000000;7.000000;21.000000;;;14.000000;;;8.000000;;17.000000;;;1.000000
M327;平均睡眠;4.000000;2.000000;3.000000;6.000000;5.000000;10.000000;;15.000000;9.000000;18.000000;7.000000;21.000000;;;14.000000;;;8.000000;;17.000000;;;1.000000
M328;12;4.000000;2.000000;3.000000;6.000000;5.000000;10.000000;;15.000000;9.000000;18.000000;7.000000;21.000000;;;14.000000;;;8.000000;;17.000000;;;1.000000
M329;6;4.000000;2.000000;3.000000;6.000000;5.000000;10.000000;;15.000000;9.000000;18.000000;7.000000;21.000000;;;14.000000;;;8.000000;;17.000000;;;1.000000
M330;0;4.000000;2.000000;3.000000;6.000000;5.000000;10.000000;;15.000000;9.000000;18.000000;7.000000;21.000000;;;14.000000;;;8.000000;;17.000000;;;1.000000
M331;开启时长;4.000000;2.000000;3.000000;6.000000;5.000000;10.000000;;15.000000;9.000000;18.000000;7.000000;21.000000;;;14.000000;;;8.000000;;17.000000;;;1.000000
M332;15;4.000000;2.000000;3.000000;6.000000;5.000000;10.000000;;15.000000;9.000000;18.000000;7.000000;21.000000;;;14.000000;;;8.000000;;17.000000;;;1.000000
M333;30;4.000000;2.000000;3.000000;6.000000;5.000000;10.000000;;15.000000;9.000000;18.000000;7.000000;21.000000;;;14.000000;;;8.000000;;17.000000;;;1.000000
M334;60;4.000000;2.000000;3.000000;6.000000;5.000000;10.000000;;15.000000;9.000000;18.000000;7.000000;21.000000;;;14.000000;;;8.000000;;17.000000;;;1.000000
M335;Min;4.000000;2.000000;3.000000;6.000000;5.000000;10.000000;;15.000000;9.000000;18.000000;7.000000;21.000000;;;14.000000;;;8.000000;;17.000000;;;1.000000
M336;15;4.000000;2.000000;3.000000;6.000000;5.000000;10.000000;;15.000000;9.000000;18.000000;7.000000;21.000000;;;14.000000;;;8.000000;;17.000000;;;1.000000
M337;30;4.000000;2.000000;3.000000;6.000000;5.000000;10.000000;;15.000000;9.000000;18.000000;7.000000;21.000000;;;14.000000;;;8.000000;;17.000000;;;1.000000
M338;60;4.000000;2.000000;3.000000;6.000000;5.000000;10.000000;;15.000000;9.000000;18.000000;7.000000;21.000000;;;14.000000;;;8.000000;;17.000000;;;1.000000
M339;确定;4.000000;2.000000;3.000000;6.000000;5.000000;10.000000;;15.000000;9.000000;18.000000;7.000000;21.000000;;;14.000000;;;8.000000;;17.000000;;;1.000000
M340;音乐列表;4.000000;2.000000;3.000000;6.000000;5.000000;10.000000;;15.000000;9.000000;18.000000;7.000000;21.000000;;;14.000000;;;8.000000;;17.000000;;;1.000000
M341;呼吸训练;4.000000;2.000000;3.000000;6.000000;5.000000;10.000000;;15.000000;9.000000;18.000000;7.000000;21.000000;;;14.000000;;;8.000000;;17.000000;;;1.000000
M342;呼吸训练;4.000000;2.000000;3.000000;6.000000;5.000000;10.000000;;15.000000;9.000000;18.000000;7.000000;21.000000;;;14.000000;;;8.000000;;17.000000;;;1.000000
M343;呼吸时长;4.000000;2.000000;3.000000;6.000000;5.000000;10.000000;;15.000000;9.000000;18.000000;7.000000;21.000000;;;14.000000;;;8.000000;;17.000000;;;1.000000
M344;呼吸节奏;4.000000;2.000000;3.000000;6.000000;5.000000;10.000000;;15.000000;9.000000;18.000000;7.000000;21.000000;;;14.000000;;;8.000000;;17.000000;;;1.000000
M345;稍快;4.000000;2.000000;3.000000;6.000000;5.000000;10.000000;;15.000000;9.000000;18.000000;7.000000;21.000000;;;14.000000;;;8.000000;;17.000000;;;1.000000
M346;舒缓;4.000000;2.000000;3.000000;6.000000;5.000000;10.000000;;15.000000;9.000000;18.000000;7.000000;21.000000;;;14.000000;;;8.000000;;17.000000;;;1.000000
M347;缓慢;4.000000;2.000000;3.000000;6.000000;5.000000;10.000000;;15.000000;9.000000;18.000000;7.000000;21.000000;;;14.000000;;;8.000000;;17.000000;;;1.000000
M348;呼气;4.000000;2.000000;3.000000;6.000000;5.000000;10.000000;;15.000000;9.000000;18.000000;7.000000;21.000000;;;14.000000;;;8.000000;;17.000000;;;1.000000
M349;吸气;4.000000;2.000000;3.000000;6.000000;5.000000;10.000000;;15.000000;9.000000;18.000000;7.000000;21.000000;;;14.000000;;;8.000000;;17.000000;;;1.000000
M350;太棒了!;4.000000;2.000000;3.000000;6.000000;5.000000;10.000000;;15.000000;9.000000;18.000000;7.000000;21.000000;;;14.000000;;;8.000000;;17.000000;;;1.000000
M351;次/分;4.000000;2.000000;3.000000;6.000000;5.000000;10.000000;;15.000000;9.000000;18.000000;7.000000;21.000000;;;14.000000;;;8.000000;;17.000000;;;1.000000
M352;完成;4.000000;2.000000;3.000000;6.000000;5.000000;10.000000;;15.000000;9.000000;18.000000;7.000000;21.000000;;;14.000000;;;8.000000;;17.000000;;;1.000000
M353;1;4.000000;2.000000;3.000000;6.000000;5.000000;10.000000;;15.000000;9.000000;18.000000;7.000000;21.000000;;;14.000000;;;8.000000;;17.000000;;;1.000000
M354;2;4.000000;2.000000;3.000000;6.000000;5.000000;10.000000;;15.000000;9.000000;18.000000;7.000000;21.000000;;;14.000000;;;8.000000;;17.000000;;;1.000000
M355;3;4.000000;2.000000;3.000000;6.000000;5.000000;10.000000;;15.000000;9.000000;18.000000;7.000000;21.000000;;;14.000000;;;8.000000;;17.000000;;;1.000000
M356;01:00;4.000000;2.000000;3.000000;6.000000;5.000000;10.000000;;15.000000;9.000000;18.000000;7.000000;21.000000;;;14.000000;;;8.000000;;17.000000;;;1.000000
M357;02:00;4.000000;2.000000;3.000000;6.000000;5.000000;10.000000;;15.000000;9.000000;18.000000;7.000000;21.000000;;;14.000000;;;8.000000;;17.000000;;;1.000000
M358;03:00;4.000000;2.000000;3.000000;6.000000;5.000000;10.000000;;15.000000;9.000000;18.000000;7.000000;21.000000;;;14.000000;;;8.000000;;17.000000;;;1.000000
M359;完成;4.000000;2.000000;3.000000;6.000000;5.000000;10.000000;;15.000000;9.000000;18.000000;7.000000;21.000000;;;14.000000;;;8.000000;;17.000000;;;1.000000
M360;血压;4.000000;2.000000;3.000000;6.000000;5.000000;10.000000;;15.000000;9.000000;18.000000;7.000000;21.000000;;;14.000000;;;8.000000;;17.000000;;;1.000000
M361;血压;4.000000;2.000000;3.000000;6.000000;5.000000;10.000000;;15.000000;9.000000;18.000000;7.000000;21.000000;;;14.000000;;;8.000000;;17.000000;;;1.000000
M362;mmgh;4.000000;2.000000;3.000000;6.000000;5.000000;10.000000;;15.000000;9.000000;18.000000;7.000000;21.000000;;;14.000000;;;8.000000;;17.000000;;;1.000000
M363;血压正常区间;4.000000;2.000000;3.000000;6.000000;5.000000;10.000000;;15.000000;9.000000;18.000000;7.000000;21.000000;;;14.000000;;;8.000000;;17.000000;;;1.000000
M364;收缩压:90~140毫米汞柱;4.000000;2.000000;3.000000;6.000000;5.000000;10.000000;;15.000000;9.000000;18.000000;7.000000;21.000000;;;14.000000;;;8.000000;;17.000000;;;1.000000
M365;舒张压:60~90毫米汞柱;4.000000;2.000000;3.000000;6.000000;5.000000;10.000000;;15.000000;9.000000;18.000000;7.000000;21.000000;;;14.000000;;;8.000000;;17.000000;;;1.000000
M366;最近七次血压数据;4.000000;2.000000;3.000000;6.000000;5.000000;10.000000;;15.000000;9.000000;18.000000;7.000000;21.000000;;;14.000000;;;8.000000;;17.000000;;;1.000000
M367;平均血压;4.000000;2.000000;3.000000;6.000000;5.000000;10.000000;;15.000000;9.000000;18.000000;7.000000;21.000000;;;14.000000;;;8.000000;;17.000000;;;1.000000
M368;mmHg;4.000000;2.000000;3.000000;6.000000;5.000000;10.000000;;15.000000;9.000000;18.000000;7.000000;21.000000;;;14.000000;;;8.000000;;17.000000;;;1.000000;;;;
M369;140;4.000000;2.000000;3.000000;6.000000;5.000000;10.000000;;15.000000;9.000000;18.000000;7.000000;21.000000;;;14.000000;;;8.000000;;17.000000;;;1.000000;;;;
M370;100;4.000000;2.000000;3.000000;6.000000;5.000000;10.000000;;15.000000;9.000000;18.000000;7.000000;21.000000;;;14.000000;;;8.000000;;17.000000;;;1.000000;;;;
M371;60;4.000000;2.000000;3.000000;6.000000;5.000000;10.000000;;15.000000;9.000000;18.000000;7.000000;21.000000;;;14.000000;;;8.000000;;17.000000;;;1.000000;;;;
M372;压力;4.000000;2.000000;3.000000;6.000000;5.000000;10.000000;;15.000000;9.000000;18.000000;7.000000;21.000000;;;14.000000;;;8.000000;;17.000000;;;1.000000;;;;
M373;海拔气压计;4.000000;2.000000;3.000000;6.000000;5.000000;10.000000;;15.000000;9.000000;18.000000;7.000000;21.000000;;;14.000000;;;8.000000;;17.000000;;;1.000000;;;;
M374;气压计;4.000000;2.000000;3.000000;6.000000;5.000000;10.000000;;15.000000;9.000000;18.000000;7.000000;21.000000;;;14.000000;;;8.000000;;17.000000;;;1.000000;;;;
M375;高度计;4.000000;2.000000;3.000000;6.000000;5.000000;10.000000;;15.000000;9.000000;18.000000;7.000000;21.000000;;;14.000000;;;8.000000;;17.000000;;;1.000000;;;;
M376;百帕;4.000000;2.000000;3.000000;6.000000;5.000000;10.000000;;15.000000;9.000000;18.000000;7.000000;21.000000;;;14.000000;;;8.000000;;17.000000;;;1.000000;;;;
M377;英寸;4.000000;2.000000;3.000000;6.000000;5.000000;10.000000;;15.000000;9.000000;18.000000;7.000000;21.000000;;;14.000000;;;8.000000;;17.000000;;;1.000000;;;;
M378;拍照;Take pictures;写真を撮る;사진 찍기;Fotografieren;Prendre des photos;Toma una foto;;Сфотографируйте;Tire fotos;ถ่ายรูป;Scatta foto;التقاط الصور;;;Rób zdjęcia;;;Maak foto's;;לצלם תמונות;;;拍照;;;;
M379;遥控拍照;Remote control photo;リモコン撮影;원격 제어 사진;Fernbedienungs-Kamera;Prenez des photos à distance;Foto con control remoto;;Пульт дистанционного управления для фотографирования;Tire fotos remotamente;กล้องควบคุมระยะไกล;Foto del telecomando;التقاط الصور عن بعد;;;Zdalne sterowanie zdjęciem;;;Afstandsbediening foto;;תמונת שלט רחוק;;;遙控拍照;;;;
M380;请连接手机;4.000000;2.000000;3.000000;6.000000;5.000000;10.000000;;15.000000;9.000000;18.000000;7.000000;21.000000;;;14.000000;;;8.000000;;17.000000;;;1.000000;;;;
M381;稍后提醒;4.000000;2.000000;3.000000;6.000000;5.000000;10.000000;;15.000000;9.000000;18.000000;7.000000;21.000000;;;14.000000;;;8.000000;;17.000000;;;1.000000;;;;
M382;关闭;4.000000;2.000000;3.000000;6.000000;5.000000;10.000000;;15.000000;9.000000;18.000000;7.000000;21.000000;;;14.000000;;;8.000000;;17.000000;;;1.000000;;;;
M383;闹钟;4.000000;2.000000;3.000000;6.000000;5.000000;10.000000;;15.000000;9.000000;18.000000;7.000000;21.000000;;;14.000000;;;8.000000;;17.000000;;;1.000000;;;;
M384;天气;4.000000;2.000000;3.000000;6.000000;5.000000;10.000000;;15.000000;9.000000;18.000000;7.000000;21.000000;;;14.000000;;;8.000000;;17.000000;;;1.000000
M385;湿度;4.000000;2.000000;3.000000;6.000000;5.000000;10.000000;;15.000000;9.000000;18.000000;7.000000;21.000000;;;14.000000;;;8.000000;;17.000000;;;1.000000
M386;风向;4.000000;2.000000;3.000000;6.000000;5.000000;10.000000;;15.000000;9.000000;18.000000;7.000000;21.000000;;;14.000000;;;8.000000;;17.000000;;;1.000000
M387;风力;4.000000;2.000000;3.000000;6.000000;5.000000;10.000000;;15.000000;9.000000;18.000000;7.000000;21.000000;;;14.000000;;;8.000000;;17.000000;;;1.000000
M388;级;4.000000;2.000000;3.000000;6.000000;5.000000;10.000000;;15.000000;9.000000;18.000000;7.000000;21.000000;;;14.000000;;;8.000000;;17.000000;;;1.000000
M389;无风向;4.000000;2.000000;3.000000;6.000000;5.000000;10.000000;;15.000000;9.000000;18.000000;7.000000;21.000000;;;14.000000;;;8.000000;;17.000000;;;1.000000
M390;东;4.000000;2.000000;3.000000;6.000000;5.000000;10.000000;;15.000000;9.000000;18.000000;7.000000;21.000000;;;14.000000;;;8.000000;;17.000000;;;1.000000
M391;南;4.000000;2.000000;3.000000;6.000000;5.000000;10.000000;;15.000000;9.000000;18.000000;7.000000;21.000000;;;14.000000;;;8.000000;;17.000000;;;1.000000
M392;西;4.000000;2.000000;3.000000;6.000000;5.000000;10.000000;;15.000000;9.000000;18.000000;7.000000;21.000000;;;14.000000;;;8.000000;;17.000000;;;1.000000
M393;北;4.000000;2.000000;3.000000;6.000000;5.000000;10.000000;;15.000000;9.000000;18.000000;7.000000;21.000000;;;14.000000;;;8.000000;;17.000000;;;1.000000
M394;东南;4.000000;2.000000;3.000000;6.000000;5.000000;10.000000;;15.000000;9.000000;18.000000;7.000000;21.000000;;;14.000000;;;8.000000;;17.000000;;;1.000000
M395;东北;4.000000;2.000000;3.000000;6.000000;5.000000;10.000000;;15.000000;9.000000;18.000000;7.000000;21.000000;;;14.000000;;;8.000000;;17.000000;;;1.000000
M396;西北;4.000000;2.000000;3.000000;6.000000;5.000000;10.000000;;15.000000;9.000000;18.000000;7.000000;21.000000;;;14.000000;;;8.000000;;17.000000;;;1.000000
M397;西南;4.000000;2.000000;3.000000;6.000000;5.000000;10.000000;;15.000000;9.000000;18.000000;7.000000;21.000000;;;14.000000;;;8.000000;;17.000000;;;1.000000
M398;旋转不定;4.000000;2.000000;3.000000;6.000000;5.000000;10.000000;;15.000000;9.000000;18.000000;7.000000;21.000000;;;14.000000;;;8.000000;;17.000000;;;1.000000
M399;晴;4.000000;2.000000;3.000000;6.000000;5.000000;10.000000;;15.000000;9.000000;18.000000;7.000000;21.000000;;;14.000000;;;8.000000;;17.000000;;;1.000000
M400;少云;4.000000;2.000000;3.000000;6.000000;5.000000;10.000000;;15.000000;9.000000;18.000000;7.000000;21.000000;;;14.000000;;;8.000000;;17.000000;;;1.000000
M401;晴间多云;4.000000;2.000000;3.000000;6.000000;5.000000;10.000000;;15.000000;9.000000;18.000000;7.000000;21.000000;;;14.000000;;;8.000000;;17.000000;;;1.000000
M402;多云;4.000000;2.000000;3.000000;6.000000;5.000000;10.000000;;15.000000;9.000000;18.000000;7.000000;21.000000;;;14.000000;;;8.000000;;17.000000;;;1.000000
M403;阴;4.000000;2.000000;3.000000;6.000000;5.000000;10.000000;;15.000000;9.000000;18.000000;7.000000;21.000000;;;14.000000;;;8.000000;;17.000000;;;1.000000
M404;有风;4.000000;2.000000;3.000000;6.000000;5.000000;10.000000;;15.000000;9.000000;18.000000;7.000000;21.000000;;;14.000000;;;8.000000;;17.000000;;;1.000000
M405;平静;4.000000;2.000000;3.000000;6.000000;5.000000;10.000000;;15.000000;9.000000;18.000000;7.000000;21.000000;;;14.000000;;;8.000000;;17.000000;;;1.000000
M406;大风;4.000000;2.000000;3.000000;6.000000;5.000000;10.000000;;15.000000;9.000000;18.000000;7.000000;21.000000;;;14.000000;;;8.000000;;17.000000;;;1.000000
M407;飓风;4.000000;2.000000;3.000000;6.000000;5.000000;10.000000;;15.000000;9.000000;18.000000;7.000000;21.000000;;;14.000000;;;8.000000;;17.000000;;;1.000000
M408;风暴;4.000000;2.000000;3.000000;6.000000;5.000000;10.000000;;15.000000;9.000000;18.000000;7.000000;21.000000;;;14.000000;;;8.000000;;17.000000;;;1.000000
M409;霾;4.000000;2.000000;3.000000;6.000000;5.000000;10.000000;;15.000000;9.000000;18.000000;7.000000;21.000000;;;14.000000;;;8.000000;;17.000000;;;1.000000
M410;阵雨;4.000000;2.000000;3.000000;6.000000;5.000000;10.000000;;15.000000;9.000000;18.000000;7.000000;21.000000;;;14.000000;;;8.000000;;17.000000;;;1.000000
M411;雷阵雨;4.000000;2.000000;3.000000;6.000000;5.000000;10.000000;;15.000000;9.000000;18.000000;7.000000;21.000000;;;14.000000;;;8.000000;;17.000000;;;1.000000
M412;雷阵雨并伴有冰雹;4.000000;2.000000;3.000000;6.000000;5.000000;10.000000;;15.000000;9.000000;18.000000;7.000000;21.000000;;;14.000000;;;8.000000;;17.000000;;;1.000000
M413;小雨;4.000000;2.000000;3.000000;6.000000;5.000000;10.000000;;15.000000;9.000000;18.000000;7.000000;21.000000;;;14.000000;;;8.000000;;17.000000;;;1.000000
M414;中雨;4.000000;2.000000;3.000000;6.000000;5.000000;10.000000;;15.000000;9.000000;18.000000;7.000000;21.000000;;;14.000000;;;8.000000;;17.000000;;;1.000000
M415;大雨;4.000000;2.000000;3.000000;6.000000;5.000000;10.000000;;15.000000;9.000000;18.000000;7.000000;21.000000;;;14.000000;;;8.000000;;17.000000;;;1.000000
M416;暴雨;4.000000;2.000000;3.000000;6.000000;5.000000;10.000000;;15.000000;9.000000;18.000000;7.000000;21.000000;;;14.000000;;;8.000000;;17.000000;;;1.000000
M417;大暴雨;4.000000;2.000000;3.000000;6.000000;5.000000;10.000000;;15.000000;9.000000;18.000000;7.000000;21.000000;;;14.000000;;;8.000000;;17.000000;;;1.000000
M418;特大暴雨;4.000000;2.000000;3.000000;6.000000;5.000000;10.000000;;15.000000;9.000000;18.000000;7.000000;21.000000;;;14.000000;;;8.000000;;17.000000;;;1.000000
M429;强阵雨;4.000000;2.000000;3.000000;6.000000;5.000000;10.000000;;15.000000;9.000000;18.000000;7.000000;21.000000;;;14.000000;;;8.000000;;17.000000;;;1.000000
M420;强雷阵雨;4.000000;2.000000;3.000000;6.000000;5.000000;10.000000;;15.000000;9.000000;18.000000;7.000000;21.000000;;;14.000000;;;8.000000;;17.000000;;;1.000000
M421;极端阵雨;4.000000;2.000000;3.000000;6.000000;5.000000;10.000000;;15.000000;9.000000;18.000000;7.000000;21.000000;;;14.000000;;;8.000000;;17.000000;;;1.000000
M422;雨夹雪;4.000000;2.000000;3.000000;6.000000;5.000000;10.000000;;15.000000;9.000000;18.000000;7.000000;21.000000;;;14.000000;;;8.000000;;17.000000;;;1.000000
M423;雪;4.000000;2.000000;3.000000;6.000000;5.000000;10.000000;;15.000000;9.000000;18.000000;7.000000;21.000000;;;14.000000;;;8.000000;;17.000000;;;1.000000
M424;阵雪;4.000000;2.000000;3.000000;6.000000;5.000000;10.000000;;15.000000;9.000000;18.000000;7.000000;21.000000;;;14.000000;;;8.000000;;17.000000;;;1.000000
M425;小雪;4.000000;2.000000;3.000000;6.000000;5.000000;10.000000;;15.000000;9.000000;18.000000;7.000000;21.000000;;;14.000000;;;8.000000;;17.000000;;;1.000000
M426;中雪;4.000000;2.000000;3.000000;6.000000;5.000000;10.000000;;15.000000;9.000000;18.000000;7.000000;21.000000;;;14.000000;;;8.000000;;17.000000;;;1.000000
M427;大雪;4.000000;2.000000;3.000000;6.000000;5.000000;10.000000;;15.000000;9.000000;18.000000;7.000000;21.000000;;;14.000000;;;8.000000;;17.000000;;;1.000000
M428;暴雪;4.000000;2.000000;3.000000;6.000000;5.000000;10.000000;;15.000000;9.000000;18.000000;7.000000;21.000000;;;14.000000;;;8.000000;;17.000000;;;1.000000
M429;浮尘;4.000000;2.000000;3.000000;6.000000;5.000000;10.000000;;15.000000;9.000000;18.000000;7.000000;21.000000;;;14.000000;;;8.000000;;17.000000;;;1.000000
M430;扬沙;4.000000;2.000000;3.000000;6.000000;5.000000;10.000000;;15.000000;9.000000;18.000000;7.000000;21.000000;;;14.000000;;;8.000000;;17.000000;;;1.000000
M431;沙尘暴;4.000000;2.000000;3.000000;6.000000;5.000000;10.000000;;15.000000;9.000000;18.000000;7.000000;21.000000;;;14.000000;;;8.000000;;17.000000;;;1.000000
M432;强沙尘暴;4.000000;2.000000;3.000000;6.000000;5.000000;10.000000;;15.000000;9.000000;18.000000;7.000000;21.000000;;;14.000000;;;8.000000;;17.000000;;;1.000000
M433;龙卷风;4.000000;2.000000;3.000000;6.000000;5.000000;10.000000;;15.000000;9.000000;18.000000;7.000000;21.000000;;;14.000000;;;8.000000;;17.000000;;;1.000000
M434;雾;4.000000;2.000000;3.000000;6.000000;5.000000;10.000000;;15.000000;9.000000;18.000000;7.000000;21.000000;;;14.000000;;;8.000000;;17.000000;;;1.000000
M435;热;4.000000;2.000000;3.000000;6.000000;5.000000;10.000000;;15.000000;9.000000;18.000000;7.000000;21.000000;;;14.000000;;;8.000000;;17.000000;;;1.000000
M436;冷;4.000000;2.000000;3.000000;6.000000;5.000000;10.000000;;15.000000;9.000000;18.000000;7.000000;21.000000;;;14.000000;;;8.000000;;17.000000;;;1.000000
M437;未知;4.000000;2.000000;3.000000;6.000000;5.000000;10.000000;;15.000000;9.000000;18.000000;7.000000;21.000000;;;14.000000;;;8.000000;;17.000000;;;1.000000
M438;请连接到APP
获取更多天气信息;Please connect to the app
Get more weather information;APPに接続してください
より多くの天気情報を入手する;앱에 연결하십시오
더 많은 날씨 정보 얻기;Bitte verbinden Sie sich mit der APP
Weitere Wetter informationen erhalten;Veuillez vous connecter à APP
Obtenir plus d'informations météorologiques;Por favor conéctese a la aplicación
Obtenga más información meteorológica;;Пожалуйста, подключитесь к APP
Получить больше информации о погоде;Por favor, conecte-se ao APP
Obter mais informações sobre o tempo;กรุณาเชื่อมต่อกับ app
รับข้อมูลสภาพอากาศเพิ่มเติม;Connettiti all'app
Ottieni ulteriori informazioni meteo;يرجى الاتصال بـ APP
الحصول على مزيد من معلومات الطقس;;;Połącz się z aplikacją
Uzyskaj więcej informacji o pogodzie;;;Maak verbinding met de app
Krijg meer weersinformatie;;אנא התחבר לאפליקציה
לקבל מידע נוסף על מזג האוויר;;;請連接到APP
獲取更多天氣信息
M439;日;4.000000;2.000000;3.000000;6.000000;5.000000;10.000000;;15.000000;9.000000;18.000000;7.000000;21.000000;;;14.000000;;;8.000000;;17.000000;;;1.000000
M440;一;4.000000;2.000000;3.000000;6.000000;5.000000;10.000000;;15.000000;9.000000;18.000000;7.000000;21.000000;;;14.000000;;;8.000000;;17.000000;;;1.000000
M441;二;4.000000;2.000000;3.000000;6.000000;5.000000;10.000000;;15.000000;9.000000;18.000000;7.000000;21.000000;;;14.000000;;;8.000000;;17.000000;;;1.000000
M442;三;4.000000;2.000000;3.000000;6.000000;5.000000;10.000000;;15.000000;9.000000;18.000000;7.000000;21.000000;;;14.000000;;;8.000000;;17.000000;;;1.000000
M443;四;4.000000;2.000000;3.000000;6.000000;5.000000;10.000000;;15.000000;9.000000;18.000000;7.000000;21.000000;;;14.000000;;;8.000000;;17.000000;;;1.000000
M444;五;4.000000;2.000000;3.000000;6.000000;5.000000;10.000000;;15.000000;9.000000;18.000000;7.000000;21.000000;;;14.000000;;;8.000000;;17.000000;;;1.000000
M445;六;4.000000;2.000000;3.000000;6.000000;5.000000;10.000000;;15.000000;9.000000;18.000000;7.000000;21.000000;;;14.000000;;;8.000000;;17.000000;;;1.000000
M446;P;4.000000;2.000000;3.000000;6.000000;5.000000;10.000000;;15.000000;9.000000;18.000000;7.000000;21.000000;;;14.000000;;;8.000000;;17.000000;;;1.000000
M447;添加闹钟;4.000000;2.000000;3.000000;6.000000;5.000000;10.000000;;15.000000;9.000000;18.000000;7.000000;21.000000;;;14.000000;;;8.000000;;17.000000;;;1.000000
M448;周一;4.000000;2.000000;3.000000;6.000000;5.000000;10.000000;;15.000000;9.000000;18.000000;7.000000;21.000000;;;14.000000;;;8.000000;;17.000000;;;1.000000
M449;周二;4.000000;2.000000;3.000000;6.000000;5.000000;10.000000;;15.000000;9.000000;18.000000;7.000000;21.000000;;;14.000000;;;8.000000;;17.000000;;;1.000000
M450;周三;4.000000;2.000000;3.000000;6.000000;5.000000;10.000000;;15.000000;9.000000;18.000000;7.000000;21.000000;;;14.000000;;;8.000000;;17.000000;;;1.000000
M451;周四;4.000000;2.000000;3.000000;6.000000;5.000000;10.000000;;15.000000;9.000000;18.000000;7.000000;21.000000;;;14.000000;;;8.000000;;17.000000;;;1.000000
M452;周五;4.000000;2.000000;3.000000;6.000000;5.000000;10.000000;;15.000000;9.000000;18.000000;7.000000;21.000000;;;14.000000;;;8.000000;;17.000000;;;1.000000
M453;周六;4.000000;2.000000;3.000000;6.000000;5.000000;10.000000;;15.000000;9.000000;18.000000;7.000000;21.000000;;;14.000000;;;8.000000;;17.000000;;;1.000000
M454;每天;4.000000;2.000000;3.000000;6.000000;5.000000;10.000000;;15.000000;9.000000;18.000000;7.000000;21.000000;;;14.000000;;;8.000000;;17.000000;;;1.000000
M455;无闹钟;4.000000;2.000000;3.000000;6.000000;5.000000;10.000000;;15.000000;9.000000;18.000000;7.000000;21.000000;;;14.000000;;;8.000000;;17.000000;;;1.000000
M456;添加闹钟;4.000000;2.000000;3.000000;6.000000;5.000000;10.000000;;15.000000;9.000000;18.000000;7.000000;21.000000;;;14.000000;;;8.000000;;17.000000;;;1.000000
M457;时间;4.000000;2.000000;3.000000;6.000000;5.000000;10.000000;;15.000000;9.000000;18.000000;7.000000;21.000000;;;14.000000;;;8.000000;;17.000000;;;1.000000
M458;重复;4.000000;2.000000;3.000000;6.000000;5.000000;10.000000;;15.000000;9.000000;18.000000;7.000000;21.000000;;;14.000000;;;8.000000;;17.000000;;;1.000000
M459;保存;4.000000;2.000000;3.000000;6.000000;5.000000;10.000000;;15.000000;9.000000;18.000000;7.000000;21.000000;;;14.000000;;;8.000000;;17.000000;;;1.000000
M460;永不;4.000000;2.000000;3.000000;6.000000;5.000000;10.000000;;15.000000;9.000000;18.000000;7.000000;21.000000;;;14.000000;;;8.000000;;17.000000;;;1.000000
M461;删除闹钟;4.000000;2.000000;3.000000;6.000000;5.000000;10.000000;;15.000000;9.000000;18.000000;7.000000;21.000000;;;14.000000;;;8.000000;;17.000000;;;1.000000
M462;编辑闹钟;4.000000;2.000000;3.000000;6.000000;5.000000;10.000000;;15.000000;9.000000;18.000000;7.000000;21.000000;;;14.000000;;;8.000000;;17.000000;;;1.000000
M463;确定;4.000000;2.000000;3.000000;6.000000;5.000000;10.000000;;15.000000;9.000000;18.000000;7.000000;21.000000;;;14.000000;;;8.000000;;17.000000;;;1.000000
M464;响铃设置;4.000000;2.000000;3.000000;6.000000;5.000000;10.000000;;15.000000;9.000000;18.000000;7.000000;21.000000;;;14.000000;;;8.000000;;17.000000;;;1.000000
M465;一;4.000000;2.000000;3.000000;6.000000;5.000000;10.000000;;15.000000;9.000000;18.000000;7.000000;21.000000;;;14.000000;;;8.000000;;17.000000;;;1.000000
M466;二;4.000000;2.000000;3.000000;6.000000;5.000000;10.000000;;15.000000;9.000000;18.000000;7.000000;21.000000;;;14.000000;;;8.000000;;17.000000;;;1.000000
M467;三;4.000000;2.000000;3.000000;6.000000;5.000000;10.000000;;15.000000;9.000000;18.000000;7.000000;21.000000;;;14.000000;;;8.000000;;17.000000;;;1.000000
M468;四;4.000000;2.000000;3.000000;6.000000;5.000000;10.000000;;15.000000;9.000000;18.000000;7.000000;21.000000;;;14.000000;;;8.000000;;17.000000;;;1.000000
M469;五;4.000000;2.000000;3.000000;6.000000;5.000000;10.000000;;15.000000;9.000000;18.000000;7.000000;21.000000;;;14.000000;;;8.000000;;17.000000;;;1.000000
M470;六;4.000000;2.000000;3.000000;6.000000;5.000000;10.000000;;15.000000;9.000000;18.000000;7.000000;21.000000;;;14.000000;;;8.000000;;17.000000;;;1.000000
M471;日;4.000000;2.000000;3.000000;6.000000;5.000000;10.000000;;15.000000;9.000000;18.000000;7.000000;21.000000;;;14.000000;;;8.000000;;17.000000;;;1.000000
M472;闹钟数量已达上限，请先
删除部分闹钟后再添加;4.000000;2.000000;3.000000;6.000000;5.000000;10.000000;;15.000000;9.000000;18.000000;7.000000;21.000000;;;14.000000;;;8.000000;;17.000000;;;1.000000
M473;单次;4.000000;2.000000;3.000000;6.000000;5.000000;10.000000;;15.000000;9.000000;18.000000;7.000000;21.000000;;;14.000000;;;8.000000;;17.000000;;;1.000000
M474;添加组件;4.000000;2.000000;3.000000;6.000000;5.000000;10.000000;;15.000000;9.000000;18.000000;7.000000;21.000000;;;14.000000;;;8.000000;;17.000000;;;1.000000
M475;组件;4.000000;2.000000;3.000000;6.000000;5.000000;10.000000;;15.000000;9.000000;18.000000;7.000000;21.000000;;;14.000000;;;8.000000;;17.000000;;;1.000000
M476;心率;4.000000;2.000000;3.000000;6.000000;5.000000;10.000000;;15.000000;9.000000;18.000000;7.000000;21.000000;;;14.000000;;;8.000000;;17.000000;;;1.000000
M477;音乐;4.000000;2.000000;3.000000;6.000000;5.000000;10.000000;;15.000000;9.000000;18.000000;7.000000;21.000000;;;14.000000;;;8.000000;;17.000000;;;1.000000
M478;呼吸训练;4.000000;2.000000;3.000000;6.000000;5.000000;10.000000;;15.000000;9.000000;18.000000;7.000000;21.000000;;;14.000000;;;8.000000;;17.000000;;;1.000000
M479;睡眠;4.000000;2.000000;3.000000;6.000000;5.000000;10.000000;;15.000000;9.000000;18.000000;7.000000;21.000000;;;14.000000;;;8.000000;;17.000000;;;1.000000
M480;天气;4.000000;2.000000;3.000000;6.000000;5.000000;10.000000;;15.000000;9.000000;18.000000;7.000000;21.000000;;;14.000000;;;8.000000;;17.000000;;;1.000000
M481;日历;4.000000;2.000000;3.000000;6.000000;5.000000;10.000000;;15.000000;9.000000;18.000000;7.000000;21.000000;;;14.000000;;;8.000000;;17.000000;;;1.000000
M482;计算器;4.000000;2.000000;3.000000;6.000000;5.000000;10.000000;;15.000000;9.000000;18.000000;7.000000;21.000000;;;14.000000;;;8.000000;;17.000000;;;1.000000
M483;周日;4.000000;2.000000;3.000000;6.000000;5.000000;10.000000;;15.000000;9.000000;18.000000;7.000000;21.000000;;;14.000000;;;8.000000;;17.000000;;;1.000000
M484;工作日;4.000000;2.000000;3.000000;6.000000;5.000000;10.000000;;15.000000;9.000000;18.000000;7.000000;21.000000;;;14.000000;;;8.000000;;17.000000;;;1.000000
M485;，;4.000000;2.000000;3.000000;6.000000;5.000000;10.000000;;15.000000;9.000000;18.000000;7.000000;21.000000;;;14.000000;;;8.000000;;17.000000;;;1.000000
M486;0;4.000000;2.000000;3.000000;6.000000;5.000000;10.000000;;15.000000;9.000000;18.000000;7.000000;21.000000;;;14.000000;;;8.000000;;17.000000;;;1.000000
M487;1;4.000000;2.000000;3.000000;6.000000;5.000000;10.000000;;15.000000;9.000000;18.000000;7.000000;21.000000;;;14.000000;;;8.000000;;17.000000;;;1.000000
M488;2;4.000000;2.000000;3.000000;6.000000;5.000000;10.000000;;15.000000;9.000000;18.000000;7.000000;21.000000;;;14.000000;;;8.000000;;17.000000;;;1.000000
M489;3;4.000000;2.000000;3.000000;6.000000;5.000000;10.000000;;15.000000;9.000000;18.000000;7.000000;21.000000;;;14.000000;;;8.000000;;17.000000;;;1.000000
M490;4;4.000000;2.000000;3.000000;6.000000;5.000000;10.000000;;15.000000;9.000000;18.000000;7.000000;21.000000;;;14.000000;;;8.000000;;17.000000;;;1.000000
M491;5;4.000000;2.000000;3.000000;6.000000;5.000000;10.000000;;15.000000;9.000000;18.000000;7.000000;21.000000;;;14.000000;;;8.000000;;17.000000;;;1.000000
M492;6;4.000000;2.000000;3.000000;6.000000;5.000000;10.000000;;15.000000;9.000000;18.000000;7.000000;21.000000;;;14.000000;;;8.000000;;17.000000;;;1.000000
M493;7;4.000000;2.000000;3.000000;6.000000;5.000000;10.000000;;15.000000;9.000000;18.000000;7.000000;21.000000;;;14.000000;;;8.000000;;17.000000;;;1.000000
M494;8;4.000000;2.000000;3.000000;6.000000;5.000000;10.000000;;15.000000;9.000000;18.000000;7.000000;21.000000;;;14.000000;;;8.000000;;17.000000;;;1.000000
M495;9;4.000000;2.000000;3.000000;6.000000;5.000000;10.000000;;15.000000;9.000000;18.000000;7.000000;21.000000;;;14.000000;;;8.000000;;17.000000;;;1.000000
M496;10;4.000000;2.000000;3.000000;6.000000;5.000000;10.000000;;15.000000;9.000000;18.000000;7.000000;21.000000;;;14.000000;;;8.000000;;17.000000;;;1.000000
M497;11;4.000000;2.000000;3.000000;6.000000;5.000000;10.000000;;15.000000;9.000000;18.000000;7.000000;21.000000;;;14.000000;;;8.000000;;17.000000;;;1.000000
M498;12;4.000000;2.000000;3.000000;6.000000;5.000000;10.000000;;15.000000;9.000000;18.000000;7.000000;21.000000;;;14.000000;;;8.000000;;17.000000;;;1.000000
M499;13;4.000000;2.000000;3.000000;6.000000;5.000000;10.000000;;15.000000;9.000000;18.000000;7.000000;21.000000;;;14.000000;;;8.000000;;17.000000;;;1.000000
M500;14;4.000000;2.000000;3.000000;6.000000;5.000000;10.000000;;15.000000;9.000000;18.000000;7.000000;21.000000;;;14.000000;;;8.000000;;17.000000;;;1.000000
M501;15;4.000000;2.000000;3.000000;6.000000;5.000000;10.000000;;15.000000;9.000000;18.000000;7.000000;21.000000;;;14.000000;;;8.000000;;17.000000;;;1.000000
M502;16;4.000000;2.000000;3.000000;6.000000;5.000000;10.000000;;15.000000;9.000000;18.000000;7.000000;21.000000;;;14.000000;;;8.000000;;17.000000;;;1.000000
M503;17;4.000000;2.000000;3.000000;6.000000;5.000000;10.000000;;15.000000;9.000000;18.000000;7.000000;21.000000;;;14.000000;;;8.000000;;17.000000;;;1.000000
M504;18;4.000000;2.000000;3.000000;6.000000;5.000000;10.000000;;15.000000;9.000000;18.000000;7.000000;21.000000;;;14.000000;;;8.000000;;17.000000;;;1.000000
M505;19;4.000000;2.000000;3.000000;6.000000;5.000000;10.000000;;15.000000;9.000000;18.000000;7.000000;21.000000;;;14.000000;;;8.000000;;17.000000;;;1.000000
M506;消息;Message;メッセージ;메시지;Nachricht;Messages;Mensaje;Μήνυμα;Сообщения;Mensagens;ข้อความ;Messaggio;رسالة;Mesaj;پیام;Wiadomość;Pesan;संदेश;Bericht;Tin nhắn;הודעה;Mesej;အကြောင်းကြားစာ -;消息
M507;无消息;No message;メッセージなし;메시지 없음;Keine Nachricht;Pas de nouvelles;Sin mensajes;Κανένα μήνυμα;Нет сообщений;Nenhuma mensagem;ไม่มีข้อความ;Nessun messaggio;لا أخبار;Mesaj yok;بدون پیامی;Brak wiadomości;Tidak ada pesan;कोई संदेश नहीं;Geen bericht;Không có tin nhắn;אין הודעה;Tiada mesej;စကား မရှိ;無消息
M508;LAP1;4.000000;2.000000;3.000000;6.000000;5.000000;10.000000;;15.000000;9.000000;18.000000;7.000000;21.000000;;;14.000000;;;8.000000;;17.000000;;;1.000000
M509;LAP2;4.000000;2.000000;3.000000;6.000000;5.000000;10.000000;;15.000000;9.000000;18.000000;7.000000;21.000000;;;14.000000;;;8.000000;;17.000000;;;1.000000
M510;LAP3;4.000000;2.000000;3.000000;6.000000;5.000000;10.000000;;15.000000;9.000000;18.000000;7.000000;21.000000;;;14.000000;;;8.000000;;17.000000;;;1.000000
M511;LAP4;4.000000;2.000000;3.000000;6.000000;5.000000;10.000000;;15.000000;9.000000;18.000000;7.000000;21.000000;;;14.000000;;;8.000000;;17.000000;;;1.000000
M512;LAP5;4.000000;2.000000;3.000000;6.000000;5.000000;10.000000;;15.000000;9.000000;18.000000;7.000000;21.000000;;;14.000000;;;8.000000;;17.000000;;;1.000000
M513;LAP6;4.000000;2.000000;3.000000;6.000000;5.000000;10.000000;;15.000000;9.000000;18.000000;7.000000;21.000000;;;14.000000;;;8.000000;;17.000000;;;1.000000
M514;LAP7;4.000000;2.000000;3.000000;6.000000;5.000000;10.000000;;15.000000;9.000000;18.000000;7.000000;21.000000;;;14.000000;;;8.000000;;17.000000;;;1.000000
M515;LAP8;4.000000;2.000000;3.000000;6.000000;5.000000;10.000000;;15.000000;9.000000;18.000000;7.000000;21.000000;;;14.000000;;;8.000000;;17.000000;;;1.000000
M516;LAP9;4.000000;2.000000;3.000000;6.000000;5.000000;10.000000;;15.000000;9.000000;18.000000;7.000000;21.000000;;;14.000000;;;8.000000;;17.000000;;;1.000000
M517;LAP10;4.000000;2.000000;3.000000;6.000000;5.000000;10.000000;;15.000000;9.000000;18.000000;7.000000;21.000000;;;14.000000;;;8.000000;;17.000000;;;1.000000
M518;错误;4.000000;2.000000;3.000000;6.000000;5.000000;10.000000;;15.000000;9.000000;18.000000;7.000000;21.000000;;;14.000000;;;8.000000;;17.000000;;;1.000000
M519;月;4.000000;2.000000;3.000000;6.000000;5.000000;10.000000;;15.000000;9.000000;18.000000;7.000000;21.000000;;;14.000000;;;8.000000;;17.000000;;;1.000000
M520;日;4.000000;2.000000;3.000000;6.000000;5.000000;10.000000;;15.000000;9.000000;18.000000;7.000000;21.000000;;;14.000000;;;8.000000;;17.000000;;;1.000000
M521;0;4.000000;2.000000;3.000000;6.000000;5.000000;10.000000;;15.000000;9.000000;18.000000;7.000000;21.000000;;;14.000000;;;8.000000;;17.000000;;;1.000000
M522;1;4.000000;2.000000;3.000000;6.000000;5.000000;10.000000;;15.000000;9.000000;18.000000;7.000000;21.000000;;;14.000000;;;8.000000;;17.000000;;;1.000000
M523;2;4.000000;2.000000;3.000000;6.000000;5.000000;10.000000;;15.000000;9.000000;18.000000;7.000000;21.000000;;;14.000000;;;8.000000;;17.000000;;;1.000000
M524;3;4.000000;2.000000;3.000000;6.000000;5.000000;10.000000;;15.000000;9.000000;18.000000;7.000000;21.000000;;;14.000000;;;8.000000;;17.000000;;;1.000000
M525;4;4.000000;2.000000;3.000000;6.000000;5.000000;10.000000;;15.000000;9.000000;18.000000;7.000000;21.000000;;;14.000000;;;8.000000;;17.000000;;;1.000000
M526;5;4.000000;2.000000;3.000000;6.000000;5.000000;10.000000;;15.000000;9.000000;18.000000;7.000000;21.000000;;;14.000000;;;8.000000;;17.000000;;;1.000000
M527;6;4.000000;2.000000;3.000000;6.000000;5.000000;10.000000;;15.000000;9.000000;18.000000;7.000000;21.000000;;;14.000000;;;8.000000;;17.000000;;;1.000000
M528;7;4.000000;2.000000;3.000000;6.000000;5.000000;10.000000;;15.000000;9.000000;18.000000;7.000000;21.000000;;;14.000000;;;8.000000;;17.000000;;;1.000000
M529;8;4.000000;2.000000;3.000000;6.000000;5.000000;10.000000;;15.000000;9.000000;18.000000;7.000000;21.000000;;;14.000000;;;8.000000;;17.000000;;;1.000000
M530;9;4.000000;2.000000;3.000000;6.000000;5.000000;10.000000;;15.000000;9.000000;18.000000;7.000000;21.000000;;;14.000000;;;8.000000;;17.000000;;;1.000000
M531;周日;4.000000;2.000000;3.000000;6.000000;5.000000;10.000000;;15.000000;9.000000;18.000000;7.000000;21.000000;;;14.000000;;;8.000000;;17.000000;;;1.000000
M532;周一;4.000000;2.000000;3.000000;6.000000;5.000000;10.000000;;15.000000;9.000000;18.000000;7.000000;21.000000;;;14.000000;;;8.000000;;17.000000;;;1.000000
M533;周二;4.000000;2.000000;3.000000;6.000000;5.000000;10.000000;;15.000000;9.000000;18.000000;7.000000;21.000000;;;14.000000;;;8.000000;;17.000000;;;1.000000
M534;周三;4.000000;2.000000;3.000000;6.000000;5.000000;10.000000;;15.000000;9.000000;18.000000;7.000000;21.000000;;;14.000000;;;8.000000;;17.000000;;;1.000000
M535;周四;4.000000;2.000000;3.000000;6.000000;5.000000;10.000000;;15.000000;9.000000;18.000000;7.000000;21.000000;;;14.000000;;;8.000000;;17.000000;;;1.000000
M536;周五;4.000000;2.000000;3.000000;6.000000;5.000000;10.000000;;15.000000;9.000000;18.000000;7.000000;21.000000;;;14.000000;;;8.000000;;17.000000;;;1.000000
M537;周六;4.000000;2.000000;3.000000;6.000000;5.000000;10.000000;;15.000000;9.000000;18.000000;7.000000;21.000000;;;14.000000;;;8.000000;;17.000000;;;1.000000
M538;steps;4.000000;2.000000;3.000000;6.000000;5.000000;10.000000;;15.000000;9.000000;18.000000;7.000000;21.000000;;;14.000000;;;8.000000;;17.000000;;;1.000000
M539;kcal;4.000000;2.000000;3.000000;6.000000;5.000000;10.000000;;15.000000;9.000000;18.000000;7.000000;21.000000;;;14.000000;;;8.000000;;17.000000;;;1.000000
M540;km;4.000000;2.000000;3.000000;6.000000;5.000000;10.000000;;15.000000;9.000000;18.000000;7.000000;21.000000;;;14.000000;;;8.000000;;17.000000;;;1.000000
M541;闹钟;4.000000;2.000000;3.000000;6.000000;5.000000;10.000000;;15.000000;9.000000;18.000000;7.000000;21.000000;;;14.000000;;;8.000000;;17.000000;;;1.000000
M542;无闹钟;4.000000;2.000000;3.000000;6.000000;5.000000;10.000000;;15.000000;9.000000;18.000000;7.000000;21.000000;;;14.000000;;;8.000000;;17.000000;;;1.000000
M543;：;4.000000;2.000000;3.000000;6.000000;5.000000;10.000000;;15.000000;9.000000;18.000000;7.000000;21.000000;;;14.000000;;;8.000000;;17.000000;;;1.000000
M544;即将响铃;4.000000;2.000000;3.000000;6.000000;5.000000;10.000000;;15.000000;9.000000;18.000000;7.000000;21.000000;;;14.000000;;;8.000000;;17.000000;;;1.000000
M545;℃;4.000000;2.000000;3.000000;6.000000;5.000000;10.000000;;15.000000;9.000000;18.000000;7.000000;21.000000;;;14.000000;;;8.000000;;17.000000;;;1.000000
M546;% mmol/L;4.000000;2.000000;3.000000;6.000000;5.000000;10.000000;;15.000000;9.000000;18.000000;7.000000;21.000000;;;14.000000;;;8.000000;;17.000000;;;1.000000
M547;全部应用;4.000000;2.000000;3.000000;6.000000;5.000000;10.000000;;15.000000;9.000000;18.000000;7.000000;21.000000;;;14.000000;;;8.000000;;17.000000;;;1.000000
M548;确认;4.000000;2.000000;3.000000;6.000000;5.000000;10.000000;;15.000000;9.000000;18.000000;7.000000;21.000000;;;14.000000;;;8.000000;;17.000000;;;1.000000
M549;血氧;4.000000;2.000000;3.000000;6.000000;5.000000;10.000000;;15.000000;9.000000;18.000000;7.000000;21.000000;;;14.000000;;;8.000000;;17.000000;;;1.000000
M550;血压;4.000000;2.000000;3.000000;6.000000;5.000000;10.000000;;15.000000;9.000000;18.000000;7.000000;21.000000;;;14.000000;;;8.000000;;17.000000;;;1.000000
M551;压力;4.000000;2.000000;3.000000;6.000000;5.000000;10.000000;;15.000000;9.000000;18.000000;7.000000;21.000000;;;14.000000;;;8.000000;;17.000000;;;1.000000
M552;指南针;4.000000;2.000000;3.000000;6.000000;5.000000;10.000000;;15.000000;9.000000;18.000000;7.000000;21.000000;;;14.000000;;;8.000000;;17.000000;;;1.000000
M553;计时器;4.000000;2.000000;3.000000;6.000000;5.000000;10.000000;;15.000000;9.000000;18.000000;7.000000;21.000000;;;14.000000;;;8.000000;;17.000000;;;1.000000
M554;秒表;4.000000;2.000000;3.000000;6.000000;5.000000;10.000000;;15.000000;9.000000;18.000000;7.000000;21.000000;;;14.000000;;;8.000000;;17.000000;;;1.000000
M555;支付宝;4.000000;2.000000;3.000000;6.000000;5.000000;10.000000;;15.000000;9.000000;18.000000;7.000000;21.000000;;;14.000000;;;8.000000;;17.000000;;;1.000000
M556;夜跑灯;4.000000;2.000000;3.000000;6.000000;5.000000;10.000000;;15.000000;9.000000;18.000000;7.000000;21.000000;;;14.000000;;;8.000000;;17.000000;;;1.000000
M557;重启;4.000000;2.000000;3.000000;6.000000;5.000000;10.000000;;15.000000;9.000000;18.000000;7.000000;21.000000;;;14.000000;;;8.000000;;17.000000;;;1.000000
M558;关机;4.000000;2.000000;3.000000;6.000000;5.000000;10.000000;;15.000000;9.000000;18.000000;7.000000;21.000000;;;14.000000;;;8.000000;;17.000000;;;1.000000
M559;翻页;4.000000;2.000000;3.000000;6.000000;5.000000;10.000000;;15.000000;9.000000;18.000000;7.000000;21.000000;;;14.000000;;;8.000000;;17.000000;;;1.000000
M560;年;4.000000;2.000000;3.000000;6.000000;5.000000;10.000000;;15.000000;9.000000;18.000000;7.000000;21.000000;;;14.000000;;;8.000000;;17.000000;;;1.000000
M561;月;4.000000;2.000000;3.000000;6.000000;5.000000;10.000000;;15.000000;9.000000;18.000000;7.000000;21.000000;;;14.000000;;;8.000000;;17.000000;;;1.000000
M562;日;4.000000;2.000000;3.000000;6.000000;5.000000;10.000000;;15.000000;9.000000;18.000000;7.000000;21.000000;;;14.000000;;;8.000000;;17.000000;;;1.000000
M563;活动记录;4.000000;2.000000;3.000000;6.000000;5.000000;10.000000;;15.000000;9.000000;18.000000;7.000000;21.000000;;;14.000000;;;8.000000;;17.000000;;;1.000000
M564;睡眠;4.000000;2.000000;3.000000;6.000000;5.000000;10.000000;;15.000000;9.000000;18.000000;7.000000;21.000000;;;14.000000;;;8.000000;;17.000000;;;1.000000
M565;压力;4.000000;2.000000;3.000000;6.000000;5.000000;10.000000;;15.000000;9.000000;18.000000;7.000000;21.000000;;;14.000000;;;8.000000;;17.000000;;;1.000000
M566;呼吸训练;4.000000;2.000000;3.000000;6.000000;5.000000;10.000000;;15.000000;9.000000;18.000000;7.000000;21.000000;;;14.000000;;;8.000000;;17.000000;;;1.000000
M567;通话记录;4.000000;2.000000;3.000000;6.000000;5.000000;10.000000;;15.000000;9.000000;18.000000;7.000000;21.000000;;;14.000000;;;8.000000;;17.000000;;;1.000000
M568;常用联系人;4.000000;2.000000;3.000000;6.000000;5.000000;10.000000;;15.000000;9.000000;18.000000;7.000000;21.000000;;;14.000000;;;8.000000;;17.000000;;;1.000000
M569;音乐;4.000000;2.000000;3.000000;6.000000;5.000000;10.000000;;15.000000;9.000000;18.000000;7.000000;21.000000;;;14.000000;;;8.000000;;17.000000;;;1.000000
M570;海拔气压计;4.000000;2.000000;3.000000;6.000000;5.000000;10.000000;;15.000000;9.000000;18.000000;7.000000;21.000000;;;14.000000;;;8.000000;;17.000000;;;1.000000
M571;指南计;4.000000;2.000000;3.000000;6.000000;5.000000;10.000000;;15.000000;9.000000;18.000000;7.000000;21.000000;;;14.000000;;;8.000000;;17.000000;;;1.000000
M572;信息;4.000000;2.000000;3.000000;6.000000;5.000000;10.000000;;15.000000;9.000000;18.000000;7.000000;21.000000;;;14.000000;;;8.000000;;17.000000;;;1.000000
M573;天气;4.000000;2.000000;3.000000;6.000000;5.000000;10.000000;;15.000000;9.000000;18.000000;7.000000;21.000000;;;14.000000;;;8.000000;;17.000000;;;1.000000
M574;卡包;4.000000;2.000000;3.000000;6.000000;5.000000;10.000000;;15.000000;9.000000;18.000000;7.000000;21.000000;;;14.000000;;;8.000000;;17.000000;;;1.000000
M575;支付宝;4.000000;2.000000;3.000000;6.000000;5.000000;10.000000;;15.000000;9.000000;18.000000;7.000000;21.000000;;;14.000000;;;8.000000;;17.000000;;;1.000000
M576;秒表;4.000000;2.000000;3.000000;6.000000;5.000000;10.000000;;15.000000;9.000000;18.000000;7.000000;21.000000;;;14.000000;;;8.000000;;17.000000;;;1.000000
M577;计时器;4.000000;2.000000;3.000000;6.000000;5.000000;10.000000;;15.000000;9.000000;18.000000;7.000000;21.000000;;;14.000000;;;8.000000;;17.000000;;;1.000000
M578;闹钟;4.000000;2.000000;3.000000;6.000000;5.000000;10.000000;;15.000000;9.000000;18.000000;7.000000;21.000000;;;14.000000;;;8.000000;;17.000000;;;1.000000
M579;手电筒;4.000000;2.000000;3.000000;6.000000;5.000000;10.000000;;15.000000;9.000000;18.000000;7.000000;21.000000;;;14.000000;;;8.000000;;17.000000;;;1.000000
M580;找手机;4.000000;2.000000;3.000000;6.000000;5.000000;10.000000;;15.000000;9.000000;18.000000;7.000000;21.000000;;;14.000000;;;8.000000;;17.000000;;;1.000000
M581;PC模式;4.000000;2.000000;3.000000;6.000000;5.000000;10.000000;;15.000000;9.000000;18.000000;7.000000;21.000000;;;14.000000;;;8.000000;;17.000000;;;1.000000
M582;界面风格;4.000000;2.000000;3.000000;6.000000;5.000000;10.000000;;15.000000;9.000000;18.000000;7.000000;21.000000;;;14.000000;;;8.000000;;17.000000;;;1.000000
M583;垂直列表;4.000000;2.000000;3.000000;6.000000;5.000000;10.000000;;15.000000;9.000000;18.000000;7.000000;21.000000;;;14.000000;;;8.000000;;17.000000;;;1.000000
M584;矩阵列表;4.000000;2.000000;3.000000;6.000000;5.000000;10.000000;;15.000000;9.000000;18.000000;7.000000;21.000000;;;14.000000;;;8.000000;;17.000000;;;1.000000
M585;满天星;4.000000;2.000000;3.000000;6.000000;5.000000;10.000000;;15.000000;9.000000;18.000000;7.000000;21.000000;;;14.000000;;;8.000000;;17.000000;;;1.000000
M586;静息;4.000000;2.000000;3.000000;6.000000;5.000000;10.000000;;15.000000;9.000000;18.000000;7.000000;21.000000;;;14.000000;;;8.000000;;17.000000;;;1.000000
M587;极限;4.000000;2.000000;3.000000;6.000000;5.000000;10.000000;;15.000000;9.000000;18.000000;7.000000;21.000000;;;14.000000;;;8.000000;;17.000000;;;1.000000
M588;无氧耐力;4.000000;2.000000;3.000000;6.000000;5.000000;10.000000;;15.000000;9.000000;18.000000;7.000000;21.000000;;;14.000000;;;8.000000;;17.000000;;;1.000000
M589;有氧耐力;4.000000;2.000000;3.000000;6.000000;5.000000;10.000000;;15.000000;9.000000;18.000000;7.000000;21.000000;;;14.000000;;;8.000000;;17.000000;;;1.000000
M590;燃脂;4.000000;2.000000;3.000000;6.000000;5.000000;10.000000;;15.000000;9.000000;18.000000;7.000000;21.000000;;;14.000000;;;8.000000;;17.000000;;;1.000000
M591;热身;4.000000;2.000000;3.000000;6.000000;5.000000;10.000000;;15.000000;9.000000;18.000000;7.000000;21.000000;;;14.000000;;;8.000000;;17.000000;;;1.000000
M592;分钟;4.000000;2.000000;3.000000;6.000000;5.000000;10.000000;;15.000000;9.000000;18.000000;7.000000;21.000000;;;14.000000;;;8.000000;;17.000000;;;1.000000
M593;心率区间;4.000000;2.000000;3.000000;6.000000;5.000000;10.000000;;15.000000;9.000000;18.000000;7.000000;21.000000;;;14.000000;;;8.000000;;17.000000;;;1.000000
M594;50;4.000000;2.000000;3.000000;6.000000;5.000000;10.000000;;15.000000;9.000000;18.000000;7.000000;21.000000;;;14.000000;;;8.000000;;17.000000;;;1.000000
M595;100;4.000000;2.000000;3.000000;6.000000;5.000000;10.000000;;15.000000;9.000000;18.000000;7.000000;21.000000;;;14.000000;;;8.000000;;17.000000;;;1.000000
M596;150;4.000000;2.000000;3.000000;6.000000;5.000000;10.000000;;15.000000;9.000000;18.000000;7.000000;21.000000;;;14.000000;;;8.000000;;17.000000;;;1.000000
M597;200;4.000000;2.000000;3.000000;6.000000;5.000000;10.000000;;15.000000;9.000000;18.000000;7.000000;21.000000;;;14.000000;;;8.000000;;17.000000;;;1.000000
M598;血氧饱和度 >;4.000000;2.000000;3.000000;6.000000;5.000000;10.000000;;15.000000;9.000000;18.000000;7.000000;21.000000;;;14.000000;;;8.000000;;17.000000;;;1.000000
M599;心率(bpm);4.000000;2.000000;3.000000;6.000000;5.000000;10.000000;;15.000000;9.000000;18.000000;7.000000;21.000000;;;14.000000;;;8.000000;;17.000000;;;1.000000
M600;正在测量;4.000000;2.000000;3.000000;6.000000;5.000000;10.000000;;15.000000;9.000000;18.000000;7.000000;21.000000;;;14.000000;;;8.000000;;17.000000;;;1.000000
M601;再次测量;4.000000;2.000000;3.000000;6.000000;5.000000;10.000000;;15.000000;9.000000;18.000000;7.000000;21.000000;;;14.000000;;;8.000000;;17.000000;;;1.000000
M602;血氧测量中;4.000000;2.000000;3.000000;6.000000;5.000000;10.000000;;15.000000;9.000000;18.000000;7.000000;21.000000;;;14.000000;;;8.000000;;17.000000;;;1.000000
M603;请保持静止;4.000000;2.000000;3.000000;6.000000;5.000000;10.000000;;15.000000;9.000000;18.000000;7.000000;21.000000;;;14.000000;;;8.000000;;17.000000;;;1.000000
M604;请佩戴手表测量;4.000000;2.000000;3.000000;6.000000;5.000000;10.000000;;15.000000;9.000000;18.000000;7.000000;21.000000;;;14.000000;;;8.000000;;17.000000;;;1.000000
M605;请偏紧佩戴，屏幕
朝上，保持静止。;4.000000;2.000000;3.000000;6.000000;5.000000;10.000000;;15.000000;9.000000;18.000000;7.000000;21.000000;;;14.000000;;;8.000000;;17.000000;;;1.000000
M606; 检测到跌倒
 将于10秒后
进行紧急呼救;4.000000;2.000000;3.000000;6.000000;5.000000;10.000000;;15.000000;9.000000;18.000000;7.000000;21.000000;;;14.000000;;;8.000000;;17.000000;;;1.000000
M607; 久坐一小时了
起来运动一下吧;4.000000;2.000000;3.000000;6.000000;5.000000;10.000000;;15.000000;9.000000;18.000000;7.000000;21.000000;;;14.000000;;;8.000000;;17.000000;;;1.000000
M608;心率曲线;4.000000;2.000000;3.000000;6.000000;5.000000;10.000000;;15.000000;9.000000;18.000000;7.000000;21.000000;;;14.000000;;;8.000000;;17.000000;;;1.000000
M609;平均;4.000000;2.000000;3.000000;6.000000;5.000000;10.000000;;15.000000;9.000000;18.000000;7.000000;21.000000;;;14.000000;;;8.000000;;17.000000;;;1.000000
M610;次/分;4.000000;2.000000;3.000000;6.000000;5.000000;10.000000;;15.000000;9.000000;18.000000;7.000000;21.000000;;;14.000000;;;8.000000;;17.000000;;;1.000000
M611;震动设置;4.000000;2.000000;3.000000;6.000000;5.000000;10.000000;;15.000000;9.000000;18.000000;7.000000;21.000000;;;14.000000;;;8.000000;;17.000000;;;1.000000
M612;是否确认修改语言;4.000000;2.000000;3.000000;6.000000;5.000000;10.000000;;15.000000;9.000000;18.000000;7.000000;21.000000;;;14.000000;;;8.000000;;17.000000;;;1.000000
M613;选择;4.000000;2.000000;3.000000;6.000000;5.000000;10.000000;;15.000000;9.000000;18.000000;7.000000;21.000000;;;14.000000;;;8.000000;;17.000000;;;1.000000
M614;配速;4.000000;2.000000;3.000000;6.000000;5.000000;10.000000;;15.000000;9.000000;18.000000;7.000000;21.000000;;;14.000000;;;8.000000;;17.000000;;;1.000000
M615;步频;4.000000;2.000000;3.000000;6.000000;5.000000;10.000000;;15.000000;9.000000;18.000000;7.000000;21.000000;;;14.000000;;;8.000000;;17.000000;;;1.000000
M616;数据不足;4.000000;2.000000;3.000000;6.000000;5.000000;10.000000;;15.000000;9.000000;18.000000;7.000000;21.000000;;;14.000000;;;8.000000;;17.000000;;;1.000000
M617;需要一周锻炼记录;4.000000;2.000000;3.000000;6.000000;5.000000;10.000000;;15.000000;9.000000;18.000000;7.000000;21.000000;;;14.000000;;;8.000000;;17.000000;;;1.000000
M618;体能;4.000000;2.000000;3.000000;6.000000;5.000000;10.000000;;15.000000;9.000000;18.000000;7.000000;21.000000;;;14.000000;;;8.000000;;17.000000;;;1.000000
M619;负荷;4.000000;2.000000;3.000000;6.000000;5.000000;10.000000;;15.000000;9.000000;18.000000;7.000000;21.000000;;;14.000000;;;8.000000;;17.000000;;;1.000000
M620;恢复时间;4.000000;2.000000;3.000000;6.000000;5.000000;10.000000;;15.000000;9.000000;18.000000;7.000000;21.000000;;;14.000000;;;8.000000;;17.000000;;;1.000000
M621;可正常训练;4.000000;2.000000;3.000000;6.000000;5.000000;10.000000;;15.000000;9.000000;18.000000;7.000000;21.000000;;;14.000000;;;8.000000;;17.000000;;;1.000000
M622;训练负荷;4.000000;2.000000;3.000000;6.000000;5.000000;10.000000;;15.000000;9.000000;18.000000;7.000000;21.000000;;;14.000000;;;8.000000;;17.000000;;;1.000000
M623;无值;4.000000;2.000000;3.000000;6.000000;5.000000;10.000000;;15.000000;9.000000;18.000000;7.000000;21.000000;;;14.000000;;;8.000000;;17.000000;;;1.000000
M624;最近7天;4.000000;2.000000;3.000000;6.000000;5.000000;10.000000;;15.000000;9.000000;18.000000;7.000000;21.000000;;;14.000000;;;8.000000;;17.000000;;;1.000000
M625;最大摄氧量;4.000000;2.000000;3.000000;6.000000;5.000000;10.000000;;15.000000;9.000000;18.000000;7.000000;21.000000;;;14.000000;;;8.000000;;17.000000;;;1.000000
M626;通过户外跑步获取该值;4.000000;2.000000;3.000000;6.000000;5.000000;10.000000;;15.000000;9.000000;18.000000;7.000000;21.000000;;;14.000000;;;8.000000;;17.000000;;;1.000000
M627;不建议继续训练;4.000000;2.000000;3.000000;6.000000;5.000000;10.000000;;15.000000;9.000000;18.000000;7.000000;21.000000;;;14.000000;;;8.000000;;17.000000;;;1.000000
M628;跑步课程;4.000000;2.000000;3.000000;6.000000;5.000000;10.000000;;15.000000;9.000000;18.000000;7.000000;21.000000;;;14.000000;;;8.000000;;17.000000;;;1.000000
M629;跑走结合初级;4.000000;2.000000;3.000000;6.000000;5.000000;10.000000;;15.000000;9.000000;18.000000;7.000000;21.000000;;;14.000000;;;8.000000;;17.000000;;;1.000000
M630;跑走结合进阶;4.000000;2.000000;3.000000;6.000000;5.000000;10.000000;;15.000000;9.000000;18.000000;7.000000;21.000000;;;14.000000;;;8.000000;;17.000000;;;1.000000
M631;轻松慢跑;4.000000;2.000000;3.000000;6.000000;5.000000;10.000000;;15.000000;9.000000;18.000000;7.000000;21.000000;;;14.000000;;;8.000000;;17.000000;;;1.000000
M632;轻松燃脂跑;4.000000;2.000000;3.000000;6.000000;5.000000;10.000000;;15.000000;9.000000;18.000000;7.000000;21.000000;;;14.000000;;;8.000000;;17.000000;;;1.000000
M633;强化燃脂跑;4.000000;2.000000;3.000000;6.000000;5.000000;10.000000;;15.000000;9.000000;18.000000;7.000000;21.000000;;;14.000000;;;8.000000;;17.000000;;;1.000000
M634;MIIT燃脂跑;4.000000;2.000000;3.000000;6.000000;5.000000;10.000000;;15.000000;9.000000;18.000000;7.000000;21.000000;;;14.000000;;;8.000000;;17.000000;;;1.000000
M635;MAF180初级;4.000000;2.000000;3.000000;6.000000;5.000000;10.000000;;15.000000;9.000000;18.000000;7.000000;21.000000;;;14.000000;;;8.000000;;17.000000;;;1.000000
M636;MAF180进阶;4.000000;2.000000;3.000000;6.000000;5.000000;10.000000;;15.000000;9.000000;18.000000;7.000000;21.000000;;;14.000000;;;8.000000;;17.000000;;;1.000000
M637;有氧耐力跑;4.000000;2.000000;3.000000;6.000000;5.000000;10.000000;;15.000000;9.000000;18.000000;7.000000;21.000000;;;14.000000;;;8.000000;;17.000000;;;1.000000
M638;LSD长距离慢跑;4.000000;2.000000;3.000000;6.000000;5.000000;10.000000;;15.000000;9.000000;18.000000;7.000000;21.000000;;;14.000000;;;8.000000;;17.000000;;;1.000000
M639;乳酸门槛跑;4.000000;2.000000;3.000000;6.000000;5.000000;10.000000;;15.000000;9.000000;18.000000;7.000000;21.000000;;;14.000000;;;8.000000;;17.000000;;;1.000000
M640;分段跑初级;4.000000;2.000000;3.000000;6.000000;5.000000;10.000000;;15.000000;9.000000;18.000000;7.000000;21.000000;;;14.000000;;;8.000000;;17.000000;;;1.000000
M641;分段跑进阶;4.000000;2.000000;3.000000;6.000000;5.000000;10.000000;;15.000000;9.000000;18.000000;7.000000;21.000000;;;14.000000;;;8.000000;;17.000000;;;1.000000
M642;22分钟;4.000000;2.000000;3.000000;6.000000;5.000000;10.000000;;15.000000;9.000000;18.000000;7.000000;21.000000;;;14.000000;;;8.000000;;17.000000;;;1.000000
M643;25分钟;4.000000;2.000000;3.000000;6.000000;5.000000;10.000000;;15.000000;9.000000;18.000000;7.000000;21.000000;;;14.000000;;;8.000000;;17.000000;;;1.000000
M644;26分钟;4.000000;2.000000;3.000000;6.000000;5.000000;10.000000;;15.000000;9.000000;18.000000;7.000000;21.000000;;;14.000000;;;8.000000;;17.000000;;;1.000000
M645;27分钟;4.000000;2.000000;3.000000;6.000000;5.000000;10.000000;;15.000000;9.000000;18.000000;7.000000;21.000000;;;14.000000;;;8.000000;;17.000000;;;1.000000
M646;28分钟;4.000000;2.000000;3.000000;6.000000;5.000000;10.000000;;15.000000;9.000000;18.000000;7.000000;21.000000;;;14.000000;;;8.000000;;17.000000;;;1.000000
M647;30分钟;4.000000;2.000000;3.000000;6.000000;5.000000;10.000000;;15.000000;9.000000;18.000000;7.000000;21.000000;;;14.000000;;;8.000000;;17.000000;;;1.000000
M648;36分钟;4.000000;2.000000;3.000000;6.000000;5.000000;10.000000;;15.000000;9.000000;18.000000;7.000000;21.000000;;;14.000000;;;8.000000;;17.000000;;;1.000000
M649;37分钟;4.000000;2.000000;3.000000;6.000000;5.000000;10.000000;;15.000000;9.000000;18.000000;7.000000;21.000000;;;14.000000;;;8.000000;;17.000000;;;1.000000
M650;46分钟;4.000000;2.000000;3.000000;6.000000;5.000000;10.000000;;15.000000;9.000000;18.000000;7.000000;21.000000;;;14.000000;;;8.000000;;17.000000;;;1.000000
M651;66分钟;4.000000;2.000000;3.000000;6.000000;5.000000;10.000000;;15.000000;9.000000;18.000000;7.000000;21.000000;;;14.000000;;;8.000000;;17.000000;;;1.000000
M652;运动记录过少，
请重新开始运动;4.000000;2.000000;3.000000;6.000000;5.000000;10.000000;;15.000000;9.000000;18.000000;7.000000;21.000000;;;14.000000;;;8.000000;;17.000000;;;1.000000
M653;运动时间过长，
请先休息一下吧;4.000000;2.000000;3.000000;6.000000;5.000000;10.000000;;15.000000;9.000000;18.000000;7.000000;21.000000;;;14.000000;;;8.000000;;17.000000;;;1.000000
M654;请打开APP查看详情;4.000000;2.000000;3.000000;6.000000;5.000000;10.000000;;15.000000;9.000000;18.000000;7.000000;21.000000;;;14.000000;;;8.000000;;17.000000;;;1.000000
M655;睡眠得分;4.000000;2.000000;3.000000;6.000000;5.000000;10.000000;;15.000000;9.000000;18.000000;7.000000;21.000000;;;14.000000;;;8.000000;;17.000000;;;1.000000
M656;深睡比例;4.000000;2.000000;3.000000;6.000000;5.000000;10.000000;;15.000000;9.000000;18.000000;7.000000;21.000000;;;14.000000;;;8.000000;;17.000000;;;1.000000
M657;浅睡比例;4.000000;2.000000;3.000000;6.000000;5.000000;10.000000;;15.000000;9.000000;18.000000;7.000000;21.000000;;;14.000000;;;8.000000;;17.000000;;;1.000000
M658;rem比例;4.000000;2.000000;3.000000;6.000000;5.000000;10.000000;;15.000000;9.000000;18.000000;7.000000;21.000000;;;14.000000;;;8.000000;;17.000000;;;1.000000
M659;未更新;4.000000;2.000000;3.000000;6.000000;5.000000;10.000000;;15.000000;9.000000;18.000000;7.000000;21.000000;;;14.000000;;;8.000000;;17.000000;;;1.000000
M660;偏低;4.000000;2.000000;3.000000;6.000000;5.000000;10.000000;;15.000000;9.000000;18.000000;7.000000;21.000000;;;14.000000;;;8.000000;;17.000000;;;1.000000
M661;正常;4.000000;2.000000;3.000000;6.000000;5.000000;10.000000;;15.000000;9.000000;18.000000;7.000000;21.000000;;;14.000000;;;8.000000;;17.000000;;;1.000000
M662;偏高;4.000000;2.000000;3.000000;6.000000;5.000000;10.000000;;15.000000;9.000000;18.000000;7.000000;21.000000;;;14.000000;;;8.000000;;17.000000;;;1.000000
M663;睡眠连续性;4.000000;2.000000;3.000000;6.000000;5.000000;10.000000;;15.000000;9.000000;18.000000;7.000000;21.000000;;;14.000000;;;8.000000;;17.000000;;;1.000000
M664;分;4.000000;2.000000;3.000000;6.000000;5.000000;10.000000;;15.000000;9.000000;18.000000;7.000000;21.000000;;;14.000000;;;8.000000;;17.000000;;;1.000000
M665;超过卡片数量上限;4.000000;2.000000;3.000000;6.000000;5.000000;10.000000;;15.000000;9.000000;18.000000;7.000000;21.000000;;;14.000000;;;8.000000;;17.000000;;;1.000000
M666;记录保存中;4.000000;2.000000;3.000000;6.000000;5.000000;10.000000;;15.000000;9.000000;18.000000;7.000000;21.000000;;;14.000000;;;8.000000;;17.000000;;;1.000000
M667;当前实时心率：
超过设定心率：
请调整呼吸，如有
不适及请时就医！;4.000000;2.000000;3.000000;6.000000;5.000000;10.000000;;15.000000;9.000000;18.000000;7.000000;21.000000;;;14.000000;;;8.000000;;17.000000;;;1.000000
M668;扫码开始绑定;4.000000;2.000000;3.000000;6.000000;5.000000;10.000000;;15.000000;9.000000;18.000000;7.000000;21.000000;;;14.000000;;;8.000000;;17.000000;;;1.000000
M669;蓝牙设置;4.000000;2.000000;3.000000;6.000000;5.000000;10.000000;;15.000000;9.000000;18.000000;7.000000;21.000000;;;14.000000;;;8.000000;;17.000000;;;1.000000
M670;经典蓝牙;4.000000;2.000000;3.000000;6.000000;5.000000;10.000000;;15.000000;9.000000;18.000000;7.000000;21.000000;;;14.000000;;;8.000000;;17.000000;;;1.000000
M671;没有歌曲，请连接APP下载;4.000000;2.000000;3.000000;6.000000;5.000000;10.000000;;15.000000;9.000000;18.000000;7.000000;21.000000;;;14.000000;;;8.000000;;17.000000;;;1.000000
M672;是否删除歌曲？;4.000000;2.000000;3.000000;6.000000;5.000000;10.000000;;15.000000;9.000000;18.000000;7.000000;21.000000;;;14.000000;;;8.000000;;17.000000;;;1.000000
M673;录音;4.000000;2.000000;3.000000;6.000000;5.000000;10.000000;;15.000000;9.000000;18.000000;7.000000;21.000000;;;14.000000;;;8.000000;;17.000000;;;1.000000
M674;录音;4.000000;2.000000;3.000000;6.000000;5.000000;10.000000;;15.000000;9.000000;18.000000;7.000000;21.000000;;;14.000000;;;8.000000;;17.000000;;;1.000000
M675;没有存储设备;4.000000;2.000000;3.000000;6.000000;5.000000;10.000000;;15.000000;9.000000;18.000000;7.000000;21.000000;;;14.000000;;;8.000000;;17.000000;;;1.000000
M676;计时结束;4.000000;2.000000;3.000000;6.000000;5.000000;10.000000;;15.000000;9.000000;18.000000;7.000000;21.000000;;;14.000000;;;8.000000;;17.000000;;;1.000000
M677;年;4.000000;2.000000;3.000000;6.000000;5.000000;10.000000;;15.000000;9.000000;18.000000;7.000000;21.000000;;;14.000000;;;8.000000;;17.000000;;;1.000000
M678;月;4.000000;2.000000;3.000000;6.000000;5.000000;10.000000;;15.000000;9.000000;18.000000;7.000000;21.000000;;;14.000000;;;8.000000;;17.000000;;;1.000000
M679;日历;4.000000;2.000000;3.000000;6.000000;5.000000;10.000000;;15.000000;9.000000;18.000000;7.000000;21.000000;;;14.000000;;;8.000000;;17.000000;;;1.000000
M680;日历;4.000000;2.000000;3.000000;6.000000;5.000000;10.000000;;15.000000;9.000000;18.000000;7.000000;21.000000;;;14.000000;;;8.000000;;17.000000;;;1.000000
M681;计算器;4.000000;2.000000;3.000000;6.000000;5.000000;10.000000;;15.000000;9.000000;18.000000;7.000000;21.000000;;;14.000000;;;8.000000;;17.000000;;;1.000000
M682;计算器;4.000000;2.000000;3.000000;6.000000;5.000000;10.000000;;15.000000;9.000000;18.000000;7.000000;21.000000;;;14.000000;;;8.000000;;17.000000;;;1.000000
M683;使用支付宝扫码绑定;4.000000;2.000000;3.000000;6.000000;5.000000;10.000000;;15.000000;9.000000;18.000000;7.000000;21.000000;;;14.000000;;;8.000000;;17.000000;;;1.000000
M684;正在绑定;4.000000;2.000000;3.000000;6.000000;5.000000;10.000000;;15.000000;9.000000;18.000000;7.000000;21.000000;;;14.000000;;;8.000000;;17.000000;;;1.000000
M685;绑定失败;4.000000;2.000000;3.000000;6.000000;5.000000;10.000000;;15.000000;9.000000;18.000000;7.000000;21.000000;;;14.000000;;;8.000000;;17.000000;;;1.000000
M686;绑定成功;4.000000;2.000000;3.000000;6.000000;5.000000;10.000000;;15.000000;9.000000;18.000000;7.000000;21.000000;;;14.000000;;;8.000000;;17.000000;;;1.000000
M687;付款码;4.000000;2.000000;3.000000;6.000000;5.000000;10.000000;;15.000000;9.000000;18.000000;7.000000;21.000000;;;14.000000;;;8.000000;;17.000000;;;1.000000
M688;切换二维码;4.000000;2.000000;3.000000;6.000000;5.000000;10.000000;;15.000000;9.000000;18.000000;7.000000;21.000000;;;14.000000;;;8.000000;;17.000000;;;1.000000
M689;切换条形码;4.000000;2.000000;3.000000;6.000000;5.000000;10.000000;;15.000000;9.000000;18.000000;7.000000;21.000000;;;14.000000;;;8.000000;;17.000000;;;1.000000
M690;解除绑定;4.000000;2.000000;3.000000;6.000000;5.000000;10.000000;;15.000000;9.000000;18.000000;7.000000;21.000000;;;14.000000;;;8.000000;;17.000000;;;1.000000
M691;确认;4.000000;2.000000;3.000000;6.000000;5.000000;10.000000;;15.000000;9.000000;18.000000;7.000000;21.000000;;;14.000000;;;8.000000;;17.000000;;;1.000000
M692;取消;4.000000;2.000000;3.000000;6.000000;5.000000;10.000000;;15.000000;9.000000;18.000000;7.000000;21.000000;;;14.000000;;;8.000000;;17.000000;;;1.000000
M693;设置;4.000000;2.000000;3.000000;6.000000;5.000000;10.000000;;15.000000;9.000000;18.000000;7.000000;21.000000;;;14.000000;;;8.000000;;17.000000;;;1.000000
M694;解绑后将无法使用支付宝各
项功能，确认解绑？;4.000000;2.000000;3.000000;6.000000;5.000000;10.000000;;15.000000;9.000000;18.000000;7.000000;21.000000;;;14.000000;;;8.000000;;17.000000;;;1.000000
M695;设备侧已解绑，请在手机支
付宝上解除该设备，完成解
绑;4.000000;2.000000;3.000000;6.000000;5.000000;10.000000;;15.000000;9.000000;18.000000;7.000000;21.000000;;;14.000000;;;8.000000;;17.000000;;;1.000000
M696;动画模拟;4.000000;2.000000;3.000000;6.000000;5.000000;10.000000;;15.000000;9.000000;18.000000;7.000000;21.000000;;;14.000000;;;8.000000;;17.000000;;;1.000000
M697;最近使用的APP将在这里显示;4.000000;2.000000;3.000000;6.000000;5.000000;10.000000;;15.000000;9.000000;18.000000;7.000000;21.000000;;;14.000000;;;8.000000;;17.000000;;;1.000000
M698;所有App;4.000000;2.000000;3.000000;6.000000;5.000000;10.000000;;15.000000;9.000000;18.000000;7.000000;21.000000;;;14.000000;;;8.000000;;17.000000;;;1.000000
M699;赢得游戏！;4.000000;2.000000;3.000000;6.000000;5.000000;10.000000;;15.000000;9.000000;18.000000;7.000000;21.000000;;;14.000000;;;8.000000;;17.000000;;;1.000000
M700;和棋了！;4.000000;2.000000;3.000000;6.000000;5.000000;10.000000;;15.000000;9.000000;18.000000;7.000000;21.000000;;;14.000000;;;8.000000;;17.000000;;;1.000000
M701;悔棋一手？;4.000000;2.000000;3.000000;6.000000;5.000000;10.000000;;15.000000;9.000000;18.000000;7.000000;21.000000;;;14.000000;;;8.000000;;17.000000;;;1.000000
M702;退出游戏;4.000000;2.000000;3.000000;6.000000;5.000000;10.000000;;15.000000;9.000000;18.000000;7.000000;21.000000;;;14.000000;;;8.000000;;17.000000;;;1.000000
M703;重新开始;4.000000;2.000000;3.000000;6.000000;5.000000;10.000000;;15.000000;9.000000;18.000000;7.000000;21.000000;;;14.000000;;;8.000000;;17.000000;;;1.000000
M704;返回游戏;4.000000;2.000000;3.000000;6.000000;5.000000;10.000000;;15.000000;9.000000;18.000000;7.000000;21.000000;;;14.000000;;;8.000000;;17.000000;;;1.000000
M705;确认悔棋;4.000000;2.000000;3.000000;6.000000;5.000000;10.000000;;15.000000;9.000000;18.000000;7.000000;21.000000;;;14.000000;;;8.000000;;17.000000;;;1.000000
M706;乘车码;4.000000;2.000000;3.000000;6.000000;5.000000;10.000000;;15.000000;9.000000;18.000000;7.000000;21.000000;;;14.000000;;;8.000000;;17.000000;;;1.000000
M707;切换乘车码;4.000000;2.000000;3.000000;6.000000;5.000000;10.000000;;15.000000;9.000000;18.000000;7.000000;21.000000;;;14.000000;;;8.000000;;17.000000;;;1.000000
M708;乘车码未开通;4.000000;2.000000;3.000000;6.000000;5.000000;10.000000;;15.000000;9.000000;18.000000;7.000000;21.000000;;;14.000000;;;8.000000;;17.000000;;;1.000000
M709;获取城市列表失败，请打开
手机app更新数据后再尝试;4.000000;2.000000;3.000000;6.000000;5.000000;10.000000;;15.000000;9.000000;18.000000;7.000000;21.000000;;;14.000000;;;8.000000;;17.000000;;;1.000000
M710;获取乘车码失败，请打开
手机app更新数据后再尝试;4.000000;2.000000;3.000000;6.000000;5.000000;10.000000;;15.000000;9.000000;18.000000;7.000000;21.000000;;;14.000000;;;8.000000;;17.000000;;;1.000000
M711;请确保支付宝的乘车码已开通，
打开手机app更新数据后再尝试;4.000000;2.000000;3.000000;6.000000;5.000000;10.000000;;15.000000;9.000000;18.000000;7.000000;21.000000;;;14.000000;;;8.000000;;17.000000;;;1.000000
M712;未知错误，请联系厂商解决;4.000000;2.000000;3.000000;6.000000;5.000000;10.000000;;15.000000;9.000000;18.000000;7.000000;21.000000;;;14.000000;;;8.000000;;17.000000;;;1.000000
M713;您好：;4.000000;2.000000;3.000000;6.000000;5.000000;10.000000;;15.000000;9.000000;18.000000;7.000000;21.000000;;;14.000000;;;8.000000;;17.000000;;;1.000000
M714;科大讯飞AI;4.000000;2.000000;3.000000;6.000000;5.000000;10.000000;;15.000000;9.000000;18.000000;7.000000;21.000000;;;14.000000;;;8.000000;;17.000000;;;1.000000
M715;confirm;4.000000;2.000000;3.000000;6.000000;5.000000;10.000000;;15.000000;9.000000;18.000000;7.000000;21.000000;;;14.000000;;;8.000000;;17.000000;;;1.000000
M716;思考中......;4.000000;2.000000;3.000000;6.000000;5.000000;10.000000;;15.000000;9.000000;18.000000;7.000000;21.000000;;;14.000000;;;8.000000;;17.000000;;;1.000000
M717;科大讯飞AI;4.000000;2.000000;3.000000;6.000000;5.000000;10.000000;;15.000000;9.000000;18.000000;7.000000;21.000000;;;14.000000;;;8.000000;;17.000000;;;1.000000
M718;科大讯飞AI;4.000000;2.000000;3.000000;6.000000;5.000000;10.000000;;15.000000;9.000000;18.000000;7.000000;21.000000;;;14.000000;;;8.000000;;17.000000;;;1.000000
M719;“明天的天气怎么样？”;4.000000;2.000000;3.000000;6.000000;5.000000;10.000000;;15.000000;9.000000;18.000000;7.000000;21.000000;;;14.000000;;;8.000000;;17.000000;;;1.000000
M720;start;4.000000;2.000000;3.000000;6.000000;5.000000;10.000000;;15.000000;9.000000;18.000000;7.000000;21.000000;;;14.000000;;;8.000000;;17.000000;;;1.000000
M721;请连接手机APP;4.000000;2.000000;3.000000;6.000000;5.000000;10.000000;;15.000000;9.000000;18.000000;7.000000;21.000000;;;14.000000;;;8.000000;;17.000000;;;1.000000
M722;（若未识别到语音将自动跳转列表）;4.000000;2.000000;3.000000;6.000000;5.000000;10.000000;;15.000000;9.000000;18.000000;7.000000;21.000000;;;14.000000;;;8.000000;;17.000000;;;1.000000
M723;开始生成;4.000000;2.000000;3.000000;6.000000;5.000000;10.000000;;15.000000;9.000000;18.000000;7.000000;21.000000;;;14.000000;;;8.000000;;17.000000;;;1.000000
M724;重新录入;4.000000;2.000000;3.000000;6.000000;5.000000;10.000000;;15.000000;9.000000;18.000000;7.000000;21.000000;;;14.000000;;;8.000000;;17.000000;;;1.000000
M725;安装;4.000000;2.000000;3.000000;6.000000;5.000000;10.000000;;15.000000;9.000000;18.000000;7.000000;21.000000;;;14.000000;;;8.000000;;17.000000;;;1.000000
M726;重新生成;4.000000;2.000000;3.000000;6.000000;5.000000;10.000000;;15.000000;9.000000;18.000000;7.000000;21.000000;;;14.000000;;;8.000000;;17.000000;;;1.000000
M727;AI表盘;4.000000;2.000000;3.000000;6.000000;5.000000;10.000000;;15.000000;9.000000;18.000000;7.000000;21.000000;;;14.000000;;;8.000000;;17.000000;;;1.000000
M728;AI表盘;4.000000;2.000000;3.000000;6.000000;5.000000;10.000000;;15.000000;9.000000;18.000000;7.000000;21.000000;;;14.000000;;;8.000000;;17.000000;;;1.000000
M729;AI表盘;4.000000;2.000000;3.000000;6.000000;5.000000;10.000000;;15.000000;9.000000;18.000000;7.000000;21.000000;;;14.000000;;;8.000000;;17.000000;;;1.000000
M730;进入;4.000000;2.000000;3.000000;6.000000;5.000000;10.000000;;15.000000;9.000000;18.000000;7.000000;21.000000;;;14.000000;;;8.000000;;17.000000;;;1.000000
M731;AI计算中，请打开宜动健康
APP以便表盘自动保存到本地;4.000000;2.000000;3.000000;6.000000;5.000000;10.000000;;15.000000;9.000000;18.000000;7.000000;21.000000;;;14.000000;;;8.000000;;17.000000;;;1.000000
M732;安装中...;4.000000;2.000000;3.000000;6.000000;5.000000;10.000000;;15.000000;9.000000;18.000000;7.000000;21.000000;;;14.000000;;;8.000000;;17.000000;;;1.000000
M733;正在通话;4.000000;2.000000;3.000000;6.000000;5.000000;10.000000;;15.000000;9.000000;18.000000;7.000000;21.000000;;;14.000000;;;8.000000;;17.000000;;;1.000000
M734;请选择拨打方式;4.000000;2.000000;3.000000;6.000000;5.000000;10.000000;;15.000000;9.000000;18.000000;7.000000;21.000000;;;14.000000;;;8.000000;;17.000000;;;1.000000
M735;手机;4.000000;2.000000;3.000000;6.000000;5.000000;10.000000;;15.000000;9.000000;18.000000;7.000000;21.000000;;;14.000000;;;8.000000;;17.000000;;;1.000000
M736;手表;4.000000;2.000000;3.000000;6.000000;5.000000;10.000000;;15.000000;9.000000;18.000000;7.000000;21.000000;;;14.000000;;;8.000000;;17.000000;;;1.000000
M737;取消;4.000000;2.000000;3.000000;6.000000;5.000000;10.000000;;15.000000;9.000000;18.000000;7.000000;21.000000;;;14.000000;;;8.000000;;17.000000;;;1.000000
M738;移动网络;4.000000;2.000000;3.000000;6.000000;5.000000;10.000000;;15.000000;9.000000;18.000000;7.000000;21.000000;;;14.000000;;;8.000000;;17.000000;;;1.000000
M739;网络开关;4.000000;2.000000;3.000000;6.000000;5.000000;10.000000;;15.000000;9.000000;18.000000;7.000000;21.000000;;;14.000000;;;8.000000;;17.000000;;;1.000000
M740;设备信息;4.000000;2.000000;3.000000;6.000000;5.000000;10.000000;;15.000000;9.000000;18.000000;7.000000;21.000000;;;14.000000;;;8.000000;;17.000000;;;1.000000
M741;Tele;4.000000;2.000000;3.000000;6.000000;5.000000;10.000000;;15.000000;9.000000;18.000000;7.000000;21.000000;;;14.000000;;;8.000000;;17.000000;;;1.000000
M742;电源控制;4.000000;2.000000;3.000000;6.000000;5.000000;10.000000;;15.000000;9.000000;18.000000;7.000000;21.000000;;;14.000000;;;8.000000;;17.000000;;;1.000000
M743;Wifi-Scan;4.000000;2.000000;3.000000;6.000000;5.000000;10.000000;;15.000000;9.000000;18.000000;7.000000;21.000000;;;14.000000;;;8.000000;;17.000000;;;1.000000
M744;工程模式;4.000000;2.000000;3.000000;6.000000;5.000000;10.000000;;15.000000;9.000000;18.000000;7.000000;21.000000;;;14.000000;;;8.000000;;17.000000;;;1.000000
M745;软件版本号;4.000000;2.000000;3.000000;6.000000;5.000000;10.000000;;15.000000;9.000000;18.000000;7.000000;21.000000;;;14.000000;;;8.000000;;17.000000;;;1.000000
M746;SN设备序列号;4.000000;2.000000;3.000000;6.000000;5.000000;10.000000;;15.000000;9.000000;18.000000;7.000000;21.000000;;;14.000000;;;8.000000;;17.000000;;;1.000000
M747;IMEI设备识别码;4.000000;2.000000;3.000000;6.000000;5.000000;10.000000;;15.000000;9.000000;18.000000;7.000000;21.000000;;;14.000000;;;8.000000;;17.000000;;;1.000000
M748;是否已校准;4.000000;2.000000;3.000000;6.000000;5.000000;10.000000;;15.000000;9.000000;18.000000;7.000000;21.000000;;;14.000000;;;8.000000;;17.000000;;;1.000000
M749;Sim卡信息;4.000000;2.000000;3.000000;6.000000;5.000000;10.000000;;15.000000;9.000000;18.000000;7.000000;21.000000;;;14.000000;;;8.000000;;17.000000;;;1.000000
M750;信号状态;4.000000;2.000000;3.000000;6.000000;5.000000;10.000000;;15.000000;9.000000;18.000000;7.000000;21.000000;;;14.000000;;;8.000000;;17.000000;;;1.000000
M751;小区信息;4.000000;2.000000;3.000000;6.000000;5.000000;10.000000;;15.000000;9.000000;18.000000;7.000000;21.000000;;;14.000000;;;8.000000;;17.000000;;;1.000000
M752;驻网状态;4.000000;2.000000;3.000000;6.000000;5.000000;10.000000;;15.000000;9.000000;18.000000;7.000000;21.000000;;;14.000000;;;8.000000;;17.000000;;;1.000000
M753;网络上下行速率;4.000000;2.000000;3.000000;6.000000;5.000000;10.000000;;15.000000;9.000000;18.000000;7.000000;21.000000;;;14.000000;;;8.000000;;17.000000;;;1.000000
M754;call设置;4.000000;2.000000;3.000000;6.000000;5.000000;10.000000;;15.000000;9.000000;18.000000;7.000000;21.000000;;;14.000000;;;8.000000;;17.000000;;;1.000000
M755;SMS设置;4.000000;2.000000;3.000000;6.000000;5.000000;10.000000;;15.000000;9.000000;18.000000;7.000000;21.000000;;;14.000000;;;8.000000;;17.000000;;;1.000000
M756;POWER ON;4.000000;2.000000;3.000000;6.000000;5.000000;10.000000;;15.000000;9.000000;18.000000;7.000000;21.000000;;;14.000000;;;8.000000;;17.000000;;;1.000000
M757;RESET;4.000000;2.000000;3.000000;6.000000;5.000000;10.000000;;15.000000;9.000000;18.000000;7.000000;21.000000;;;14.000000;;;8.000000;;17.000000;;;1.000000
M758;单channel搜索;4.000000;2.000000;3.000000;6.000000;5.000000;10.000000;;15.000000;9.000000;18.000000;7.000000;21.000000;;;14.000000;;;8.000000;;17.000000;;;1.000000
M759;是否在位;4.000000;2.000000;3.000000;6.000000;5.000000;10.000000;;15.000000;9.000000;18.000000;7.000000;21.000000;;;14.000000;;;8.000000;;17.000000;;;1.000000
M760;IMSI;4.000000;2.000000;3.000000;6.000000;5.000000;10.000000;;15.000000;9.000000;18.000000;7.000000;21.000000;;;14.000000;;;8.000000;;17.000000;;;1.000000
M761;本机号码;4.000000;2.000000;3.000000;6.000000;5.000000;10.000000;;15.000000;9.000000;18.000000;7.000000;21.000000;;;14.000000;;;8.000000;;17.000000;;;1.000000
M762;信号强度;4.000000;2.000000;3.000000;6.000000;5.000000;10.000000;;15.000000;9.000000;18.000000;7.000000;21.000000;;;14.000000;;;8.000000;;17.000000;;;1.000000
M763;信号等级;4.000000;2.000000;3.000000;6.000000;5.000000;10.000000;;15.000000;9.000000;18.000000;7.000000;21.000000;;;14.000000;;;8.000000;;17.000000;;;1.000000
M764;信号强度等级;4.000000;2.000000;3.000000;6.000000;5.000000;10.000000;;15.000000;9.000000;18.000000;7.000000;21.000000;;;14.000000;;;8.000000;;17.000000;;;1.000000
M765;dB;4.000000;2.000000;3.000000;6.000000;5.000000;10.000000;;15.000000;9.000000;18.000000;7.000000;21.000000;;;14.000000;;;8.000000;;17.000000;;;1.000000
M766;当区信息;4.000000;2.000000;3.000000;6.000000;5.000000;10.000000;;15.000000;9.000000;18.000000;7.000000;21.000000;;;14.000000;;;8.000000;;17.000000;;;1.000000
M767;邻区信息;4.000000;2.000000;3.000000;6.000000;5.000000;10.000000;;15.000000;9.000000;18.000000;7.000000;21.000000;;;14.000000;;;8.000000;;17.000000;;;1.000000
M768;是否驻网;4.000000;2.000000;3.000000;6.000000;5.000000;10.000000;;15.000000;9.000000;18.000000;7.000000;21.000000;;;14.000000;;;8.000000;;17.000000;;;1.000000
M769;是否IMS驻网;4.000000;2.000000;3.000000;6.000000;5.000000;10.000000;;15.000000;9.000000;18.000000;7.000000;21.000000;;;14.000000;;;8.000000;;17.000000;;;1.000000
M770;是否PDP驻网;4.000000;2.000000;3.000000;6.000000;5.000000;10.000000;;15.000000;9.000000;18.000000;7.000000;21.000000;;;14.000000;;;8.000000;;17.000000;;;1.000000
M771;手动搜网;4.000000;2.000000;3.000000;6.000000;5.000000;10.000000;;15.000000;9.000000;18.000000;7.000000;21.000000;;;14.000000;;;8.000000;;17.000000;;;1.000000
M772;网络速率;4.000000;2.000000;3.000000;6.000000;5.000000;10.000000;;15.000000;9.000000;18.000000;7.000000;21.000000;;;14.000000;;;8.000000;;17.000000;;;1.000000
M773;自动接听;4.000000;2.000000;3.000000;6.000000;5.000000;10.000000;;15.000000;9.000000;18.000000;7.000000;21.000000;;;14.000000;;;8.000000;;17.000000;;;1.000000
M774;IMS驻网显示;4.000000;2.000000;3.000000;6.000000;5.000000;10.000000;;15.000000;9.000000;18.000000;7.000000;21.000000;;;14.000000;;;8.000000;;17.000000;;;1.000000
M775;电话语音loopback;4.000000;2.000000;3.000000;6.000000;5.000000;10.000000;;15.000000;9.000000;18.000000;7.000000;21.000000;;;14.000000;;;8.000000;;17.000000;;;1.000000
M776;收单条短信;4.000000;2.000000;3.000000;6.000000;5.000000;10.000000;;15.000000;9.000000;18.000000;7.000000;21.000000;;;14.000000;;;8.000000;;17.000000;;;1.000000
M777;短信中心号码;4.000000;2.000000;3.000000;6.000000;5.000000;10.000000;;15.000000;9.000000;18.000000;7.000000;21.000000;;;14.000000;;;8.000000;;17.000000;;;1.000000
M778;上行速率;4.000000;2.000000;3.000000;6.000000;5.000000;10.000000;;15.000000;9.000000;18.000000;7.000000;21.000000;;;14.000000;;;8.000000;;17.000000;;;1.000000
M779;下行速率;4.000000;2.000000;3.000000;6.000000;5.000000;10.000000;;15.000000;9.000000;18.000000;7.000000;21.000000;;;14.000000;;;8.000000;;17.000000;;;1.000000
M780;Assert;4.000000;2.000000;3.000000;6.000000;5.000000;10.000000;;15.000000;9.000000;18.000000;7.000000;21.000000;;;14.000000;;;8.000000;;17.000000;;;1.000000
M781;发单条短信;4.000000;2.000000;3.000000;6.000000;5.000000;10.000000;;15.000000;9.000000;18.000000;7.000000;21.000000;;;14.000000;;;8.000000;;17.000000;;;1.000000
M782;当区信息;4.000000;2.000000;3.000000;6.000000;5.000000;10.000000;;15.000000;9.000000;18.000000;7.000000;21.000000;;;14.000000;;;8.000000;;17.000000;;;1.000000
M783;邻区信息;4.000000;2.000000;3.000000;6.000000;5.000000;10.000000;;15.000000;9.000000;18.000000;7.000000;21.000000;;;14.000000;;;8.000000;;17.000000;;;1.000000
M784;网络类型;4.000000;2.000000;3.000000;6.000000;5.000000;10.000000;;15.000000;9.000000;18.000000;7.000000;21.000000;;;14.000000;;;8.000000;;17.000000;;;1.000000
M785;mcc;4.000000;2.000000;3.000000;6.000000;5.000000;10.000000;;15.000000;9.000000;18.000000;7.000000;21.000000;;;14.000000;;;8.000000;;17.000000;;;1.000000
M786;mnc;4.000000;2.000000;3.000000;6.000000;5.000000;10.000000;;15.000000;9.000000;18.000000;7.000000;21.000000;;;14.000000;;;8.000000;;17.000000;;;1.000000
M787;tac;4.000000;2.000000;3.000000;6.000000;5.000000;10.000000;;15.000000;9.000000;18.000000;7.000000;21.000000;;;14.000000;;;8.000000;;17.000000;;;1.000000
M788;earfcn;4.000000;2.000000;3.000000;6.000000;5.000000;10.000000;;15.000000;9.000000;18.000000;7.000000;21.000000;;;14.000000;;;8.000000;;17.000000;;;1.000000
M789;cellid;4.000000;2.000000;3.000000;6.000000;5.000000;10.000000;;15.000000;9.000000;18.000000;7.000000;21.000000;;;14.000000;;;8.000000;;17.000000;;;1.000000
M790;rsrp;4.000000;2.000000;3.000000;6.000000;5.000000;10.000000;;15.000000;9.000000;18.000000;7.000000;21.000000;;;14.000000;;;8.000000;;17.000000;;;1.000000
M791;rsrq;4.000000;2.000000;3.000000;6.000000;5.000000;10.000000;;15.000000;9.000000;18.000000;7.000000;21.000000;;;14.000000;;;8.000000;;17.000000;;;1.000000
M792;pcid;4.000000;2.000000;3.000000;6.000000;5.000000;10.000000;;15.000000;9.000000;18.000000;7.000000;21.000000;;;14.000000;;;8.000000;;17.000000;;;1.000000
M793;通讯设置;4.000000;2.000000;3.000000;6.000000;5.000000;10.000000;;15.000000;9.000000;18.000000;7.000000;21.000000;;;14.000000;;;8.000000;;17.000000;;;1.000000
M794;飞行模式;4.000000;2.000000;3.000000;6.000000;5.000000;10.000000;;15.000000;9.000000;18.000000;7.000000;21.000000;;;14.000000;;;8.000000;;17.000000;;;1.000000
M795;通讯与数据;4.000000;2.000000;3.000000;6.000000;5.000000;10.000000;;15.000000;9.000000;18.000000;7.000000;21.000000;;;14.000000;;;8.000000;;17.000000;;;1.000000
M796;通讯;4.000000;2.000000;3.000000;6.000000;5.000000;10.000000;;15.000000;9.000000;18.000000;7.000000;21.000000;;;14.000000;;;8.000000;;17.000000;;;1.000000
M797;打开将开启手表通话能力;4.000000;2.000000;3.000000;6.000000;5.000000;10.000000;;15.000000;9.000000;18.000000;7.000000;21.000000;;;14.000000;;;8.000000;;17.000000;;;1.000000
M798;运营商;4.000000;2.000000;3.000000;6.000000;5.000000;10.000000;;15.000000;9.000000;18.000000;7.000000;21.000000;;;14.000000;;;8.000000;;17.000000;;;1.000000
M799;移动数据;4.000000;2.000000;3.000000;6.000000;5.000000;10.000000;;15.000000;9.000000;18.000000;7.000000;21.000000;;;14.000000;;;8.000000;;17.000000;;;1.000000
M800;飞行模式;4.000000;2.000000;3.000000;6.000000;5.000000;10.000000;;15.000000;9.000000;18.000000;7.000000;21.000000;;;14.000000;;;8.000000;;17.000000;;;1.000000
M801;is_roaming;4.000000;2.000000;3.000000;6.000000;5.000000;10.000000;;15.000000;9.000000;18.000000;7.000000;21.000000;;;14.000000;;;8.000000;;17.000000;;;1.000000
M802;band;4.000000;2.000000;3.000000;6.000000;5.000000;10.000000;;15.000000;9.000000;18.000000;7.000000;21.000000;;;14.000000;;;8.000000;;17.000000;;;1.000000
M803;ul_bandwidth;4.000000;2.000000;3.000000;6.000000;5.000000;10.000000;;15.000000;9.000000;18.000000;7.000000;21.000000;;;14.000000;;;8.000000;;17.000000;;;1.000000
M804;dl_bandwidth;4.000000;2.000000;3.000000;6.000000;5.000000;10.000000;;15.000000;9.000000;18.000000;7.000000;21.000000;;;14.000000;;;8.000000;;17.000000;;;1.000000
M805;sinr;4.000000;2.000000;3.000000;6.000000;5.000000;10.000000;;15.000000;9.000000;18.000000;7.000000;21.000000;;;14.000000;;;8.000000;;17.000000;;;1.000000
M806;srxlev;4.000000;2.000000;3.000000;6.000000;5.000000;10.000000;;15.000000;9.000000;18.000000;7.000000;21.000000;;;14.000000;;;8.000000;;17.000000;;;1.000000
M807;rssi;4.000000;2.000000;3.000000;6.000000;5.000000;10.000000;;15.000000;9.000000;18.000000;7.000000;21.000000;;;14.000000;;;8.000000;;17.000000;;;1.000000
M808;拨打电话;4.000000;2.000000;3.000000;6.000000;5.000000;10.000000;;15.000000;9.000000;18.000000;7.000000;21.000000;;;14.000000;;;8.000000;;17.000000;;;1.000000
M809;好的，收到;4.000000;2.000000;3.000000;6.000000;5.000000;10.000000;;15.000000;9.000000;18.000000;7.000000;21.000000;;;14.000000;;;8.000000;;17.000000;;;1.000000
M810;一会见;4.000000;2.000000;3.000000;6.000000;5.000000;10.000000;;15.000000;9.000000;18.000000;7.000000;21.000000;;;14.000000;;;8.000000;;17.000000;;;1.000000
M811;稍等，马上到;4.000000;2.000000;3.000000;6.000000;5.000000;10.000000;;15.000000;9.000000;18.000000;7.000000;21.000000;;;14.000000;;;8.000000;;17.000000;;;1.000000
M812;在忙，稍后联系;4.000000;2.000000;3.000000;6.000000;5.000000;10.000000;;15.000000;9.000000;18.000000;7.000000;21.000000;;;14.000000;;;8.000000;;17.000000;;;1.000000
M813;是的;4.000000;2.000000;3.000000;6.000000;5.000000;10.000000;;15.000000;9.000000;18.000000;7.000000;21.000000;;;14.000000;;;8.000000;;17.000000;;;1.000000
M814;不是的;4.000000;2.000000;3.000000;6.000000;5.000000;10.000000;;15.000000;9.000000;18.000000;7.000000;21.000000;;;14.000000;;;8.000000;;17.000000;;;1.000000
M815;谢谢;4.000000;2.000000;3.000000;6.000000;5.000000;10.000000;;15.000000;9.000000;18.000000;7.000000;21.000000;;;14.000000;;;8.000000;;17.000000;;;1.000000
M816;OK;4.000000;2.000000;3.000000;6.000000;5.000000;10.000000;;15.000000;9.000000;18.000000;7.000000;21.000000;;;14.000000;;;8.000000;;17.000000;;;1.000000
M817;是否发送以下消息？;4.000000;2.000000;3.000000;6.000000;5.000000;10.000000;;15.000000;9.000000;18.000000;7.000000;21.000000;;;14.000000;;;8.000000;;17.000000;;;1.000000
M818;发送中...;4.000000;2.000000;3.000000;6.000000;5.000000;10.000000;;15.000000;9.000000;18.000000;7.000000;21.000000;;;14.000000;;;8.000000;;17.000000;;;1.000000
M819;请打开移动网络;4.000000;2.000000;3.000000;6.000000;5.000000;10.000000;;15.000000;9.000000;18.000000;7.000000;21.000000;;;14.000000;;;8.000000;;17.000000;;;1.000000
M820;发送超时;4.000000;2.000000;3.000000;6.000000;5.000000;10.000000;;15.000000;9.000000;18.000000;7.000000;21.000000;;;14.000000;;;8.000000;;17.000000;;;1.000000
M821;回复;4.000000;2.000000;3.000000;6.000000;5.000000;10.000000;;15.000000;9.000000;18.000000;7.000000;21.000000;;;14.000000;;;8.000000;;17.000000;;;1.000000
M822;输入;4.000000;2.000000;3.000000;6.000000;5.000000;10.000000;;15.000000;9.000000;18.000000;7.000000;21.000000;;;14.000000;;;8.000000;;17.000000;;;1.000000
M823;短信回复;4.000000;2.000000;3.000000;6.000000;5.000000;10.000000;;15.000000;9.000000;18.000000;7.000000;21.000000;;;14.000000;;;8.000000;;17.000000;;;1.000000
M824;数字;4.000000;2.000000;3.000000;6.000000;5.000000;10.000000;;15.000000;9.000000;18.000000;7.000000;21.000000;;;14.000000;;;8.000000;;17.000000;;;1.000000
M825;abc;4.000000;2.000000;3.000000;6.000000;5.000000;10.000000;;15.000000;9.000000;18.000000;7.000000;21.000000;;;14.000000;;;8.000000;;17.000000;;;1.000000
M826;符;4.000000;2.000000;3.000000;6.000000;5.000000;10.000000;;15.000000;9.000000;18.000000;7.000000;21.000000;;;14.000000;;;8.000000;;17.000000;;;1.000000
M827;LTE通讯;4.000000;2.000000;3.000000;6.000000;5.000000;10.000000;;15.000000;9.000000;18.000000;7.000000;21.000000;;;14.000000;;;8.000000;;17.000000;;;1.000000
M828;工模短信显示;4.000000;2.000000;3.000000;6.000000;5.000000;10.000000;;15.000000;9.000000;18.000000;7.000000;21.000000;;;14.000000;;;8.000000;;17.000000;;;1.000000
M829;short name;4.000000;2.000000;3.000000;6.000000;5.000000;10.000000;;15.000000;9.000000;18.000000;7.000000;21.000000;;;14.000000;;;8.000000;;17.000000;;;1.000000
M830;network type;4.000000;2.000000;3.000000;6.000000;5.000000;10.000000;;15.000000;9.000000;18.000000;7.000000;21.000000;;;14.000000;;;8.000000;;17.000000;;;1.000000
M831;status;4.000000;2.000000;3.000000;6.000000;5.000000;10.000000;;15.000000;9.000000;18.000000;7.000000;21.000000;;;14.000000;;;8.000000;;17.000000;;;1.000000
M832;kB;4.000000;2.000000;3.000000;6.000000;5.000000;10.000000;;15.000000;9.000000;18.000000;7.000000;21.000000;;;14.000000;;;8.000000;;17.000000;;;1.000000
M833;通信设置;4.000000;2.000000;3.000000;6.000000;5.000000;10.000000;;15.000000;9.000000;18.000000;7.000000;21.000000;;;14.000000;;;8.000000;;17.000000;;;1.000000
M834;Telephony;4.000000;2.000000;3.000000;6.000000;5.000000;10.000000;;15.000000;9.000000;18.000000;7.000000;21.000000;;;14.000000;;;8.000000;;17.000000;;;1.000000
M835;MODEM CTRL;4.000000;2.000000;3.000000;6.000000;5.000000;10.000000;;15.000000;9.000000;18.000000;7.000000;21.000000;;;14.000000;;;8.000000;;17.000000;;;1.000000
M836;CFT Result;4.000000;2.000000;3.000000;6.000000;5.000000;10.000000;;15.000000;9.000000;18.000000;7.000000;21.000000;;;14.000000;;;8.000000;;17.000000;;;1.000000
M837;About;4.000000;2.000000;3.000000;6.000000;5.000000;10.000000;;15.000000;9.000000;18.000000;7.000000;21.000000;;;14.000000;;;8.000000;;17.000000;;;1.000000
M838;仲裁模块;4.000000;2.000000;3.000000;6.000000;5.000000;10.000000;;15.000000;9.000000;18.000000;7.000000;21.000000;;;14.000000;;;8.000000;;17.000000;;;1.000000
M839;GNSS;4.000000;2.000000;3.000000;6.000000;5.000000;10.000000;;15.000000;9.000000;18.000000;7.000000;21.000000;;;14.000000;;;8.000000;;17.000000;;;1.000000
M840;WiFi Scan;4.000000;2.000000;3.000000;6.000000;5.000000;10.000000;;15.000000;9.000000;18.000000;7.000000;21.000000;;;14.000000;;;8.000000;;17.000000;;;1.000000
M841;Network;4.000000;2.000000;3.000000;6.000000;5.000000;10.000000;;15.000000;9.000000;18.000000;7.000000;21.000000;;;14.000000;;;8.000000;;17.000000;;;1.000000
M842;VOLTE;4.000000;2.000000;3.000000;6.000000;5.000000;10.000000;;15.000000;9.000000;18.000000;7.000000;21.000000;;;14.000000;;;8.000000;;17.000000;;;1.000000
M843;Lock Frequency;4.000000;2.000000;3.000000;6.000000;5.000000;10.000000;;15.000000;9.000000;18.000000;7.000000;21.000000;;;14.000000;;;8.000000;;17.000000;;;1.000000
M844;Lock Cell;4.000000;2.000000;3.000000;6.000000;5.000000;10.000000;;15.000000;9.000000;18.000000;7.000000;21.000000;;;14.000000;;;8.000000;;17.000000;;;1.000000
M845;BandSelect;4.000000;2.000000;3.000000;6.000000;5.000000;10.000000;;15.000000;9.000000;18.000000;7.000000;21.000000;;;14.000000;;;8.000000;;17.000000;;;1.000000
M846;补充业务;4.000000;2.000000;3.000000;6.000000;5.000000;10.000000;;15.000000;9.000000;18.000000;7.000000;21.000000;;;14.000000;;;8.000000;;17.000000;;;1.000000
M847;无条件呼叫转移设置;4.000000;2.000000;3.000000;6.000000;5.000000;10.000000;;15.000000;9.000000;18.000000;7.000000;21.000000;;;14.000000;;;8.000000;;17.000000;;;1.000000
M848;VERSION;4.000000;2.000000;3.000000;6.000000;5.000000;10.000000;;15.000000;9.000000;18.000000;7.000000;21.000000;;;14.000000;;;8.000000;;17.000000;;;1.000000
M849;ThirdParty;4.000000;2.000000;3.000000;6.000000;5.000000;10.000000;;15.000000;9.000000;18.000000;7.000000;21.000000;;;14.000000;;;8.000000;;17.000000;;;1.000000
M850;gnss mode设置;4.000000;2.000000;3.000000;6.000000;5.000000;10.000000;;15.000000;9.000000;18.000000;7.000000;21.000000;;;14.000000;;;8.000000;;17.000000;;;1.000000
M851;nmealog;4.000000;2.000000;3.000000;6.000000;5.000000;10.000000;;15.000000;9.000000;18.000000;7.000000;21.000000;;;14.000000;;;8.000000;;17.000000;;;1.000000
M852;周期定位测试;4.000000;2.000000;3.000000;6.000000;5.000000;10.000000;;15.000000;9.000000;18.000000;7.000000;21.000000;;;14.000000;;;8.000000;;17.000000;;;1.000000
M853;测试GNSS天线;4.000000;2.000000;3.000000;6.000000;5.000000;10.000000;;15.000000;9.000000;18.000000;7.000000;21.000000;;;14.000000;;;8.000000;;17.000000;;;1.000000
M854;功能测试;4.000000;2.000000;3.000000;6.000000;5.000000;10.000000;;15.000000;9.000000;18.000000;7.000000;21.000000;;;14.000000;;;8.000000;;17.000000;;;1.000000
M855;测试WiFi天线;4.000000;2.000000;3.000000;6.000000;5.000000;10.000000;;15.000000;9.000000;18.000000;7.000000;21.000000;;;14.000000;;;8.000000;;17.000000;;;1.000000
M856;Cell Info;4.000000;2.000000;3.000000;6.000000;5.000000;10.000000;;15.000000;9.000000;18.000000;7.000000;21.000000;;;14.000000;;;8.000000;;17.000000;;;1.000000
M857;NetworkMode;4.000000;2.000000;3.000000;6.000000;5.000000;10.000000;;15.000000;9.000000;18.000000;7.000000;21.000000;;;14.000000;;;8.000000;;17.000000;;;1.000000
M858;VOLTE开关;4.000000;2.000000;3.000000;6.000000;5.000000;10.000000;;15.000000;9.000000;18.000000;7.000000;21.000000;;;14.000000;;;8.000000;;17.000000;;;1.000000
M859;VOLTE白名单;4.000000;2.000000;3.000000;6.000000;5.000000;10.000000;;15.000000;9.000000;18.000000;7.000000;21.000000;;;14.000000;;;8.000000;;17.000000;;;1.000000
M860;IMS参数;4.000000;2.000000;3.000000;6.000000;5.000000;10.000000;;15.000000;9.000000;18.000000;7.000000;21.000000;;;14.000000;;;8.000000;;17.000000;;;1.000000
M861;LTE TDD MODE;4.000000;2.000000;3.000000;6.000000;5.000000;10.000000;;15.000000;9.000000;18.000000;7.000000;21.000000;;;14.000000;;;8.000000;;17.000000;;;1.000000
M862;LTE FDD MODE;4.000000;2.000000;3.000000;6.000000;5.000000;10.000000;;15.000000;9.000000;18.000000;7.000000;21.000000;;;14.000000;;;8.000000;;17.000000;;;1.000000
M863;WCDMA MODE;4.000000;2.000000;3.000000;6.000000;5.000000;10.000000;;15.000000;9.000000;18.000000;7.000000;21.000000;;;14.000000;;;8.000000;;17.000000;;;1.000000
M864;定位启动方式;4.000000;2.000000;3.000000;6.000000;5.000000;10.000000;;15.000000;9.000000;18.000000;7.000000;21.000000;;;14.000000;;;8.000000;;17.000000;;;1.000000
M865;serving cell;4.000000;2.000000;3.000000;6.000000;5.000000;10.000000;;15.000000;9.000000;18.000000;7.000000;21.000000;;;14.000000;;;8.000000;;17.000000;;;1.000000
M866;The Adjacent Cell;4.000000;2.000000;3.000000;6.000000;5.000000;10.000000;;15.000000;9.000000;18.000000;7.000000;21.000000;;;14.000000;;;8.000000;;17.000000;;;1.000000
M867;Between Adjacent Cell;4.000000;2.000000;3.000000;6.000000;5.000000;10.000000;;15.000000;9.000000;18.000000;7.000000;21.000000;;;14.000000;;;8.000000;;17.000000;;;1.000000
M868;后台模式;4.000000;2.000000;3.000000;6.000000;5.000000;10.000000;;15.000000;9.000000;18.000000;7.000000;21.000000;;;14.000000;;;8.000000;;17.000000;;;1.000000
M869;运动模式;4.000000;2.000000;3.000000;6.000000;5.000000;10.000000;;15.000000;9.000000;18.000000;7.000000;21.000000;;;14.000000;;;8.000000;;17.000000;;;1.000000
M870;通话模式;4.000000;2.000000;3.000000;6.000000;5.000000;10.000000;;15.000000;9.000000;18.000000;7.000000;21.000000;;;14.000000;;;8.000000;;17.000000;;;1.000000
M871;Cell ID;4.000000;2.000000;3.000000;6.000000;5.000000;10.000000;;15.000000;9.000000;18.000000;7.000000;21.000000;;;14.000000;;;8.000000;;17.000000;;;1.000000
M872;E-NODEB ID;4.000000;2.000000;3.000000;6.000000;5.000000;10.000000;;15.000000;9.000000;18.000000;7.000000;21.000000;;;14.000000;;;8.000000;;17.000000;;;1.000000
M873;频点;4.000000;2.000000;3.000000;6.000000;5.000000;10.000000;;15.000000;9.000000;18.000000;7.000000;21.000000;;;14.000000;;;8.000000;;17.000000;;;1.000000
M874;SINR;4.000000;2.000000;3.000000;6.000000;5.000000;10.000000;;15.000000;9.000000;18.000000;7.000000;21.000000;;;14.000000;;;8.000000;;17.000000;;;1.000000
M875;信号强度;4.000000;2.000000;3.000000;6.000000;5.000000;10.000000;;15.000000;9.000000;18.000000;7.000000;21.000000;;;14.000000;;;8.000000;;17.000000;;;1.000000
M876;传输模式;Transmission mode;伝送モード;전송 모드;Übertragungs modus;Mode de transmission;Modo de transmisión;;Режим передачи;Modo de transmissão;โหมดการส่ง;Modalità di trasmissione;وضع الإرسال;;;Tryb transmisji;;;Transmissiemodus;;מצב שידור;;;傳輸模式
M877;网络带宽;4.000000;2.000000;3.000000;6.000000;5.000000;10.000000;;15.000000;9.000000;18.000000;7.000000;21.000000;;;14.000000;;;8.000000;;17.000000;;;1.000000
M878;校准结果;4.000000;2.000000;3.000000;6.000000;5.000000;10.000000;;15.000000;9.000000;18.000000;7.000000;21.000000;;;14.000000;;;8.000000;;17.000000;;;1.000000
M879;GSM;4.000000;2.000000;3.000000;6.000000;5.000000;10.000000;;15.000000;9.000000;18.000000;7.000000;21.000000;;;14.000000;;;8.000000;;17.000000;;;1.000000
M880;3G;4.000000;2.000000;3.000000;6.000000;5.000000;10.000000;;15.000000;9.000000;18.000000;7.000000;21.000000;;;14.000000;;;8.000000;;17.000000;;;1.000000
M881;GSM and 3G;4.000000;2.000000;3.000000;6.000000;5.000000;10.000000;;15.000000;9.000000;18.000000;7.000000;21.000000;;;14.000000;;;8.000000;;17.000000;;;1.000000
M882;LTE;4.000000;2.000000;3.000000;6.000000;5.000000;10.000000;;15.000000;9.000000;18.000000;7.000000;21.000000;;;14.000000;;;8.000000;;17.000000;;;1.000000
M883;GSM and LTE;4.000000;2.000000;3.000000;6.000000;5.000000;10.000000;;15.000000;9.000000;18.000000;7.000000;21.000000;;;14.000000;;;8.000000;;17.000000;;;1.000000
M884;3G and LTE;4.000000;2.000000;3.000000;6.000000;5.000000;10.000000;;15.000000;9.000000;18.000000;7.000000;21.000000;;;14.000000;;;8.000000;;17.000000;;;1.000000
M885;GSM and 3G and LTE;4.000000;2.000000;3.000000;6.000000;5.000000;10.000000;;15.000000;9.000000;18.000000;7.000000;21.000000;;;14.000000;;;8.000000;;17.000000;;;1.000000
M886;Assert Modem;4.000000;2.000000;3.000000;6.000000;5.000000;10.000000;;15.000000;9.000000;18.000000;7.000000;21.000000;;;14.000000;;;8.000000;;17.000000;;;1.000000
M887;Reboot Modem;4.000000;2.000000;3.000000;6.000000;5.000000;10.000000;;15.000000;9.000000;18.000000;7.000000;21.000000;;;14.000000;;;8.000000;;17.000000;;;1.000000
M888;Poweroff Modem;4.000000;2.000000;3.000000;6.000000;5.000000;10.000000;;15.000000;9.000000;18.000000;7.000000;21.000000;;;14.000000;;;8.000000;;17.000000;;;1.000000
M889;Poweron Modem;4.000000;2.000000;3.000000;6.000000;5.000000;10.000000;;15.000000;9.000000;18.000000;7.000000;21.000000;;;14.000000;;;8.000000;;17.000000;;;1.000000
M890;Get Modem State;4.000000;2.000000;3.000000;6.000000;5.000000;10.000000;;15.000000;9.000000;18.000000;7.000000;21.000000;;;14.000000;;;8.000000;;17.000000;;;1.000000
M891;GNSS mode;4.000000;2.000000;3.000000;6.000000;5.000000;10.000000;;15.000000;9.000000;18.000000;7.000000;21.000000;;;14.000000;;;8.000000;;17.000000;;;1.000000
M892;GPS;4.000000;2.000000;3.000000;6.000000;5.000000;10.000000;;15.000000;9.000000;18.000000;7.000000;21.000000;;;14.000000;;;8.000000;;17.000000;;;1.000000
M893;BDS;4.000000;2.000000;3.000000;6.000000;5.000000;10.000000;;15.000000;9.000000;18.000000;7.000000;21.000000;;;14.000000;;;8.000000;;17.000000;;;1.000000
M894;GPS+BDS;4.000000;2.000000;3.000000;6.000000;5.000000;10.000000;;15.000000;9.000000;18.000000;7.000000;21.000000;;;14.000000;;;8.000000;;17.000000;;;1.000000
M895;GLONASS;4.000000;2.000000;3.000000;6.000000;5.000000;10.000000;;15.000000;9.000000;18.000000;7.000000;21.000000;;;14.000000;;;8.000000;;17.000000;;;1.000000
M896;GPS+GLONASS;4.000000;2.000000;3.000000;6.000000;5.000000;10.000000;;15.000000;9.000000;18.000000;7.000000;21.000000;;;14.000000;;;8.000000;;17.000000;;;1.000000
M897;GPS+BDS+GALILEO;4.000000;2.000000;3.000000;6.000000;5.000000;10.000000;;15.000000;9.000000;18.000000;7.000000;21.000000;;;14.000000;;;8.000000;;17.000000;;;1.000000
M898;GPS+BDS+GLONASS+GALILEO;4.000000;2.000000;3.000000;6.000000;5.000000;10.000000;;15.000000;9.000000;18.000000;7.000000;21.000000;;;14.000000;;;8.000000;;17.000000;;;1.000000
M899;定位启动方式;4.000000;2.000000;3.000000;6.000000;5.000000;10.000000;;15.000000;9.000000;18.000000;7.000000;21.000000;;;14.000000;;;8.000000;;17.000000;;;1.000000
M900;定位超时;4.000000;2.000000;3.000000;6.000000;5.000000;10.000000;;15.000000;9.000000;18.000000;7.000000;21.000000;;;14.000000;;;8.000000;;17.000000;;;1.000000
M901;定位次数;4.000000;2.000000;3.000000;6.000000;5.000000;10.000000;;15.000000;9.000000;18.000000;7.000000;21.000000;;;14.000000;;;8.000000;;17.000000;;;1.000000
M902;定位间隔;4.000000;2.000000;3.000000;6.000000;5.000000;10.000000;;15.000000;9.000000;18.000000;7.000000;21.000000;;;14.000000;;;8.000000;;17.000000;;;1.000000
M903;开始/停止定位;4.000000;2.000000;3.000000;6.000000;5.000000;10.000000;;15.000000;9.000000;18.000000;7.000000;21.000000;;;14.000000;;;8.000000;;17.000000;;;1.000000
M904;热启动;4.000000;2.000000;3.000000;6.000000;5.000000;10.000000;;15.000000;9.000000;18.000000;7.000000;21.000000;;;14.000000;;;8.000000;;17.000000;;;1.000000
M905;冷启动;4.000000;2.000000;3.000000;6.000000;5.000000;10.000000;;15.000000;9.000000;18.000000;7.000000;21.000000;;;14.000000;;;8.000000;;17.000000;;;1.000000
M906;温启动;4.000000;2.000000;3.000000;6.000000;5.000000;10.000000;;15.000000;9.000000;18.000000;7.000000;21.000000;;;14.000000;;;8.000000;;17.000000;;;1.000000
M907;工厂模式启动;4.000000;2.000000;3.000000;6.000000;5.000000;10.000000;;15.000000;9.000000;18.000000;7.000000;21.000000;;;14.000000;;;8.000000;;17.000000;;;1.000000
M908;IMS ID;4.000000;2.000000;3.000000;6.000000;5.000000;10.000000;;15.000000;9.000000;18.000000;7.000000;21.000000;;;14.000000;;;8.000000;;17.000000;;;1.000000
M909;IMS Value;4.000000;2.000000;3.000000;6.000000;5.000000;10.000000;;15.000000;9.000000;18.000000;7.000000;21.000000;;;14.000000;;;8.000000;;17.000000;;;1.000000
M910;请选择拨打方式;4.000000;2.000000;3.000000;6.000000;5.000000;10.000000;;15.000000;9.000000;18.000000;7.000000;21.000000;;;14.000000;;;8.000000;;17.000000;;;1.000000
M911;手机;4.000000;2.000000;3.000000;6.000000;5.000000;10.000000;;15.000000;9.000000;18.000000;7.000000;21.000000;;;14.000000;;;8.000000;;17.000000;;;1.000000
M912;手表;4.000000;2.000000;3.000000;6.000000;5.000000;10.000000;;15.000000;9.000000;18.000000;7.000000;21.000000;;;14.000000;;;8.000000;;17.000000;;;1.000000
M913;取消;4.000000;2.000000;3.000000;6.000000;5.000000;10.000000;;15.000000;9.000000;18.000000;7.000000;21.000000;;;14.000000;;;8.000000;;17.000000;;;1.000000
M914;通讯设置;4.000000;2.000000;3.000000;6.000000;5.000000;10.000000;;15.000000;9.000000;18.000000;7.000000;21.000000;;;14.000000;;;8.000000;;17.000000;;;1.000000
M915;通讯;4.000000;2.000000;3.000000;6.000000;5.000000;10.000000;;15.000000;9.000000;18.000000;7.000000;21.000000;;;14.000000;;;8.000000;;17.000000;;;1.000000
M916;打开将开启手表通话能力;4.000000;2.000000;3.000000;6.000000;5.000000;10.000000;;15.000000;9.000000;18.000000;7.000000;21.000000;;;14.000000;;;8.000000;;17.000000;;;1.000000
M917;MAC:;4.000000;2.000000;3.000000;6.000000;5.000000;10.000000;;15.000000;9.000000;18.000000;7.000000;21.000000;;;14.000000;;;8.000000;;17.000000;;;1.000000
M918;RSSI:;4.000000;2.000000;3.000000;6.000000;5.000000;10.000000;;15.000000;9.000000;18.000000;7.000000;21.000000;;;14.000000;;;8.000000;;17.000000;;;1.000000
M919;GPS test;4.000000;2.000000;3.000000;6.000000;5.000000;10.000000;;15.000000;9.000000;18.000000;7.000000;21.000000;;;14.000000;;;8.000000;;17.000000;;;1.000000
M920;经度：;4.000000;2.000000;3.000000;6.000000;5.000000;10.000000;;15.000000;9.000000;18.000000;7.000000;21.000000;;;14.000000;;;8.000000;;17.000000;;;1.000000
M921;纬度：;4.000000;2.000000;3.000000;6.000000;5.000000;10.000000;;15.000000;9.000000;18.000000;7.000000;21.000000;;;14.000000;;;8.000000;;17.000000;;;1.000000
M922;高度：;4.000000;2.000000;3.000000;6.000000;5.000000;10.000000;;15.000000;9.000000;18.000000;7.000000;21.000000;;;14.000000;;;8.000000;;17.000000;;;1.000000
M923;定位时间：;4.000000;2.000000;3.000000;6.000000;5.000000;10.000000;;15.000000;9.000000;18.000000;7.000000;21.000000;;;14.000000;;;8.000000;;17.000000;;;1.000000
M924;卫星数量：;4.000000;2.000000;3.000000;6.000000;5.000000;10.000000;;15.000000;9.000000;18.000000;7.000000;21.000000;;;14.000000;;;8.000000;;17.000000;;;1.000000
M925;PRN：;4.000000;2.000000;3.000000;6.000000;5.000000;10.000000;;15.000000;9.000000;18.000000;7.000000;21.000000;;;14.000000;;;8.000000;;17.000000;;;1.000000
M926;信噪比：;4.000000;2.000000;3.000000;6.000000;5.000000;10.000000;;15.000000;9.000000;18.000000;7.000000;21.000000;;;14.000000;;;8.000000;;17.000000;;;1.000000
M927;海拔：;4.000000;2.000000;3.000000;6.000000;5.000000;10.000000;;15.000000;9.000000;18.000000;7.000000;21.000000;;;14.000000;;;8.000000;;17.000000;;;1.000000
M928;方位角：;4.000000;2.000000;3.000000;6.000000;5.000000;10.000000;;15.000000;9.000000;18.000000;7.000000;21.000000;;;14.000000;;;8.000000;;17.000000;;;1.000000
M929;is_used:;4.000000;2.000000;3.000000;6.000000;5.000000;10.000000;;15.000000;9.000000;18.000000;7.000000;21.000000;;;14.000000;;;8.000000;;17.000000;;;1.000000
M930;searching;4.000000;2.000000;3.000000;6.000000;5.000000;10.000000;;15.000000;9.000000;18.000000;7.000000;21.000000;;;14.000000;;;8.000000;;17.000000;;;1.000000
M931;双芯：;4.000000;2.000000;3.000000;6.000000;5.000000;10.000000;;15.000000;9.000000;18.000000;7.000000;21.000000;;;14.000000;;;8.000000;;17.000000;;;1.000000
M932;驻网：;4.000000;2.000000;3.000000;6.000000;5.000000;10.000000;;15.000000;9.000000;18.000000;7.000000;21.000000;;;14.000000;;;8.000000;;17.000000;;;1.000000
M933;查询LTE状态;4.000000;2.000000;3.000000;6.000000;5.000000;10.000000;;15.000000;9.000000;18.000000;7.000000;21.000000;;;14.000000;;;8.000000;;17.000000;;;1.000000
M934;数据业务开关;4.000000;2.000000;3.000000;6.000000;5.000000;10.000000;;15.000000;9.000000;18.000000;7.000000;21.000000;;;14.000000;;;8.000000;;17.000000;;;1.000000
M935;6 6;4.000000;2.000000;3.000000;6.000000;5.000000;10.000000;;15.000000;9.000000;18.000000;7.000000;21.000000;;;14.000000;;;8.000000;;17.000000;;;1.000000
M936;睡眠模式;4.000000;2.000000;3.000000;6.000000;5.000000;10.000000;;15.000000;9.000000;18.000000;7.000000;21.000000;;;14.000000;;;8.000000;;17.000000;;;1.000000
M937;睡眠关闭;4.000000;2.000000;3.000000;6.000000;5.000000;10.000000;;15.000000;9.000000;18.000000;7.000000;21.000000;;;14.000000;;;8.000000;;17.000000;;;1.000000
M938;PM0;4.000000;2.000000;3.000000;6.000000;5.000000;10.000000;;15.000000;9.000000;18.000000;7.000000;21.000000;;;14.000000;;;8.000000;;17.000000;;;1.000000
M939;PM1;4.000000;2.000000;3.000000;6.000000;5.000000;10.000000;;15.000000;9.000000;18.000000;7.000000;21.000000;;;14.000000;;;8.000000;;17.000000;;;1.000000
M940;PM2;4.000000;2.000000;3.000000;6.000000;5.000000;10.000000;;15.000000;9.000000;18.000000;7.000000;21.000000;;;14.000000;;;8.000000;;17.000000;;;1.000000
M941;点击输入频率;4.000000;2.000000;3.000000;6.000000;5.000000;10.000000;;15.000000;9.000000;18.000000;7.000000;21.000000;;;14.000000;;;8.000000;;17.000000;;;1.000000
M942;锁定频率;4.000000;2.000000;3.000000;6.000000;5.000000;10.000000;;15.000000;9.000000;18.000000;7.000000;21.000000;;;14.000000;;;8.000000;;17.000000;;;1.000000
M943;查询IMS;4.000000;2.000000;3.000000;6.000000;5.000000;10.000000;;15.000000;9.000000;18.000000;7.000000;21.000000;;;14.000000;;;8.000000;;17.000000;;;1.000000
M944;设置IMS;4.000000;2.000000;3.000000;6.000000;5.000000;10.000000;;15.000000;9.000000;18.000000;7.000000;21.000000;;;14.000000;;;8.000000;;17.000000;;;1.000000
M945;设置ims index;4.000000;2.000000;3.000000;6.000000;5.000000;10.000000;;15.000000;9.000000;18.000000;7.000000;21.000000;;;14.000000;;;8.000000;;17.000000;;;1.000000
M946;设置ims value;4.000000;2.000000;3.000000;6.000000;5.000000;10.000000;;15.000000;9.000000;18.000000;7.000000;21.000000;;;14.000000;;;8.000000;;17.000000;;;1.000000
M947;确定设置IMS;4.000000;2.000000;3.000000;6.000000;5.000000;10.000000;;15.000000;9.000000;18.000000;7.000000;21.000000;;;14.000000;;;8.000000;;17.000000;;;1.000000
M948;点击查询;4.000000;2.000000;3.000000;6.000000;5.000000;10.000000;;15.000000;9.000000;18.000000;7.000000;21.000000;;;14.000000;;;8.000000;;17.000000;;;1.000000
M949;锁定band;4.000000;2.000000;3.000000;6.000000;5.000000;10.000000;;15.000000;9.000000;18.000000;7.000000;21.000000;;;14.000000;;;8.000000;;17.000000;;;1.000000
M950;查看锁定band;4.000000;2.000000;3.000000;6.000000;5.000000;10.000000;;15.000000;9.000000;18.000000;7.000000;21.000000;;;14.000000;;;8.000000;;17.000000;;;1.000000
M951;呼叫等待;4.000000;2.000000;3.000000;6.000000;5.000000;10.000000;;15.000000;9.000000;18.000000;7.000000;21.000000;;;14.000000;;;8.000000;;17.000000;;;1.000000
M952;呼叫转移;4.000000;2.000000;3.000000;6.000000;5.000000;10.000000;;15.000000;9.000000;18.000000;7.000000;21.000000;;;14.000000;;;8.000000;;17.000000;;;1.000000
M953;n;4.000000;2.000000;3.000000;6.000000;5.000000;10.000000;;15.000000;9.000000;18.000000;7.000000;21.000000;;;14.000000;;;8.000000;;17.000000;;;1.000000
M954;enable;4.000000;2.000000;3.000000;6.000000;5.000000;10.000000;;15.000000;9.000000;18.000000;7.000000;21.000000;;;14.000000;;;8.000000;;17.000000;;;1.000000
M955;disable;4.000000;2.000000;3.000000;6.000000;5.000000;10.000000;;15.000000;9.000000;18.000000;7.000000;21.000000;;;14.000000;;;8.000000;;17.000000;;;1.000000
M956;mode;4.000000;2.000000;3.000000;6.000000;5.000000;10.000000;;15.000000;9.000000;18.000000;7.000000;21.000000;;;14.000000;;;8.000000;;17.000000;;;1.000000
M957;class;4.000000;2.000000;3.000000;6.000000;5.000000;10.000000;;15.000000;9.000000;18.000000;7.000000;21.000000;;;14.000000;;;8.000000;;17.000000;;;1.000000
M958;voice service;4.000000;2.000000;3.000000;6.000000;5.000000;10.000000;;15.000000;9.000000;18.000000;7.000000;21.000000;;;14.000000;;;8.000000;;17.000000;;;1.000000
M959;指令确定;4.000000;2.000000;3.000000;6.000000;5.000000;10.000000;;15.000000;9.000000;18.000000;7.000000;21.000000;;;14.000000;;;8.000000;;17.000000;;;1.000000
M960;reason;4.000000;2.000000;3.000000;6.000000;5.000000;10.000000;;15.000000;9.000000;18.000000;7.000000;21.000000;;;14.000000;;;8.000000;;17.000000;;;1.000000
M961;Unconditional;4.000000;2.000000;3.000000;6.000000;5.000000;10.000000;;15.000000;9.000000;18.000000;7.000000;21.000000;;;14.000000;;;8.000000;;17.000000;;;1.000000
M962;Mobile busy;4.000000;2.000000;3.000000;6.000000;5.000000;10.000000;;15.000000;9.000000;18.000000;7.000000;21.000000;;;14.000000;;;8.000000;;17.000000;;;1.000000
M963;No reply;4.000000;2.000000;3.000000;6.000000;5.000000;10.000000;;15.000000;9.000000;18.000000;7.000000;21.000000;;;14.000000;;;8.000000;;17.000000;;;1.000000
M964;Not reachable;4.000000;2.000000;3.000000;6.000000;5.000000;10.000000;;15.000000;9.000000;18.000000;7.000000;21.000000;;;14.000000;;;8.000000;;17.000000;;;1.000000
M965;All call forwarding;4.000000;2.000000;3.000000;6.000000;5.000000;10.000000;;15.000000;9.000000;18.000000;7.000000;21.000000;;;14.000000;;;8.000000;;17.000000;;;1.000000
M966;All conditional call forwarding;4.000000;2.000000;3.000000;6.000000;5.000000;10.000000;;15.000000;9.000000;18.000000;7.000000;21.000000;;;14.000000;;;8.000000;;17.000000;;;1.000000
M967;Deactivation;4.000000;2.000000;3.000000;6.000000;5.000000;10.000000;;15.000000;9.000000;18.000000;7.000000;21.000000;;;14.000000;;;8.000000;;17.000000;;;1.000000
M968;Activation;4.000000;2.000000;3.000000;6.000000;5.000000;10.000000;;15.000000;9.000000;18.000000;7.000000;21.000000;;;14.000000;;;8.000000;;17.000000;;;1.000000
M969;Query;4.000000;2.000000;3.000000;6.000000;5.000000;10.000000;;15.000000;9.000000;18.000000;7.000000;21.000000;;;14.000000;;;8.000000;;17.000000;;;1.000000
M970;Registration ;4.000000;2.000000;3.000000;6.000000;5.000000;10.000000;;15.000000;9.000000;18.000000;7.000000;21.000000;;;14.000000;;;8.000000;;17.000000;;;1.000000
M971;Erasure ;4.000000;2.000000;3.000000;6.000000;5.000000;10.000000;;15.000000;9.000000;18.000000;7.000000;21.000000;;;14.000000;;;8.000000;;17.000000;;;1.000000
M972;number;4.000000;2.000000;3.000000;6.000000;5.000000;10.000000;;15.000000;9.000000;18.000000;7.000000;21.000000;;;14.000000;;;8.000000;;17.000000;;;1.000000
M973;get number;4.000000;2.000000;3.000000;6.000000;5.000000;10.000000;;15.000000;9.000000;18.000000;7.000000;21.000000;;;14.000000;;;8.000000;;17.000000;;;1.000000
M974;type;4.000000;2.000000;3.000000;6.000000;5.000000;10.000000;;15.000000;9.000000;18.000000;7.000000;21.000000;;;14.000000;;;8.000000;;17.000000;;;1.000000
M975;Unknown number type ;4.000000;2.000000;3.000000;6.000000;5.000000;10.000000;;15.000000;9.000000;18.000000;7.000000;21.000000;;;14.000000;;;8.000000;;17.000000;;;1.000000
M976;ISDN number type;4.000000;2.000000;3.000000;6.000000;5.000000;10.000000;;15.000000;9.000000;18.000000;7.000000;21.000000;;;14.000000;;;8.000000;;17.000000;;;1.000000
M977;International ISDN;4.000000;2.000000;3.000000;6.000000;5.000000;10.000000;;15.000000;9.000000;18.000000;7.000000;21.000000;;;14.000000;;;8.000000;;17.000000;;;1.000000
M978;National ISDN;4.000000;2.000000;3.000000;6.000000;5.000000;10.000000;;15.000000;9.000000;18.000000;7.000000;21.000000;;;14.000000;;;8.000000;;17.000000;;;1.000000
M979;subaddr;4.000000;2.000000;3.000000;6.000000;5.000000;10.000000;;15.000000;9.000000;18.000000;7.000000;21.000000;;;14.000000;;;8.000000;;17.000000;;;1.000000
M980;get subaddr;4.000000;2.000000;3.000000;6.000000;5.000000;10.000000;;15.000000;9.000000;18.000000;7.000000;21.000000;;;14.000000;;;8.000000;;17.000000;;;1.000000
M981;satype;4.000000;2.000000;3.000000;6.000000;5.000000;10.000000;;15.000000;9.000000;18.000000;7.000000;21.000000;;;14.000000;;;8.000000;;17.000000;;;1.000000
M982;NSAP (X.213/ISO 8348 AD2);4.000000;2.000000;3.000000;6.000000;5.000000;10.000000;;15.000000;9.000000;18.000000;7.000000;21.000000;;;14.000000;;;8.000000;;17.000000;;;1.000000
M983;NSAP (X.213/ISO 8348 AD2);4.000000;2.000000;3.000000;6.000000;5.000000;10.000000;;15.000000;9.000000;18.000000;7.000000;21.000000;;;14.000000;;;8.000000;;17.000000;;;1.000000
M984;User specific(even number of address signals）;4.000000;2.000000;3.000000;6.000000;5.000000;10.000000;;15.000000;9.000000;18.000000;7.000000;21.000000;;;14.000000;;;8.000000;;17.000000;;;1.000000
M985;User specific(odd number of address signals);4.000000;2.000000;3.000000;6.000000;5.000000;10.000000;;15.000000;9.000000;18.000000;7.000000;21.000000;;;14.000000;;;8.000000;;17.000000;;;1.000000
M986;voice;4.000000;2.000000;3.000000;6.000000;5.000000;10.000000;;15.000000;9.000000;18.000000;7.000000;21.000000;;;14.000000;;;8.000000;;17.000000;;;1.000000
M987;data;4.000000;2.000000;3.000000;6.000000;5.000000;10.000000;;15.000000;9.000000;18.000000;7.000000;21.000000;;;14.000000;;;8.000000;;17.000000;;;1.000000
M988;fax;4.000000;2.000000;3.000000;6.000000;5.000000;10.000000;;15.000000;9.000000;18.000000;7.000000;21.000000;;;14.000000;;;8.000000;;17.000000;;;1.000000
M989;short message service;4.000000;2.000000;3.000000;6.000000;5.000000;10.000000;;15.000000;9.000000;18.000000;7.000000;21.000000;;;14.000000;;;8.000000;;17.000000;;;1.000000
M990;data circuit sync;4.000000;2.000000;3.000000;6.000000;5.000000;10.000000;;15.000000;9.000000;18.000000;7.000000;21.000000;;;14.000000;;;8.000000;;17.000000;;;1.000000
M991;data circuit async;4.000000;2.000000;3.000000;6.000000;5.000000;10.000000;;15.000000;9.000000;18.000000;7.000000;21.000000;;;14.000000;;;8.000000;;17.000000;;;1.000000
M992;dedicated packet access;4.000000;2.000000;3.000000;6.000000;5.000000;10.000000;;15.000000;9.000000;18.000000;7.000000;21.000000;;;14.000000;;;8.000000;;17.000000;;;1.000000
M993;dedicated PAD access;4.000000;2.000000;3.000000;6.000000;5.000000;10.000000;;15.000000;9.000000;18.000000;7.000000;21.000000;;;14.000000;;;8.000000;;17.000000;;;1.000000
M994;time;4.000000;2.000000;3.000000;6.000000;5.000000;10.000000;;15.000000;9.000000;18.000000;7.000000;21.000000;;;14.000000;;;8.000000;;17.000000;;;1.000000
M995;设置查询ims的index;4.000000;2.000000;3.000000;6.000000;5.000000;10.000000;;15.000000;9.000000;18.000000;7.000000;21.000000;;;14.000000;;;8.000000;;17.000000;;;1.000000
M996;飞行模式;4.000000;2.000000;3.000000;6.000000;5.000000;10.000000;;15.000000;9.000000;18.000000;7.000000;21.000000;;;14.000000;;;8.000000;;17.000000;;;1.000000
M997;log设置;4.000000;2.000000;3.000000;6.000000;5.000000;10.000000;;15.000000;9.000000;18.000000;7.000000;21.000000;;;14.000000;;;8.000000;;17.000000;;;1.000000
M998;NONE;4.000000;2.000000;3.000000;6.000000;5.000000;10.000000;;15.000000;9.000000;18.000000;7.000000;21.000000;;;14.000000;;;8.000000;;17.000000;;;1.000000
M999;ERROR;4.000000;2.000000;3.000000;6.000000;5.000000;10.000000;;15.000000;9.000000;18.000000;7.000000;21.000000;;;14.000000;;;8.000000;;17.000000;;;1.000000
M1000;WARNING;4.000000;2.000000;3.000000;6.000000;5.000000;10.000000;;15.000000;9.000000;18.000000;7.000000;21.000000;;;14.000000;;;8.000000;;17.000000;;;1.000000
M1001;INFO;4.000000;2.000000;3.000000;6.000000;5.000000;10.000000;;15.000000;9.000000;18.000000;7.000000;21.000000;;;14.000000;;;8.000000;;17.000000;;;1.000000
M1002;DEBUG;4.000000;2.000000;3.000000;6.000000;5.000000;10.000000;;15.000000;9.000000;18.000000;7.000000;21.000000;;;14.000000;;;8.000000;;17.000000;;;1.000000
M1003;正在联网，请稍后;4.000000;2.000000;3.000000;6.000000;5.000000;10.000000;;15.000000;9.000000;18.000000;7.000000;21.000000;;;14.000000;;;8.000000;;17.000000;;;1.000000
M1004;联网失败，请重试;4.000000;2.000000;3.000000;6.000000;5.000000;10.000000;;15.000000;9.000000;18.000000;7.000000;21.000000;;;14.000000;;;8.000000;;17.000000;;;1.000000
M1005;播放语音;4.000000;2.000000;3.000000;6.000000;5.000000;10.000000;;15.000000;9.000000;18.000000;7.000000;21.000000;;;14.000000;;;8.000000;;17.000000;;;1.000000
M1006;录音失败，无语音数据，请重试;4.000000;2.000000;3.000000;6.000000;5.000000;10.000000;;15.000000;9.000000;18.000000;7.000000;21.000000;;;14.000000;;;8.000000;;17.000000;;;1.000000
M1007;FIND MY;4.000000;2.000000;3.000000;6.000000;5.000000;10.000000;;15.000000;9.000000;18.000000;7.000000;21.000000;;;14.000000;;;8.000000;;17.000000;;;1.000000
M1008;请在手机上打开“查找APP”
进行配对;4.000000;2.000000;3.000000;6.000000;5.000000;10.000000;;15.000000;9.000000;18.000000;7.000000;21.000000;;;14.000000;;;8.000000;;17.000000;;;1.000000
M1009;开始配对;4.000000;2.000000;3.000000;6.000000;5.000000;10.000000;;15.000000;9.000000;18.000000;7.000000;21.000000;;;14.000000;;;8.000000;;17.000000;;;1.000000
M1010;是否取消
FIND MY
配对信息;4.000000;2.000000;3.000000;6.000000;5.000000;10.000000;;15.000000;9.000000;18.000000;7.000000;21.000000;;;14.000000;;;8.000000;;17.000000;;;1.000000
M1011;配对失败;4.000000;2.000000;3.000000;6.000000;5.000000;10.000000;;15.000000;9.000000;18.000000;7.000000;21.000000;;;14.000000;;;8.000000;;17.000000;;;1.000000
M1012;配对成功;4.000000;2.000000;3.000000;6.000000;5.000000;10.000000;;15.000000;9.000000;18.000000;7.000000;21.000000;;;14.000000;;;8.000000;;17.000000;;;1.000000
M1013;解除配对;4.000000;2.000000;3.000000;6.000000;5.000000;10.000000;;15.000000;9.000000;18.000000;7.000000;21.000000;;;14.000000;;;8.000000;;17.000000;;;1.000000
M1014;0;4.000000;2.000000;3.000000;6.000000;5.000000;10.000000;;15.000000;9.000000;18.000000;7.000000;21.000000;;;14.000000;;;8.000000;;17.000000;;;1.000000
M1015;1;4.000000;2.000000;3.000000;6.000000;5.000000;10.000000;;15.000000;9.000000;18.000000;7.000000;21.000000;;;14.000000;;;8.000000;;17.000000;;;1.000000
M1016;2;4.000000;2.000000;3.000000;6.000000;5.000000;10.000000;;15.000000;9.000000;18.000000;7.000000;21.000000;;;14.000000;;;8.000000;;17.000000;;;1.000000
M1017;3;4.000000;2.000000;3.000000;6.000000;5.000000;10.000000;;15.000000;9.000000;18.000000;7.000000;21.000000;;;14.000000;;;8.000000;;17.000000;;;1.000000
M1018;4;4.000000;2.000000;3.000000;6.000000;5.000000;10.000000;;15.000000;9.000000;18.000000;7.000000;21.000000;;;14.000000;;;8.000000;;17.000000;;;1.000000
M1019;5;4.000000;2.000000;3.000000;6.000000;5.000000;10.000000;;15.000000;9.000000;18.000000;7.000000;21.000000;;;14.000000;;;8.000000;;17.000000;;;1.000000
M1020;6;4.000000;2.000000;3.000000;6.000000;5.000000;10.000000;;15.000000;9.000000;18.000000;7.000000;21.000000;;;14.000000;;;8.000000;;17.000000;;;1.000000
M1021;7;4.000000;2.000000;3.000000;6.000000;5.000000;10.000000;;15.000000;9.000000;18.000000;7.000000;21.000000;;;14.000000;;;8.000000;;17.000000;;;1.000000
M1022;8;4.000000;2.000000;3.000000;6.000000;5.000000;10.000000;;15.000000;9.000000;18.000000;7.000000;21.000000;;;14.000000;;;8.000000;;17.000000;;;1.000000
M1023;9;4.000000;2.000000;3.000000;6.000000;5.000000;10.000000;;15.000000;9.000000;18.000000;7.000000;21.000000;;;14.000000;;;8.000000;;17.000000;;;1.000000
M1024;%;4.000000;2.000000;3.000000;6.000000;5.000000;10.000000;;15.000000;9.000000;18.000000;7.000000;21.000000;;;14.000000;;;8.000000;;17.000000;;;1.000000
M1025;:;4.000000;2.000000;3.000000;6.000000;5.000000;10.000000;;15.000000;9.000000;18.000000;7.000000;21.000000;;;14.000000;;;8.000000;;17.000000;;;1.000000
M1026;标准;Standard;標準;표준;Standard;Normes;Estándar;;Стандарты;Padrão;มาตรฐาน;Standard;المعايير;;;Standardowy;;;Standaard;;תקן;;;標準
M1027;标准;4.000000;2.000000;3.000000;6.000000;5.000000;10.000000;;15.000000;9.000000;18.000000;7.000000;21.000000;;;14.000000;;;8.000000;;17.000000;;;1.000000
M1028;摇滚;Rock and roll;ロック;로큰롤;Rock;Rock;Roca;;Рок-н-ролл;Rock & Roll;ร็อค;Rock and roll;موسيقى الروك أند رول;;;Rock and roll;;;Rock and roll;;רוק אנד רול;;;搖滾
M1029;流行;Pop;流行;팝;Pop;Populaire;Popular;;Популярные;Popular;ยอดนิยม;Pop;شعبية;;;Pop;;;Pop;;פופ;;;流行
M1030;经典;Classic;クラシック;클래식;Klassisch;Classique;Clásico;;Классика;Clássico;คลาสสิก;Classico;الكلاسيكية;;;Klasyczny;;;Klassiek;;קלאסי;;;經典
M1031;爵士;Jazz;ジャズ;재즈;Jazz;Jazz;Jazz;;Джаз;Jazz;แจ๊ส;Jazz;سيدي;;;Jazz;;;Jazz;;ג 'אז;;;爵士
M1032;0;0;0;0;0;0;0;;0;0;0;0;0;;;0;;;0;;0;;;0
M1033;1;1;1;1;1;1;1;;1;1;1;1;1;;;1;;;1;;1;;;1
M1034;2;2;2;2;2;2;2;;2;2;2;2;2;;;2;;;2;;2;;;2
M1035;3;3;3;3;3;3;3;;3;3;3;3;3;;;3;;;3;;3;;;3
M1036;4;4;4;4;4;4;4;;4;4;4;4;4;;;4;;;4;;4;;;4
M1037;5;5;5;5;5;5;5;;5;5;5;5;5;;;5;;;5;;5;;;5
M1038;6;6;6;6;6;6;6;;6;6;6;6;6;;;6;;;6;;6;;;6
M1039;7;7;7;7;7;7;7;;7;7;7;7;7;;;7;;;7;;7;;;7
M1040;8;8;8;8;8;8;8;;8;8;8;8;8;;;8;;;8;;8;;;8
M1041;9;9;9;9;9;9;9;;9;9;9;9;9;;;9;;;9;;9;;;9
M1042;关闭;4.000000;2.000000;3.000000;6.000000;5.000000;10.000000;;15.000000;9.000000;18.000000;7.000000;21.000000;;;14.000000;;;8.000000;;17.000000;;;1.000000
M1043;降噪;4.000000;2.000000;3.000000;6.000000;5.000000;10.000000;;15.000000;9.000000;18.000000;7.000000;21.000000;;;14.000000;;;8.000000;;17.000000;;;1.000000
M1044;通透;4.000000;2.000000;3.000000;6.000000;5.000000;10.000000;;15.000000;9.000000;18.000000;7.000000;21.000000;;;14.000000;;;8.000000;;17.000000;;;1.000000
M1045;音量控制;Volume Control;ボリュームコントロール;볼륨 컨트롤;Lautstärke regelung;Contrôle du volume;Control de volumen;;Регулятор громкости;Controle de volume;การควบคุมระดับเสียง;Controllo del volume;التحكم في مستوى الصوت;;;Kontrola głośności;;;Volumeregeling;;בקרת נפח;;;音量控制
M1046;降噪模式;Noise reduction mode;ノイズ低減モード;소음 감소 모드;Rausch unterdrückung modus;Mode de réduction du bruit;Modo de reducción de ruido;;Режим шумоподавления;Modo de redução de ruído;โหมดลดเสียงรบกวน;Modalità di riduzione del rumore;وضع الحد من الضوضاء;;;Tryb redukcji szumów;;;Geluidsreductiemodus;;מצב הפחתת רעש;;;降噪模式
M1047;均衡器;Equalizer;イコライザ;이퀄라이저;Der Equalizer;Égaliseur;Ecualizador;;Эквалайзер;Equalizador;ควอไลเซอร์;Equalizzatore;المعادل;;;Korektor;;;Equalizer;;אקולייזר;;;均衡器
M1048;抖音;Tiktok;ディザトーン;티톡;Douyin;Take Sound;Douyin;;Встряхивание;Tremendo;ทิกส์;Tiktok;اهتزاز الصوت;;;Tiktok;;;Tiktok;;טיקטוק;;;抖音
M1049;音乐;4.000000;2.000000;3.000000;6.000000;5.000000;10.000000;;15.000000;9.000000;18.000000;7.000000;21.000000;;;14.000000;;;8.000000;;17.000000;;;1.000000
M1050;照相;4.000000;2.000000;3.000000;6.000000;5.000000;10.000000;;15.000000;9.000000;18.000000;7.000000;21.000000;;;14.000000;;;8.000000;;17.000000;;;1.000000
M1051;锁屏壁纸;Lock screen wallpaper;ロック壁紙;잠금 화면 벽지;Lock Screen Wallpaper;Écran de verrouillage Fond d'écran;Fondos de pantalla de bloqueo;;Блокировка экрана обои;Tela de bloqueio Papel de parede;วอลล์เปเปอร์ล็อคหน้าจอ;Carta da parati della schermata di blocco;خلفيات شاشة القفل;;;Ekran blokady tapety;;;Achtergrond van vergrendelingsscherm;;נעילת טפט מסך;;;鎖屏壁紙
M1052;低延时;4.000000;2.000000;3.000000;6.000000;5.000000;10.000000;;15.000000;9.000000;18.000000;7.000000;21.000000;;;14.000000;;;8.000000;;17.000000;;;1.000000
M1053;开;4.000000;2.000000;3.000000;6.000000;5.000000;10.000000;;15.000000;9.000000;18.000000;7.000000;21.000000;;;14.000000;;;8.000000;;17.000000;;;1.000000
M1054;关;4.000000;2.000000;3.000000;6.000000;5.000000;10.000000;;15.000000;9.000000;18.000000;7.000000;21.000000;;;14.000000;;;8.000000;;17.000000;;;1.000000
M1055;灯光;4.000000;2.000000;3.000000;6.000000;5.000000;10.000000;;15.000000;9.000000;18.000000;7.000000;21.000000;;;14.000000;;;8.000000;;17.000000;;;1.000000
M1056;触摸唤醒;Touch to wake up;タッチアップ;터치 일어나;Berühren, um aufzuwachen;Toucher pour se réveiller;Tocar para despertar;;Сенсорное пробуждение;Toque para acordar;สัมผัสปลุก;Tocca per svegliarti;أيقظ اللمس;;;Dotknij, aby się obudzić;;;Aanraken om wakker te worden;;מגע להתעורר;;;觸摸喚醒
M1057;喇叭开关;Horn switch;スピーカースイッチ;경적 스위치;Lautsprecher schalter;Interrupteur de klaxon;Interruptor de bocina;;Переключатель динамика;Interruptor de buzina;สวิตช์ลำโพง;Interruttore a tromba;مفتاح القرن;;;Przełącznik klaksonu;;;Hoornschakelaar;;מתג צופר;;;喇叭開關
M1058;时间设置;Time Settings;時間の設定;시간 설정;Zeit-Einstellungen;Réglage de l'heure;Configuración de tiempo;;Настройки времени;Configurações de tempo;การตั้งค่าเวลา;Impostazioni orario;ضبط الوقت;;;Ustawienia czasu;;;Tijdinstellingen;;הגדרות זמן;;;時間設置
M1059;设备信息;Device Information;設備情報;장치 정보;Geräte informationen;Informations sur l'appareil;Información del dispositivo;;Информация об устройстве;Informações do dispositivo;ข้อมูลอุปกรณ์;Informazioni sul dispositivo;معلومات الجهاز;;;Informacje o urządzeniu;;;Apparaatinformatie;;פרטי המכשיר;;;設備信息
M1060;系统设置;System Settings;システム設定;시스템 설정;Systeme in stellungen;Paramètres du système;Configuración del sistema;;Настройка системы;Configurações do sistema;การตั้งค่าระบบ;Impostazioni di sistema;إعدادات النظام;;;Ustawienia systemowe;;;Systeeminstellingen;;הגדרות מערכת;;;系統設置
M1061;5S;5S;5S;5S;5S;5S;5S;;5S;5S;5S;5S;5S;;;5S;;;5S;;5S;;;5S
M1062;10S;10S;10S;10S;10S;10S;10S;;10S;10S;10S;10S;10S;;;10S;;;10S;;10S;;;10S
M1063;30S;30S;30S;30S;30S;30S;30S;;30S;30S;30S;30S;30S;;;30S;;;30S;;30S;;;30S
M1064;60S;60S;60S;60S;60S;60S;60S;;60S;60S;60S;60S;60S;;;60S;;;60S;;60S;;;60S
M1065;抖音点赞;TikTok Praise;ディザトーンいいね;TikTok 칭찬;Douyin wie;Take Sound;Me gusta Douyin;;Нравится;O som do tremor é um elogio;Douyin ชอบ;Elogio di TikTok;هز الصوت;;;Pochwała TikTok;;;TikTok Lof;;טיקטוק שבחים;;;抖音點讚
M1066;开机语言;Boot language;起動言語;부팅 언어;Boot-Sprache;Langue de démarrage;Lenguaje de arranque;;Язык запуска;Linguagem de inicialização;ภาษาบูต;Linguaggio di avvio;لغة التشغيل;;;Język rozruchowy;;;Boot taal;;שפת האתחול;;;開機語言
M1067;简体中文;简体中文;简体中文;简体中文;简体中文;简体中文;简体中文;;简体中文;简体中文;简体中文;简体中文;简体中文;;;简体中文;;;简体中文;;简体中文;;;简体中文
M1068;0;0;0;0;0;0;0;0;0;0;0;0;;;;;;;;;;;;
M1069;1;1;1;1;1;1;1;1;1;1;1;1;;;;;;;;;;;;
M1070;2;2;2;2;2;2;2;2;2;2;2;2;;;;;;;;;;;;
M1071;3;3;3;3;3;3;3;3;3;3;3;3;;;;;;;;;;;;
M1072;4;4;4;4;4;4;4;4;4;4;4;4
M1073;5;5;5;5;5;5;5;5;5;5;5;5
M1074;6;6;6;6;6;6;6;6;6;6;6;6
M1075;7;7;7;7;7;7;7;7;7;7;7;7
M1076;8;8;8;8;8;8;8;8;8;8;8;8
M1077;9;9;9;9;9;9;9;9;9;9;9;9
M1078;:;:;:;:;:;:;:;:;:;:;:;:
M1079;周一;周一;周一;周一;周一;周一;周一;周一;周一;周一;周一;周一
M1080;周二;周二;周二;周二;周二;周二;周二;周二;周二;周二;周二;周二
M1081;周三;周三;周三;周三;周三;周三;周三;周三;周三;周三;周三;周三
M1082;周四;周四;周四;周四;周四;周四;周四;周四;周四;周四;周四;周四
M1083;周五;周五;周五;周五;周五;周五;周五;周五;周五;周五;周五;周五
M1084;周六;周六;周六;周六;周六;周六;周六;周六;周六;周六;周六;周六
M1085;周日;周日;周日;周日;周日;周日;周日;周日;周日;周日;周日;周日
M1086;/;/;/;/;/;/;/;/;/;/;/;/
M1087;;;;;;;;;;;;
M1088
M1089
M1090
M1091
M1092
M1093
M1094
M1093
M1094
