#include "typedef.h"
#include "rect.h"
#include "res/resfile.h"

#include "dbi.h"
#include "jlgpu_math.h"		// matrix
#include "jlgpu_driver.h"	// gpu driver
#include "ui_resource.h"	// JL UI resource
#include "ui_expand/ui_expand.h"	// macro defined

#include "gpu_port.h"		// module head file
#include "gpu_draw.h"		// custom draw head file

#include "ui_core.h"
#include "ui_measure.h"

#include "ui/lcd/lcd_drive.h"
#include "res/mem_var.h"
#include "football.h"

#include "gpu_demo.h"

#if defined GPU_DEMO_TEXTURE_INPUT_ENABLE && GPU_DEMO_TEXTURE_INPUT_ENABLE

extern int get_flip_matrix(gpu_matrix_t *matrix, int screen_x, int screen_y, int screen_w, int screen_h, int degree);
struct gpu_port_demo_priv {
    struct lcd_interface *lcd;
    struct lcd_info info;

    pJLGPUTaskHead_t gpu_task_head;
    uint8_t *buf1;
    uint8_t *buf2;
    /* uint8_t cur_buf; */
};

static struct gpu_port_demo_priv priv = {0};

#define __this		(&priv)

struct img_info_user {
    //图片基本参数
    int width;		//图片宽度
    int height;		//图片高度
    int left;
    int top;

    u8 img_data_from;	//图像数据的来源（ram/flash）
    u8 *data;		//存放图像数据的地址
    int format;		//图像的格式
    //(demo中目前支持的图片格式：GPU_FORMAT_RGB565, GPU_FORMAT_ARGB8565, GPU_FORMAT_L1)


    //带有颜色表的图片格式的参数
    s16 has_clut;		//是否有颜色表。0：不带颜色表，1：从flash中获取颜色表，2直接传参颜色表的地址
    s16 clut_format;	//颜色表的格式(ARGB8888, ARGB8565, RGB888, RGB565),当前demo仅支持ARGB8888
    u8 *clut_tab;		//颜色表的地址
    u32 clut_tab_acolor;//颜色表的颜色
};

#define TEXTURE_RGB565      0
#define TEXTURE_RGB888      0
#define TEXTURE_ARGB8565    0    // ARGB4444和ARGB1555可以参考ARGB8565的demo
#define TEXTURE_ARGB8888    0
#define TEXTURE_L1          0
#define TEXTURE_L2          0
#define TEXTURE_L4          0
#define TEXTURE_L8          0
#define TEXTURE_A1          0
#define TEXTURE_A2          0
#define TEXTURE_A4          0
#define TEXTURE_A8          0
#define TEXTURE_AL44        1    // AL22和AL88可以参考AL44的demo

#if TEXTURE_RGB565
static u8 icon_good_rgb565[5000] ALIGNED(4) = {
    0x00, 0x00, 0x00, 0x00, 0x00, 0x00, 0x00, 0x00, 0x00, 0x00, 0x00, 0x00, 0x00, 0x00, 0x00, 0x00,
    0x00, 0x00, 0x00, 0x00, 0x00, 0x00, 0x00, 0x00, 0x00, 0x00, 0x00, 0x00, 0x00, 0x00, 0x00, 0x00,
    0x00, 0x00, 0x00, 0x00, 0x00, 0x00, 0x00, 0x00, 0x00, 0x00, 0x00, 0x00, 0x00, 0x00, 0x00, 0x00,
    0x00, 0x00, 0x00, 0x00, 0x00, 0x00, 0x00, 0x00, 0x00, 0x00, 0x00, 0x00, 0x00, 0x00, 0x00, 0x00,
    0x00, 0x00, 0x00, 0x00, 0x00, 0x00, 0x00, 0x00, 0x00, 0x00, 0x00, 0x00, 0x00, 0x00, 0x00, 0x00,
    0x00, 0x00, 0x00, 0x00, 0x00, 0x00, 0x00, 0x00, 0x00, 0x00, 0x00, 0x00, 0x00, 0x00, 0x00, 0x00,
    0x00, 0x00, 0x00, 0x00, 0x00, 0x00, 0x00, 0x00, 0x00, 0x00, 0x00, 0x00, 0x00, 0x00, 0x00, 0x00,
    0x00, 0x00, 0x00, 0x00, 0x00, 0x00, 0x00, 0x00, 0x00, 0x00, 0x00, 0x00, 0x00, 0x00, 0x00, 0x00,
    0x00, 0x00, 0x00, 0x00, 0x00, 0x00, 0x00, 0x00, 0x00, 0x00, 0x00, 0x00, 0x00, 0x00, 0x00, 0x00,
    0x00, 0x00, 0x00, 0x00, 0x00, 0x00, 0x00, 0x00, 0x00, 0x00, 0x00, 0x00, 0x00, 0x00, 0x00, 0x00,
    0x00, 0x00, 0x00, 0x00, 0x00, 0x00, 0x00, 0x00, 0x00, 0x00, 0x00, 0x00, 0x00, 0x00, 0x00, 0x00,
    0x00, 0x00, 0x00, 0x00, 0x00, 0x00, 0x00, 0x00, 0x00, 0x00, 0x00, 0x00, 0x00, 0x00, 0x00, 0x00,
    0x00, 0x00, 0x00, 0x00, 0x00, 0x00, 0x00, 0x00, 0x00, 0x00, 0x00, 0x00, 0x00, 0x00, 0x00, 0x00,
    0x00, 0x00, 0x00, 0x00, 0x00, 0x00, 0x00, 0x00, 0x00, 0x00, 0x00, 0x00, 0x00, 0x00, 0x00, 0x00,
    0x00, 0x00, 0x00, 0x00, 0x00, 0x00, 0x00, 0x00, 0x00, 0x00, 0x00, 0x00, 0x00, 0x00, 0x00, 0x00,
    0x00, 0x00, 0x00, 0x00, 0x00, 0x00, 0x00, 0x00, 0x00, 0x00, 0x00, 0x00, 0x00, 0x00, 0x00, 0x00,
    0x00, 0x00, 0x00, 0x00, 0x00, 0x00, 0x00, 0x00, 0x00, 0x00, 0x00, 0x00, 0x00, 0x00, 0x00, 0x00,
    0x00, 0x00, 0x00, 0x00, 0x00, 0x00, 0x00, 0x00, 0x00, 0x00, 0x00, 0x00, 0x00, 0x00, 0x00, 0x00,
    0x00, 0x00, 0x00, 0x00, 0x00, 0x00, 0x00, 0x00, 0x00, 0x00, 0x00, 0x00, 0x00, 0x00, 0x00, 0x00,
    0x00, 0x00, 0x00, 0x00, 0x00, 0x00, 0x00, 0x00, 0x00, 0x00, 0x00, 0x00, 0x00, 0x00, 0x00, 0x00,
    0x00, 0x00, 0x00, 0x00, 0x00, 0x00, 0x00, 0x00, 0x00, 0x00, 0x00, 0x00, 0x00, 0x00, 0x00, 0x00,
    0x00, 0x00, 0x00, 0x00, 0x00, 0x00, 0x00, 0x00, 0x00, 0x00, 0x00, 0x00, 0x00, 0x00, 0x00, 0x00,
    0x00, 0x00, 0x00, 0x00, 0x00, 0x00, 0x00, 0x00, 0x00, 0x00, 0x00, 0x00, 0x00, 0x00, 0x00, 0x00,
    0x00, 0x00, 0x00, 0x00, 0x00, 0x00, 0x00, 0x00, 0x00, 0x00, 0x00, 0x00, 0x00, 0x00, 0x00, 0x00,
    0x00, 0x00, 0x00, 0x00, 0x00, 0x00, 0x00, 0x00, 0x00, 0x00, 0x00, 0x00, 0x00, 0x00, 0x00, 0x00,
    0x00, 0x00, 0x00, 0x00, 0x00, 0x00, 0x00, 0x00, 0x00, 0x00, 0x00, 0x00, 0x00, 0x00, 0x00, 0x00,
    0x00, 0x00, 0x00, 0x00, 0x00, 0x00, 0x00, 0x00, 0x00, 0x00, 0x00, 0x00, 0x00, 0x00, 0x00, 0x00,
    0x00, 0x00, 0x00, 0x00, 0x00, 0x00, 0x00, 0x00, 0x00, 0x00, 0x1d, 0x57, 0x1d, 0x57, 0x1c, 0x57,
    0x1d, 0x57, 0x1d, 0x57, 0xfc, 0x5e, 0x00, 0x00, 0x00, 0x00, 0x00, 0x00, 0x00, 0x00, 0x00, 0x00,
    0x00, 0x00, 0x00, 0x00, 0x00, 0x00, 0x00, 0x00, 0x00, 0x00, 0x00, 0x00, 0x00, 0x00, 0x00, 0x00,
    0x00, 0x00, 0x00, 0x00, 0x00, 0x00, 0x00, 0x00, 0x00, 0x00, 0x00, 0x00, 0x00, 0x00, 0x00, 0x00,
    0x00, 0x00, 0x00, 0x00, 0x00, 0x00, 0x00, 0x00, 0x00, 0x00, 0x00, 0x00, 0x00, 0x00, 0x00, 0x00,
    0x00, 0x00, 0x00, 0x00, 0x00, 0x00, 0x00, 0x00, 0x00, 0x00, 0x00, 0x00, 0x00, 0x00, 0x00, 0x00,
    0x00, 0x00, 0x00, 0x00, 0x00, 0x00, 0x00, 0x00, 0x00, 0x00, 0x00, 0x00, 0x1c, 0x57, 0x1d, 0x57,
    0x1d, 0x57, 0x1d, 0x57, 0x1d, 0x57, 0x1d, 0x57, 0x1d, 0x57, 0x3c, 0x57, 0x00, 0x00, 0x00, 0x00,
    0x00, 0x00, 0x00, 0x00, 0x00, 0x00, 0x00, 0x00, 0x00, 0x00, 0x00, 0x00, 0x00, 0x00, 0x00, 0x00,
    0x00, 0x00, 0x00, 0x00, 0x00, 0x00, 0x00, 0x00, 0x00, 0x00, 0x00, 0x00, 0x00, 0x00, 0x00, 0x00,
    0x00, 0x00, 0x00, 0x00, 0x00, 0x00, 0x00, 0x00, 0x00, 0x00, 0x00, 0x00, 0x00, 0x00, 0x00, 0x00,
    0x00, 0x00, 0x00, 0x00, 0x00, 0x00, 0x00, 0x00, 0x00, 0x00, 0x00, 0x00, 0x00, 0x00, 0x00, 0x00,
    0x00, 0x00, 0x00, 0x00, 0x00, 0x00, 0x00, 0x00, 0x00, 0x00, 0x00, 0x00, 0x00, 0x00, 0x00, 0x00,
    0x1d, 0x57, 0x1d, 0x57, 0x1d, 0x57, 0x1d, 0x57, 0x1d, 0x57, 0x1d, 0x57, 0x1d, 0x57, 0x1d, 0x57,
    0xdd, 0x56, 0x00, 0x00, 0x00, 0x00, 0x00, 0x00, 0x00, 0x00, 0x00, 0x00, 0x00, 0x00, 0x00, 0x00,
    0x00, 0x00, 0x00, 0x00, 0x00, 0x00, 0x00, 0x00, 0x00, 0x00, 0x00, 0x00, 0x00, 0x00, 0x00, 0x00,
    0x00, 0x00, 0x00, 0x00, 0x00, 0x00, 0x00, 0x00, 0x00, 0x00, 0x00, 0x00, 0x00, 0x00, 0x00, 0x00,
    0x00, 0x00, 0x00, 0x00, 0x00, 0x00, 0x00, 0x00, 0x00, 0x00, 0x00, 0x00, 0x00, 0x00, 0x00, 0x00,
    0x00, 0x00, 0x00, 0x00, 0x00, 0x00, 0x00, 0x00, 0x00, 0x00, 0x00, 0x00, 0x00, 0x00, 0x00, 0x00,
    0x00, 0x00, 0xfd, 0x56, 0x1d, 0x57, 0x1d, 0x57, 0x1d, 0x57, 0x1d, 0x57, 0x1d, 0x57, 0x1d, 0x57,
    0x1d, 0x57, 0x1d, 0x57, 0x1c, 0x57, 0x00, 0x00, 0x00, 0x00, 0x00, 0x00, 0x00, 0x00, 0x00, 0x00,
    0x00, 0x00, 0x00, 0x00, 0x00, 0x00, 0x00, 0x00, 0x00, 0x00, 0x00, 0x00, 0x00, 0x00, 0x00, 0x00,
    0x00, 0x00, 0x00, 0x00, 0x00, 0x00, 0x00, 0x00, 0x00, 0x00, 0x00, 0x00, 0x00, 0x00, 0x00, 0x00,
    0x00, 0x00, 0x00, 0x00, 0x00, 0x00, 0x00, 0x00, 0x00, 0x00, 0x00, 0x00, 0x00, 0x00, 0x00, 0x00,
    0x00, 0x00, 0x00, 0x00, 0x00, 0x00, 0x00, 0x00, 0x00, 0x00, 0x00, 0x00, 0x00, 0x00, 0x00, 0x00,
    0x00, 0x00, 0x00, 0x00, 0x00, 0x00, 0x1d, 0x57, 0x1d, 0x57, 0x1d, 0x57, 0x1d, 0x57, 0x1d, 0x57,
    0x1d, 0x57, 0x1d, 0x57, 0x1d, 0x57, 0x1d, 0x57, 0x1d, 0x57, 0x1d, 0x57, 0x00, 0x00, 0x00, 0x00,
    0x00, 0x00, 0x00, 0x00, 0x00, 0x00, 0x00, 0x00, 0x00, 0x00, 0x00, 0x00, 0x00, 0x00, 0x00, 0x00,
    0x00, 0x00, 0x00, 0x00, 0x00, 0x00, 0x00, 0x00, 0x00, 0x00, 0x00, 0x00, 0x00, 0x00, 0x00, 0x00,
    0x00, 0x00, 0x00, 0x00, 0x00, 0x00, 0x00, 0x00, 0x00, 0x00, 0x00, 0x00, 0x00, 0x00, 0x00, 0x00,
    0x00, 0x00, 0x00, 0x00, 0x00, 0x00, 0x00, 0x00, 0x00, 0x00, 0x00, 0x00, 0x00, 0x00, 0x00, 0x00,
    0x00, 0x00, 0x00, 0x00, 0x00, 0x00, 0x00, 0x00, 0x00, 0x00, 0x1d, 0x57, 0x1d, 0x57, 0x1d, 0x57,
    0x1d, 0x57, 0x1d, 0x57, 0x1d, 0x57, 0x1d, 0x57, 0x1d, 0x57, 0x1d, 0x57, 0x1d, 0x57, 0x1d, 0x57,
    0x00, 0x00, 0x00, 0x00, 0x00, 0x00, 0x00, 0x00, 0x00, 0x00, 0x00, 0x00, 0x00, 0x00, 0x00, 0x00,
    0x00, 0x00, 0x00, 0x00, 0x00, 0x00, 0x00, 0x00, 0x00, 0x00, 0x00, 0x00, 0x00, 0x00, 0x00, 0x00,
    0x00, 0x00, 0x00, 0x00, 0x00, 0x00, 0x00, 0x00, 0x00, 0x00, 0x00, 0x00, 0x00, 0x00, 0x00, 0x00,
    0x00, 0x00, 0x00, 0x00, 0x00, 0x00, 0x00, 0x00, 0x00, 0x00, 0x00, 0x00, 0x00, 0x00, 0x00, 0x00,
    0x00, 0x00, 0x00, 0x00, 0x00, 0x00, 0x00, 0x00, 0x00, 0x00, 0x00, 0x00, 0x00, 0x00, 0x1c, 0x57,
    0x1d, 0x57, 0x1d, 0x57, 0x1d, 0x57, 0x1d, 0x57, 0x1d, 0x57, 0x1d, 0x57, 0x1d, 0x57, 0x1d, 0x57,
    0x1d, 0x57, 0x1d, 0x57, 0x00, 0x00, 0x00, 0x00, 0x00, 0x00, 0x00, 0x00, 0x00, 0x00, 0x00, 0x00,
    0x00, 0x00, 0x00, 0x00, 0x00, 0x00, 0x00, 0x00, 0x00, 0x00, 0x00, 0x00, 0x00, 0x00, 0x00, 0x00,
    0x00, 0x00, 0x00, 0x00, 0x00, 0x00, 0x00, 0x00, 0x00, 0x00, 0x00, 0x00, 0x00, 0x00, 0x00, 0x00,
    0x00, 0x00, 0x00, 0x00, 0x00, 0x00, 0x00, 0x00, 0x00, 0x00, 0x00, 0x00, 0x00, 0x00, 0x00, 0x00,
    0x00, 0x00, 0x00, 0x00, 0x00, 0x00, 0x00, 0x00, 0x00, 0x00, 0x00, 0x00, 0x00, 0x00, 0x00, 0x00,
    0x00, 0x00, 0x1d, 0x57, 0x1d, 0x57, 0x1d, 0x57, 0x1d, 0x57, 0x1d, 0x57, 0x1d, 0x57, 0x1d, 0x57,
    0x1d, 0x57, 0x1d, 0x57, 0x1d, 0x57, 0x1d, 0x57, 0x00, 0x00, 0x00, 0x00, 0x00, 0x00, 0x00, 0x00,
    0x00, 0x00, 0x00, 0x00, 0x00, 0x00, 0x00, 0x00, 0x00, 0x00, 0x00, 0x00, 0x00, 0x00, 0x00, 0x00,
    0x00, 0x00, 0x00, 0x00, 0x00, 0x00, 0x00, 0x00, 0x00, 0x00, 0x00, 0x00, 0x00, 0x00, 0x00, 0x00,
    0x00, 0x00, 0x00, 0x00, 0x00, 0x00, 0x00, 0x00, 0x00, 0x00, 0x00, 0x00, 0x00, 0x00, 0x00, 0x00,
    0x00, 0x00, 0x00, 0x00, 0x00, 0x00, 0x00, 0x00, 0x00, 0x00, 0x00, 0x00, 0x00, 0x00, 0x00, 0x00,
    0x00, 0x00, 0x00, 0x00, 0x00, 0x00, 0x1d, 0x57, 0x1d, 0x57, 0x1d, 0x57, 0x1d, 0x57, 0x1d, 0x57,
    0x1d, 0x57, 0x1d, 0x57, 0x1d, 0x57, 0x1d, 0x57, 0x1d, 0x57, 0x1d, 0x57, 0x00, 0x00, 0x00, 0x00,
    0x00, 0x00, 0x00, 0x00, 0x00, 0x00, 0x00, 0x00, 0x00, 0x00, 0x00, 0x00, 0x00, 0x00, 0x00, 0x00,
    0x00, 0x00, 0x00, 0x00, 0x00, 0x00, 0x00, 0x00, 0x00, 0x00, 0x00, 0x00, 0x00, 0x00, 0x00, 0x00,
    0x00, 0x00, 0x00, 0x00, 0x00, 0x00, 0x00, 0x00, 0x00, 0x00, 0x00, 0x00, 0x00, 0x00, 0x00, 0x00,
    0x00, 0x00, 0x00, 0x00, 0x00, 0x00, 0x00, 0x00, 0x00, 0x00, 0x00, 0x00, 0x00, 0x00, 0x00, 0x00,
    0x00, 0x00, 0x00, 0x00, 0x00, 0x00, 0x00, 0x00, 0x00, 0x00, 0x1d, 0x57, 0x1d, 0x57, 0x1d, 0x57,
    0x1d, 0x57, 0x1d, 0x57, 0x1d, 0x57, 0x1d, 0x57, 0x1d, 0x57, 0x1d, 0x57, 0x1d, 0x57, 0x1c, 0x57,
    0x00, 0x00, 0x00, 0x00, 0x00, 0x00, 0x00, 0x00, 0x00, 0x00, 0x00, 0x00, 0x00, 0x00, 0x00, 0x00,
    0x00, 0x00, 0x00, 0x00, 0x00, 0x00, 0x00, 0x00, 0x00, 0x00, 0x00, 0x00, 0x00, 0x00, 0x00, 0x00,
    0x00, 0x00, 0x00, 0x00, 0x00, 0x00, 0x00, 0x00, 0x00, 0x00, 0x00, 0x00, 0x00, 0x00, 0x00, 0x00,
    0x00, 0x00, 0x00, 0x00, 0x00, 0x00, 0x00, 0x00, 0x00, 0x00, 0x00, 0x00, 0x00, 0x00, 0x00, 0x00,
    0x00, 0x00, 0x00, 0x00, 0x00, 0x00, 0x00, 0x00, 0x00, 0x00, 0x00, 0x00, 0x00, 0x00, 0x1d, 0x57,
    0x1d, 0x57, 0x1d, 0x57, 0x1d, 0x57, 0x1d, 0x57, 0x1d, 0x57, 0x1d, 0x57, 0x1d, 0x57, 0x1d, 0x57,
    0x1d, 0x57, 0x1d, 0x57, 0x00, 0x00, 0x00, 0x00, 0x00, 0x00, 0x00, 0x00, 0x00, 0x00, 0x00, 0x00,
    0x00, 0x00, 0x00, 0x00, 0x00, 0x00, 0x00, 0x00, 0x00, 0x00, 0x00, 0x00, 0x00, 0x00, 0x00, 0x00,
    0x00, 0x00, 0x00, 0x00, 0x00, 0x00, 0x00, 0x00, 0x00, 0x00, 0x00, 0x00, 0x00, 0x00, 0x00, 0x00,
    0x00, 0x00, 0x00, 0x00, 0x00, 0x00, 0x00, 0x00, 0x00, 0x00, 0x00, 0x00, 0x00, 0x00, 0x00, 0x00,
    0x00, 0x00, 0x00, 0x00, 0x00, 0x00, 0x00, 0x00, 0x00, 0x00, 0x00, 0x00, 0x00, 0x00, 0x00, 0x00,
    0x00, 0x00, 0x1d, 0x57, 0x1d, 0x57, 0x1d, 0x57, 0x1d, 0x57, 0x1d, 0x57, 0x1d, 0x57, 0x1d, 0x57,
    0x1d, 0x57, 0x1d, 0x57, 0x1d, 0x57, 0x3c, 0x5f, 0x00, 0x00, 0x00, 0x00, 0x00, 0x00, 0x00, 0x00,
    0x00, 0x00, 0x00, 0x00, 0x00, 0x00, 0x00, 0x00, 0x00, 0x00, 0x00, 0x00, 0x00, 0x00, 0x00, 0x00,
    0x00, 0x00, 0x00, 0x00, 0x00, 0x00, 0x00, 0x00, 0x00, 0x00, 0x00, 0x00, 0x00, 0x00, 0x00, 0x00,
    0x00, 0x00, 0x00, 0x00, 0x00, 0x00, 0x00, 0x00, 0x00, 0x00, 0x00, 0x00, 0x00, 0x00, 0x00, 0x00,
    0x00, 0x00, 0x00, 0x00, 0x00, 0x00, 0x00, 0x00, 0x00, 0x00, 0x00, 0x00, 0x00, 0x00, 0x00, 0x00,
    0x00, 0x00, 0x00, 0x00, 0x1d, 0x57, 0x1d, 0x57, 0x1d, 0x57, 0x1d, 0x57, 0x1d, 0x57, 0x1d, 0x57,
    0x1d, 0x57, 0x1d, 0x57, 0x1d, 0x57, 0x1d, 0x57, 0x1d, 0x57, 0x3d, 0x57, 0xfd, 0x5e, 0xfd, 0x56,
    0x1c, 0x5f, 0x3c, 0x57, 0x3c, 0x5f, 0xfd, 0x56, 0xfd, 0x5e, 0x1d, 0x57, 0x1c, 0x57, 0x3c, 0x57,
    0x3c, 0x57, 0xfd, 0x56, 0xfd, 0x5e, 0x00, 0x00, 0x00, 0x00, 0x00, 0x00, 0x00, 0x00, 0x00, 0x00,
    0x00, 0x00, 0x00, 0x00, 0x00, 0x00, 0x00, 0x00, 0x00, 0x00, 0x00, 0x00, 0x00, 0x00, 0x00, 0x00,
    0x00, 0x00, 0x00, 0x00, 0x00, 0x00, 0x00, 0x00, 0x00, 0x00, 0x00, 0x00, 0x00, 0x00, 0x00, 0x00,
    0x00, 0x00, 0x00, 0x00, 0x00, 0x00, 0x1c, 0x4f, 0x1d, 0x57, 0x1d, 0x57, 0x1d, 0x57, 0x1d, 0x57,
    0x1d, 0x57, 0x1d, 0x57, 0x1d, 0x57, 0x1d, 0x57, 0x1d, 0x57, 0x1d, 0x57, 0x1d, 0x57, 0x1d, 0x57,
    0x1d, 0x57, 0x1d, 0x57, 0x1d, 0x57, 0x1d, 0x57, 0x1d, 0x57, 0x1d, 0x57, 0x1d, 0x57, 0x1d, 0x57,
    0x1d, 0x57, 0x1d, 0x57, 0x1d, 0x57, 0x1d, 0x57, 0x1d, 0x57, 0x1d, 0x57, 0x1c, 0x57, 0x00, 0x00,
    0x00, 0x00, 0x00, 0x00, 0x00, 0x00, 0x00, 0x00, 0x00, 0x00, 0x00, 0x00, 0x00, 0x00, 0x00, 0x00,
    0x00, 0x00, 0x00, 0x00, 0x00, 0x00, 0x00, 0x00, 0x00, 0x00, 0x00, 0x00, 0x00, 0x00, 0x00, 0x00,
    0x00, 0x00, 0x00, 0x00, 0x00, 0x00, 0x00, 0x00, 0x3c, 0x57, 0x1d, 0x57, 0x1d, 0x57, 0x1d, 0x57,
    0x1d, 0x57, 0x1d, 0x57, 0x1d, 0x57, 0x1d, 0x57, 0x1d, 0x57, 0x1d, 0x57, 0x1d, 0x57, 0x1d, 0x57,
    0x1d, 0x57, 0x1d, 0x57, 0x1d, 0x57, 0x1d, 0x57, 0x1d, 0x57, 0x1d, 0x57, 0x1d, 0x57, 0x1d, 0x57,
    0x1d, 0x57, 0x1d, 0x57, 0x1d, 0x57, 0x1d, 0x57, 0x1d, 0x57, 0x1d, 0x57, 0x1d, 0x57, 0x1d, 0x57,
    0x1d, 0x57, 0x1d, 0x57, 0x00, 0x00, 0x00, 0x00, 0x00, 0x00, 0x00, 0x00, 0x00, 0x00, 0x00, 0x00,
    0x00, 0x00, 0x00, 0x00, 0x00, 0x00, 0x00, 0x00, 0x00, 0x00, 0x00, 0x00, 0x00, 0x00, 0x00, 0x00,
    0x00, 0x00, 0x00, 0x00, 0x00, 0x00, 0x00, 0x00, 0x3c, 0x5f, 0x1d, 0x57, 0x1d, 0x57, 0x1d, 0x57,
    0x1d, 0x57, 0x1d, 0x57, 0x1d, 0x57, 0x1d, 0x57, 0x1d, 0x57, 0x1d, 0x57, 0x1d, 0x57, 0x1d, 0x57,
    0x1d, 0x57, 0x1d, 0x57, 0x1d, 0x57, 0x1d, 0x57, 0x1d, 0x57, 0x1d, 0x57, 0x1d, 0x57, 0x1d, 0x57,
    0x1d, 0x57, 0x1d, 0x57, 0x1d, 0x57, 0x1d, 0x57, 0x1d, 0x57, 0x1d, 0x57, 0x1d, 0x57, 0x1d, 0x57,
    0x1d, 0x57, 0x1d, 0x57, 0x1d, 0x57, 0x1d, 0x57, 0x1d, 0x57, 0x00, 0x00, 0x00, 0x00, 0x00, 0x00,
    0x00, 0x00, 0x00, 0x00, 0x00, 0x00, 0x00, 0x00, 0x1d, 0x57, 0x1d, 0x57, 0x1c, 0x57, 0x1d, 0x57,
    0x1d, 0x57, 0x1c, 0x57, 0x00, 0x00, 0x00, 0x00, 0x1c, 0x57, 0x1d, 0x57, 0x1d, 0x57, 0x1d, 0x57,
    0x1d, 0x57, 0x1d, 0x57, 0x1d, 0x57, 0x1d, 0x57, 0x1d, 0x57, 0x1d, 0x57, 0x1d, 0x57, 0x1d, 0x57,
    0x1d, 0x57, 0x1d, 0x57, 0x1d, 0x57, 0x1d, 0x57, 0x1d, 0x57, 0x1d, 0x57, 0x1d, 0x57, 0x1d, 0x57,
    0x1d, 0x57, 0x1d, 0x57, 0x1d, 0x57, 0x1d, 0x57, 0x1d, 0x57, 0x1d, 0x57, 0x1d, 0x57, 0x1d, 0x57,
    0x1d, 0x57, 0x1d, 0x57, 0x1d, 0x57, 0x1d, 0x57, 0x1d, 0x57, 0x1d, 0x57, 0x1d, 0x57, 0x00, 0x00,
    0x00, 0x00, 0x00, 0x00, 0x00, 0x00, 0x00, 0x00, 0x00, 0x00, 0x1d, 0x57, 0x1d, 0x57, 0x1d, 0x57,
    0x1d, 0x57, 0x1d, 0x57, 0x1d, 0x57, 0x1d, 0x57, 0x00, 0x00, 0x00, 0x00, 0x1c, 0x57, 0x1d, 0x57,
    0x1d, 0x57, 0x1d, 0x57, 0x1d, 0x57, 0x1d, 0x57, 0x1d, 0x57, 0x1d, 0x57, 0x1d, 0x57, 0x1d, 0x57,
    0x1d, 0x57, 0x1d, 0x57, 0x1d, 0x57, 0x1d, 0x57, 0x1d, 0x57, 0x1d, 0x57, 0x1d, 0x57, 0x1d, 0x57,
    0x1d, 0x57, 0x1d, 0x57, 0x1d, 0x57, 0x1d, 0x57, 0x1d, 0x57, 0x1d, 0x57, 0x1d, 0x57, 0x1d, 0x57,
    0x1d, 0x57, 0x1d, 0x57, 0x1d, 0x57, 0x1d, 0x57, 0x1d, 0x57, 0x1d, 0x57, 0x1d, 0x57, 0x1d, 0x57,
    0x1c, 0x57, 0x00, 0x00, 0x00, 0x00, 0x00, 0x00, 0x00, 0x00, 0x00, 0x00, 0x00, 0x00, 0x1d, 0x57,
    0x1d, 0x57, 0x1d, 0x57, 0x1d, 0x57, 0x1d, 0x57, 0x1d, 0x57, 0x1d, 0x57, 0x00, 0x00, 0x00, 0x00,
    0x1c, 0x57, 0x1d, 0x57, 0x1d, 0x57, 0x1d, 0x57, 0x1d, 0x57, 0x1d, 0x57, 0x1d, 0x57, 0x1d, 0x57,
    0x1d, 0x57, 0x1d, 0x57, 0x1d, 0x57, 0x1d, 0x57, 0x1d, 0x57, 0x1d, 0x57, 0x1d, 0x57, 0x1d, 0x57,
    0x1d, 0x57, 0x1d, 0x57, 0x1d, 0x57, 0x1d, 0x57, 0x1d, 0x57, 0x1d, 0x57, 0x1d, 0x57, 0x1d, 0x57,
    0x1d, 0x57, 0x1d, 0x57, 0x1d, 0x57, 0x1d, 0x57, 0x1d, 0x57, 0x1d, 0x57, 0x1d, 0x57, 0x1d, 0x57,
    0x1d, 0x57, 0x1d, 0x57, 0x1d, 0x57, 0x00, 0x00, 0x00, 0x00, 0x00, 0x00, 0x00, 0x00, 0x00, 0x00,
    0x00, 0x00, 0x1d, 0x57, 0x1d, 0x57, 0x1d, 0x57, 0x1d, 0x57, 0x1d, 0x57, 0x1d, 0x57, 0x1d, 0x57,
    0x00, 0x00, 0x00, 0x00, 0x1c, 0x57, 0x1d, 0x57, 0x1d, 0x57, 0x1d, 0x57, 0x1d, 0x57, 0x1d, 0x57,
    0x1d, 0x57, 0x1d, 0x57, 0x1d, 0x57, 0x1d, 0x57, 0x1d, 0x57, 0x1d, 0x57, 0x1d, 0x57, 0x1d, 0x57,
    0x1d, 0x57, 0x1d, 0x57, 0x1d, 0x57, 0x1d, 0x57, 0x1d, 0x57, 0x1d, 0x57, 0x1d, 0x57, 0x1d, 0x57,
    0x1d, 0x57, 0x1d, 0x57, 0x1d, 0x57, 0x1d, 0x57, 0x1d, 0x57, 0x1d, 0x57, 0x1d, 0x57, 0x1d, 0x57,
    0x1d, 0x57, 0x1d, 0x57, 0x1d, 0x57, 0x1d, 0x57, 0x1c, 0x57, 0x00, 0x00, 0x00, 0x00, 0x00, 0x00,
    0x00, 0x00, 0x00, 0x00, 0x00, 0x00, 0x1d, 0x57, 0x1d, 0x57, 0x1d, 0x57, 0x1d, 0x57, 0x1d, 0x57,
    0x1d, 0x57, 0x1d, 0x57, 0x00, 0x00, 0x00, 0x00, 0x1c, 0x57, 0x1d, 0x57, 0x1d, 0x57, 0x1d, 0x57,
    0x1d, 0x57, 0x1d, 0x57, 0x1d, 0x57, 0x1d, 0x57, 0x1d, 0x57, 0x1d, 0x57, 0x1d, 0x57, 0x1d, 0x57,
    0x1d, 0x57, 0x1d, 0x57, 0x1d, 0x57, 0x1d, 0x57, 0x1d, 0x57, 0x1d, 0x57, 0x1d, 0x57, 0x1d, 0x57,
    0x1d, 0x57, 0x1d, 0x57, 0x1d, 0x57, 0x1d, 0x57, 0x1d, 0x57, 0x1d, 0x57, 0x1d, 0x57, 0x1d, 0x57,
    0x1d, 0x57, 0x1d, 0x57, 0x1d, 0x57, 0x1d, 0x57, 0x1d, 0x57, 0x1d, 0x57, 0x1d, 0x57, 0x00, 0x00,
    0x00, 0x00, 0x00, 0x00, 0x00, 0x00, 0x00, 0x00, 0x00, 0x00, 0x1d, 0x57, 0x1d, 0x57, 0x1d, 0x57,
    0x1d, 0x57, 0x1d, 0x57, 0x1d, 0x57, 0x1d, 0x57, 0x00, 0x00, 0x00, 0x00, 0x1c, 0x57, 0x1d, 0x57,
    0x1d, 0x57, 0x1d, 0x57, 0x1d, 0x57, 0x1d, 0x57, 0x1d, 0x57, 0x1d, 0x57, 0x1d, 0x57, 0x1d, 0x57,
    0x1d, 0x57, 0x1d, 0x57, 0x1d, 0x57, 0x1d, 0x57, 0x1d, 0x57, 0x1d, 0x57, 0x1d, 0x57, 0x1d, 0x57,
    0x1d, 0x57, 0x1d, 0x57, 0x1d, 0x57, 0x1d, 0x57, 0x1d, 0x57, 0x1d, 0x57, 0x1d, 0x57, 0x1d, 0x57,
    0x1d, 0x57, 0x1d, 0x57, 0x1d, 0x57, 0x1d, 0x57, 0x1d, 0x57, 0x1d, 0x57, 0x1d, 0x57, 0x1d, 0x57,
    0x1d, 0x57, 0x00, 0x00, 0x00, 0x00, 0x00, 0x00, 0x00, 0x00, 0x00, 0x00, 0x00, 0x00, 0x1d, 0x57,
    0x1d, 0x57, 0x1d, 0x57, 0x1d, 0x57, 0x1d, 0x57, 0x1d, 0x57, 0x1d, 0x57, 0x00, 0x00, 0x00, 0x00,
    0x1c, 0x57, 0x1d, 0x57, 0x1d, 0x57, 0x1d, 0x57, 0x1d, 0x57, 0x1d, 0x57, 0x1d, 0x57, 0x1d, 0x57,
    0x1d, 0x57, 0x1d, 0x57, 0x1d, 0x57, 0x1d, 0x57, 0x1d, 0x57, 0x1d, 0x57, 0x1d, 0x57, 0x1d, 0x57,
    0x1d, 0x57, 0x1d, 0x57, 0x1d, 0x57, 0x1d, 0x57, 0x1d, 0x57, 0x1d, 0x57, 0x1d, 0x57, 0x1d, 0x57,
    0x1d, 0x57, 0x1d, 0x57, 0x1d, 0x57, 0x1d, 0x57, 0x1d, 0x57, 0x1d, 0x57, 0x1d, 0x57, 0x1d, 0x57,
    0x1d, 0x57, 0x1d, 0x57, 0xfd, 0x5e, 0x00, 0x00, 0x00, 0x00, 0x00, 0x00, 0x00, 0x00, 0x00, 0x00,
    0x00, 0x00, 0x1d, 0x57, 0x1d, 0x57, 0x1d, 0x57, 0x1d, 0x57, 0x1d, 0x57, 0x1d, 0x57, 0x1d, 0x57,
    0x00, 0x00, 0x00, 0x00, 0x1c, 0x57, 0x1d, 0x57, 0x1d, 0x57, 0x1d, 0x57, 0x1d, 0x57, 0x1d, 0x57,
    0x1d, 0x57, 0x1d, 0x57, 0x1d, 0x57, 0x1d, 0x57, 0x1d, 0x57, 0x1d, 0x57, 0x1d, 0x57, 0x1d, 0x57,
    0x1d, 0x57, 0x1d, 0x57, 0x1d, 0x57, 0x1d, 0x57, 0x1d, 0x57, 0x1d, 0x57, 0x1d, 0x57, 0x1d, 0x57,
    0x1d, 0x57, 0x1d, 0x57, 0x1d, 0x57, 0x1d, 0x57, 0x1d, 0x57, 0x1d, 0x57, 0x1d, 0x57, 0x1d, 0x57,
    0x1d, 0x57, 0x1d, 0x57, 0x1d, 0x57, 0x1d, 0x57, 0x00, 0x00, 0x00, 0x00, 0x00, 0x00, 0x00, 0x00,
    0x00, 0x00, 0x00, 0x00, 0x00, 0x00, 0x1d, 0x57, 0x1d, 0x57, 0x1d, 0x57, 0x1d, 0x57, 0x1d, 0x57,
    0x1d, 0x57, 0x1d, 0x57, 0x00, 0x00, 0x00, 0x00, 0x1c, 0x57, 0x1d, 0x57, 0x1d, 0x57, 0x1d, 0x57,
    0x1d, 0x57, 0x1d, 0x57, 0x1d, 0x57, 0x1d, 0x57, 0x1d, 0x57, 0x1d, 0x57, 0x1d, 0x57, 0x1d, 0x57,
    0x1d, 0x57, 0x1d, 0x57, 0x1d, 0x57, 0x1d, 0x57, 0x1d, 0x57, 0x1d, 0x57, 0x1d, 0x57, 0x1d, 0x57,
    0x1d, 0x57, 0x1d, 0x57, 0x1d, 0x57, 0x1d, 0x57, 0x1d, 0x57, 0x1d, 0x57, 0x1d, 0x57, 0x1d, 0x57,
    0x1d, 0x57, 0x1d, 0x57, 0x1d, 0x57, 0x1d, 0x57, 0x1d, 0x57, 0x1d, 0x57, 0x00, 0x00, 0x00, 0x00,
    0x00, 0x00, 0x00, 0x00, 0x00, 0x00, 0x00, 0x00, 0x00, 0x00, 0x1d, 0x57, 0x1d, 0x57, 0x1d, 0x57,
    0x1d, 0x57, 0x1d, 0x57, 0x1d, 0x57, 0x1d, 0x57, 0x00, 0x00, 0x00, 0x00, 0x1c, 0x57, 0x1d, 0x57,
    0x1d, 0x57, 0x1d, 0x57, 0x1d, 0x57, 0x1d, 0x57, 0x1d, 0x57, 0x1d, 0x57, 0x1d, 0x57, 0x1d, 0x57,
    0x1d, 0x57, 0x1d, 0x57, 0x1d, 0x57, 0x1d, 0x57, 0x1d, 0x57, 0x1d, 0x57, 0x1d, 0x57, 0x1d, 0x57,
    0x1d, 0x57, 0x1d, 0x57, 0x1d, 0x57, 0x1d, 0x57, 0x1d, 0x57, 0x1d, 0x57, 0x1d, 0x57, 0x1d, 0x57,
    0x1d, 0x57, 0x1d, 0x57, 0x1d, 0x57, 0x1d, 0x57, 0x1d, 0x57, 0x1d, 0x57, 0x1d, 0x57, 0x1d, 0x57,
    0x00, 0x00, 0x00, 0x00, 0x00, 0x00, 0x00, 0x00, 0x00, 0x00, 0x00, 0x00, 0x00, 0x00, 0x1d, 0x57,
    0x1d, 0x57, 0x1d, 0x57, 0x1d, 0x57, 0x1d, 0x57, 0x1d, 0x57, 0x1d, 0x57, 0x00, 0x00, 0x00, 0x00,
    0x1c, 0x57, 0x1d, 0x57, 0x1d, 0x57, 0x1d, 0x57, 0x1d, 0x57, 0x1d, 0x57, 0x1d, 0x57, 0x1d, 0x57,
    0x1d, 0x57, 0x1d, 0x57, 0x1d, 0x57, 0x1d, 0x57, 0x1d, 0x57, 0x1d, 0x57, 0x1d, 0x57, 0x1d, 0x57,
    0x1d, 0x57, 0x1d, 0x57, 0x1d, 0x57, 0x1d, 0x57, 0x1d, 0x57, 0x1d, 0x57, 0x1d, 0x57, 0x1d, 0x57,
    0x1d, 0x57, 0x1d, 0x57, 0x1d, 0x57, 0x1d, 0x57, 0x1d, 0x57, 0x1d, 0x57, 0x1d, 0x57, 0x1d, 0x57,
    0x1d, 0x57, 0x1c, 0x57, 0x00, 0x00, 0x00, 0x00, 0x00, 0x00, 0x00, 0x00, 0x00, 0x00, 0x00, 0x00,
    0x00, 0x00, 0x1d, 0x57, 0x1d, 0x57, 0x1d, 0x57, 0x1d, 0x57, 0x1d, 0x57, 0x1d, 0x57, 0x1d, 0x57,
    0x00, 0x00, 0x00, 0x00, 0x1c, 0x57, 0x1d, 0x57, 0x1d, 0x57, 0x1d, 0x57, 0x1d, 0x57, 0x1d, 0x57,
    0x1d, 0x57, 0x1d, 0x57, 0x1d, 0x57, 0x1d, 0x57, 0x1d, 0x57, 0x1d, 0x57, 0x1d, 0x57, 0x1d, 0x57,
    0x1d, 0x57, 0x1d, 0x57, 0x1d, 0x57, 0x1d, 0x57, 0x1d, 0x57, 0x1d, 0x57, 0x1d, 0x57, 0x1d, 0x57,
    0x1d, 0x57, 0x1d, 0x57, 0x1d, 0x57, 0x1d, 0x57, 0x1d, 0x57, 0x1d, 0x57, 0x1d, 0x57, 0x1d, 0x57,
    0x1d, 0x57, 0x1d, 0x57, 0x1d, 0x57, 0x1c, 0x57, 0x00, 0x00, 0x00, 0x00, 0x00, 0x00, 0x00, 0x00,
    0x00, 0x00, 0x00, 0x00, 0x00, 0x00, 0x1d, 0x57, 0x1d, 0x57, 0x1d, 0x57, 0x1d, 0x57, 0x1d, 0x57,
    0x1d, 0x57, 0x1d, 0x57, 0x00, 0x00, 0x00, 0x00, 0x1c, 0x57, 0x1d, 0x57, 0x1d, 0x57, 0x1d, 0x57,
    0x1d, 0x57, 0x1d, 0x57, 0x1d, 0x57, 0x1d, 0x57, 0x1d, 0x57, 0x1d, 0x57, 0x1d, 0x57, 0x1d, 0x57,
    0x1d, 0x57, 0x1d, 0x57, 0x1d, 0x57, 0x1d, 0x57, 0x1d, 0x57, 0x1d, 0x57, 0x1d, 0x57, 0x1d, 0x57,
    0x1d, 0x57, 0x1d, 0x57, 0x1d, 0x57, 0x1d, 0x57, 0x1d, 0x57, 0x1d, 0x57, 0x1d, 0x57, 0x1d, 0x57,
    0x1d, 0x57, 0x1d, 0x57, 0x1d, 0x57, 0x1d, 0x57, 0x1c, 0x57, 0xff, 0x07, 0x00, 0x00, 0x00, 0x00,
    0x00, 0x00, 0x00, 0x00, 0x00, 0x00, 0x00, 0x00, 0x00, 0x00, 0x1d, 0x57, 0x1d, 0x57, 0x1d, 0x57,
    0x1d, 0x57, 0x1d, 0x57, 0x1d, 0x57, 0x1d, 0x57, 0x00, 0x00, 0x00, 0x00, 0x1c, 0x57, 0x1d, 0x57,
    0x1d, 0x57, 0x1d, 0x57, 0x1d, 0x57, 0x1d, 0x57, 0x1d, 0x57, 0x1d, 0x57, 0x1d, 0x57, 0x1d, 0x57,
    0x1d, 0x57, 0x1d, 0x57, 0x1d, 0x57, 0x1d, 0x57, 0x1d, 0x57, 0x1d, 0x57, 0x1d, 0x57, 0x1d, 0x57,
    0x1d, 0x57, 0x1d, 0x57, 0x1d, 0x57, 0x1d, 0x57, 0x1d, 0x57, 0x1d, 0x57, 0x1d, 0x57, 0x1d, 0x57,
    0x1d, 0x57, 0x1d, 0x57, 0x1d, 0x57, 0x1d, 0x57, 0x1d, 0x57, 0x1d, 0x57, 0x1d, 0x57, 0x00, 0x00,
    0x00, 0x00, 0x00, 0x00, 0x00, 0x00, 0x00, 0x00, 0x00, 0x00, 0x00, 0x00, 0x00, 0x00, 0x1d, 0x57,
    0x1d, 0x57, 0x1d, 0x57, 0x1d, 0x57, 0x1d, 0x57, 0x1d, 0x57, 0x1d, 0x57, 0x00, 0x00, 0x00, 0x00,
    0x1c, 0x57, 0x1d, 0x57, 0x1d, 0x57, 0x1d, 0x57, 0x1d, 0x57, 0x1d, 0x57, 0x1d, 0x57, 0x1d, 0x57,
    0x1d, 0x57, 0x1d, 0x57, 0x1d, 0x57, 0x1d, 0x57, 0x1d, 0x57, 0x1d, 0x57, 0x1d, 0x57, 0x1d, 0x57,
    0x1d, 0x57, 0x1d, 0x57, 0x1d, 0x57, 0x1d, 0x57, 0x1d, 0x57, 0x1d, 0x57, 0x1d, 0x57, 0x1d, 0x57,
    0x1d, 0x57, 0x1d, 0x57, 0x1d, 0x57, 0x1d, 0x57, 0x1d, 0x57, 0x1d, 0x57, 0x1d, 0x57, 0x1d, 0x57,
    0x1d, 0x57, 0x00, 0x00, 0x00, 0x00, 0x00, 0x00, 0x00, 0x00, 0x00, 0x00, 0x00, 0x00, 0x00, 0x00,
    0x00, 0x00, 0x1d, 0x57, 0x1d, 0x57, 0x1d, 0x57, 0x1d, 0x57, 0x1d, 0x57, 0x1d, 0x57, 0x1d, 0x57,
    0x00, 0x00, 0x00, 0x00, 0x1c, 0x57, 0x1d, 0x57, 0x1d, 0x57, 0x1d, 0x57, 0x1d, 0x57, 0x1d, 0x57,
    0x1d, 0x57, 0x1d, 0x57, 0x1d, 0x57, 0x1d, 0x57, 0x1d, 0x57, 0x1d, 0x57, 0x1d, 0x57, 0x1d, 0x57,
    0x1d, 0x57, 0x1d, 0x57, 0x1d, 0x57, 0x1d, 0x57, 0x1d, 0x57, 0x1d, 0x57, 0x1d, 0x57, 0x1d, 0x57,
    0x1d, 0x57, 0x1d, 0x57, 0x1d, 0x57, 0x1d, 0x57, 0x1d, 0x57, 0x1d, 0x57, 0x1d, 0x57, 0x1d, 0x57,
    0x1d, 0x57, 0x1d, 0x57, 0x1d, 0x57, 0x00, 0x00, 0x00, 0x00, 0x00, 0x00, 0x00, 0x00, 0x00, 0x00,
    0x00, 0x00, 0x00, 0x00, 0x00, 0x00, 0x1d, 0x57, 0x1d, 0x57, 0x1d, 0x57, 0x1d, 0x57, 0x1d, 0x57,
    0x1d, 0x57, 0x1d, 0x57, 0x00, 0x00, 0x00, 0x00, 0x1c, 0x57, 0x1d, 0x57, 0x1d, 0x57, 0x1d, 0x57,
    0x1d, 0x57, 0x1d, 0x57, 0x1d, 0x57, 0x1d, 0x57, 0x1d, 0x57, 0x1d, 0x57, 0x1d, 0x57, 0x1d, 0x57,
    0x1d, 0x57, 0x1d, 0x57, 0x1d, 0x57, 0x1d, 0x57, 0x1d, 0x57, 0x1d, 0x57, 0x1d, 0x57, 0x1d, 0x57,
    0x1d, 0x57, 0x1d, 0x57, 0x1d, 0x57, 0x1d, 0x57, 0x1d, 0x57, 0x1d, 0x57, 0x1d, 0x57, 0x1d, 0x57,
    0x1d, 0x57, 0x1d, 0x57, 0x1d, 0x57, 0x1d, 0x57, 0x1d, 0x57, 0x00, 0x00, 0x00, 0x00, 0x00, 0x00,
    0x00, 0x00, 0x00, 0x00, 0x00, 0x00, 0x00, 0x00, 0x00, 0x00, 0x1d, 0x57, 0x1d, 0x57, 0x1d, 0x57,
    0x1d, 0x57, 0x1d, 0x57, 0x1d, 0x57, 0x1d, 0x57, 0x00, 0x00, 0x00, 0x00, 0x1c, 0x57, 0x1d, 0x57,
    0x1d, 0x57, 0x1d, 0x57, 0x1d, 0x57, 0x1d, 0x57, 0x1d, 0x57, 0x1d, 0x57, 0x1d, 0x57, 0x1d, 0x57,
    0x1d, 0x57, 0x1d, 0x57, 0x1d, 0x57, 0x1d, 0x57, 0x1d, 0x57, 0x1d, 0x57, 0x1d, 0x57, 0x1d, 0x57,
    0x1d, 0x57, 0x1d, 0x57, 0x1d, 0x57, 0x1d, 0x57, 0x1d, 0x57, 0x1d, 0x57, 0x1d, 0x57, 0x1d, 0x57,
    0x1d, 0x57, 0x1d, 0x57, 0x1d, 0x57, 0x1d, 0x57, 0x1d, 0x57, 0x1d, 0x57, 0xbb, 0x5e, 0x00, 0x00,
    0x00, 0x00, 0x00, 0x00, 0x00, 0x00, 0x00, 0x00, 0x00, 0x00, 0x00, 0x00, 0x00, 0x00, 0x1d, 0x57,
    0x1d, 0x57, 0x1d, 0x57, 0x1d, 0x57, 0x1d, 0x57, 0x1d, 0x57, 0x1d, 0x57, 0x00, 0x00, 0x00, 0x00,
    0x1c, 0x57, 0x1d, 0x57, 0x1d, 0x57, 0x1d, 0x57, 0x1d, 0x57, 0x1d, 0x57, 0x1d, 0x57, 0x1d, 0x57,
    0x1d, 0x57, 0x1d, 0x57, 0x1d, 0x57, 0x1d, 0x57, 0x1d, 0x57, 0x1d, 0x57, 0x1d, 0x57, 0x1d, 0x57,
    0x1d, 0x57, 0x1d, 0x57, 0x1d, 0x57, 0x1d, 0x57, 0x1d, 0x57, 0x1d, 0x57, 0x1d, 0x57, 0x1d, 0x57,
    0x1d, 0x57, 0x1d, 0x57, 0x1d, 0x57, 0x1d, 0x57, 0x1d, 0x57, 0x1d, 0x57, 0x1d, 0x57, 0x1d, 0x57,
    0x00, 0x00, 0x00, 0x00, 0x00, 0x00, 0x00, 0x00, 0x00, 0x00, 0x00, 0x00, 0x00, 0x00, 0x00, 0x00,
    0x00, 0x00, 0x1d, 0x57, 0x1d, 0x57, 0x1d, 0x57, 0x1d, 0x57, 0x1d, 0x57, 0x1d, 0x57, 0x1d, 0x57,
    0x00, 0x00, 0x00, 0x00, 0x1c, 0x57, 0x1d, 0x57, 0x1d, 0x57, 0x1d, 0x57, 0x1d, 0x57, 0x1d, 0x57,
    0x1d, 0x57, 0x1d, 0x57, 0x1d, 0x57, 0x1d, 0x57, 0x1d, 0x57, 0x1d, 0x57, 0x1d, 0x57, 0x1d, 0x57,
    0x1d, 0x57, 0x1d, 0x57, 0x1d, 0x57, 0x1d, 0x57, 0x1d, 0x57, 0x1d, 0x57, 0x1d, 0x57, 0x1d, 0x57,
    0x1d, 0x57, 0x1d, 0x57, 0x1d, 0x57, 0x1d, 0x57, 0x1d, 0x57, 0x1d, 0x57, 0x1d, 0x57, 0x1d, 0x57,
    0x1d, 0x57, 0x1d, 0x57, 0x00, 0x00, 0x00, 0x00, 0x00, 0x00, 0x00, 0x00, 0x00, 0x00, 0x00, 0x00,
    0x00, 0x00, 0x00, 0x00, 0x00, 0x00, 0x1d, 0x57, 0x1d, 0x57, 0x1d, 0x57, 0x1d, 0x57, 0x1d, 0x57,
    0x1d, 0x57, 0x1d, 0x57, 0x00, 0x00, 0x00, 0x00, 0x1c, 0x57, 0x1d, 0x57, 0x1d, 0x57, 0x1d, 0x57,
    0x1d, 0x57, 0x1d, 0x57, 0x1d, 0x57, 0x1d, 0x57, 0x1d, 0x57, 0x1d, 0x57, 0x1d, 0x57, 0x1d, 0x57,
    0x1d, 0x57, 0x1d, 0x57, 0x1d, 0x57, 0x1d, 0x57, 0x1d, 0x57, 0x1d, 0x57, 0x1d, 0x57, 0x1d, 0x57,
    0x1d, 0x57, 0x1d, 0x57, 0x1d, 0x57, 0x1d, 0x57, 0x1d, 0x57, 0x1d, 0x57, 0x1d, 0x57, 0x1d, 0x57,
    0x1d, 0x57, 0x1d, 0x57, 0x1d, 0x57, 0x1c, 0x57, 0x00, 0x00, 0x00, 0x00, 0x00, 0x00, 0x00, 0x00,
    0x00, 0x00, 0x00, 0x00, 0x00, 0x00, 0x00, 0x00, 0x00, 0x00, 0x1d, 0x57, 0x1d, 0x57, 0x1d, 0x57,
    0x1d, 0x57, 0x1d, 0x57, 0x1d, 0x57, 0x1d, 0x57, 0x00, 0x00, 0x00, 0x00, 0x1c, 0x57, 0x1d, 0x57,
    0x1d, 0x57, 0x1d, 0x57, 0x1d, 0x57, 0x1d, 0x57, 0x1d, 0x57, 0x1d, 0x57, 0x1d, 0x57, 0x1d, 0x57,
    0x1d, 0x57, 0x1d, 0x57, 0x1d, 0x57, 0x1d, 0x57, 0x1d, 0x57, 0x1d, 0x57, 0x1d, 0x57, 0x1d, 0x57,
    0x1d, 0x57, 0x1d, 0x57, 0x1d, 0x57, 0x1d, 0x57, 0x1d, 0x57, 0x1d, 0x57, 0x1d, 0x57, 0x1d, 0x57,
    0x1d, 0x57, 0x1d, 0x57, 0x1d, 0x57, 0x1d, 0x57, 0x1d, 0x57, 0x1d, 0x57, 0x00, 0x00, 0x00, 0x00,
    0x00, 0x00, 0x00, 0x00, 0x00, 0x00, 0x00, 0x00, 0x00, 0x00, 0x00, 0x00, 0x00, 0x00, 0x1d, 0x57,
    0x1d, 0x57, 0x1d, 0x57, 0x1d, 0x57, 0x1d, 0x57, 0x1d, 0x57, 0x1d, 0x57, 0x00, 0x00, 0x00, 0x00,
    0x1c, 0x57, 0x1d, 0x57, 0x1d, 0x57, 0x1d, 0x57, 0x1d, 0x57, 0x1d, 0x57, 0x1d, 0x57, 0x1d, 0x57,
    0x1d, 0x57, 0x1d, 0x57, 0x1d, 0x57, 0x1d, 0x57, 0x1d, 0x57, 0x1d, 0x57, 0x1d, 0x57, 0x1d, 0x57,
    0x1d, 0x57, 0x1d, 0x57, 0x1d, 0x57, 0x1d, 0x57, 0x1d, 0x57, 0x1d, 0x57, 0x1d, 0x57, 0x1d, 0x57,
    0x1d, 0x57, 0x1d, 0x57, 0x1d, 0x57, 0x1d, 0x57, 0x1d, 0x57, 0x1d, 0x57, 0x1d, 0x57, 0xff, 0x5f,
    0x00, 0x00, 0x00, 0x00, 0x00, 0x00, 0x00, 0x00, 0x00, 0x00, 0x00, 0x00, 0x00, 0x00, 0x00, 0x00,
    0x00, 0x00, 0x1c, 0x57, 0x1d, 0x57, 0x1d, 0x57, 0x1d, 0x57, 0x1d, 0x57, 0x1d, 0x57, 0x1d, 0x57,
    0x00, 0x00, 0x00, 0x00, 0x1c, 0x57, 0x1d, 0x57, 0x1d, 0x57, 0x1d, 0x57, 0x1d, 0x57, 0x1d, 0x57,
    0x1d, 0x57, 0x1d, 0x57, 0x1d, 0x57, 0x1d, 0x57, 0x1d, 0x57, 0x1d, 0x57, 0x1d, 0x57, 0x1d, 0x57,
    0x1d, 0x57, 0x1d, 0x57, 0x1d, 0x57, 0x1d, 0x57, 0x1d, 0x57, 0x1d, 0x57, 0x1d, 0x57, 0x1d, 0x57,
    0x1d, 0x57, 0x1d, 0x57, 0x1d, 0x57, 0x1d, 0x57, 0x1d, 0x57, 0x1d, 0x57, 0x1d, 0x57, 0x1d, 0x57,
    0x1d, 0x57, 0x00, 0x00, 0x00, 0x00, 0x00, 0x00, 0x00, 0x00, 0x00, 0x00, 0x00, 0x00, 0x00, 0x00,
    0x00, 0x00, 0x00, 0x00, 0x00, 0x00, 0x1d, 0x57, 0x1d, 0x57, 0x1d, 0x57, 0x1d, 0x57, 0x1d, 0x57,
    0x1d, 0x57, 0x1d, 0x57, 0x00, 0x00, 0x00, 0x00, 0x1c, 0x57, 0x1d, 0x57, 0x1d, 0x57, 0x1d, 0x57,
    0x1d, 0x57, 0x1d, 0x57, 0x1d, 0x57, 0x1d, 0x57, 0x1d, 0x57, 0x1d, 0x57, 0x1d, 0x57, 0x1d, 0x57,
    0x1d, 0x57, 0x1d, 0x57, 0x1d, 0x57, 0x1d, 0x57, 0x1d, 0x57, 0x1d, 0x57, 0x1d, 0x57, 0x1d, 0x57,
    0x1d, 0x57, 0x1d, 0x57, 0x1d, 0x57, 0x1d, 0x57, 0x1d, 0x57, 0x1d, 0x57, 0x1d, 0x57, 0x1d, 0x57,
    0x1d, 0x57, 0x1d, 0x57, 0x00, 0x00, 0x00, 0x00, 0x00, 0x00, 0x00, 0x00, 0x00, 0x00, 0x00, 0x00,
    0x00, 0x00, 0x00, 0x00, 0x00, 0x00, 0x00, 0x00, 0x00, 0x00, 0x00, 0x00, 0x1d, 0x57, 0x1d, 0x57,
    0x1d, 0x57, 0x1c, 0x57, 0x1c, 0x57, 0x1c, 0x57, 0x00, 0x00, 0x00, 0x00, 0x1c, 0x57, 0x1c, 0x57,
    0x1c, 0x57, 0x1c, 0x57, 0x1c, 0x57, 0x1c, 0x57, 0x1c, 0x57, 0x1c, 0x57, 0x1c, 0x57, 0x1c, 0x57,
    0x1c, 0x57, 0x1c, 0x57, 0x1c, 0x57, 0x1c, 0x57, 0x1c, 0x57, 0x1c, 0x57, 0x1c, 0x57, 0x1c, 0x57,
    0x1c, 0x57, 0x1c, 0x57, 0x1c, 0x57, 0x1c, 0x57, 0x1c, 0x57, 0x1c, 0x57, 0x1c, 0x57, 0x1c, 0x57,
    0x1d, 0x57, 0x1d, 0x57, 0x1d, 0x57, 0x00, 0x00, 0x00, 0x00, 0x00, 0x00, 0x00, 0x00, 0x00, 0x00,
    0x00, 0x00, 0x00, 0x00, 0x00, 0x00, 0x00, 0x00, 0x00, 0x00, 0x00, 0x00, 0x00, 0x00, 0x00, 0x00,
    0x00, 0x00, 0x00, 0x00, 0x00, 0x00, 0x00, 0x00, 0x00, 0x00, 0x00, 0x00, 0x00, 0x00, 0x00, 0x00,
    0x00, 0x00, 0x00, 0x00, 0x00, 0x00, 0x00, 0x00, 0x00, 0x00, 0x00, 0x00, 0x00, 0x00, 0x00, 0x00,
    0x00, 0x00, 0x00, 0x00, 0x00, 0x00, 0x00, 0x00, 0x00, 0x00, 0x00, 0x00, 0x00, 0x00, 0x00, 0x00,
    0x00, 0x00, 0x00, 0x00, 0x00, 0x00, 0x00, 0x00, 0x00, 0x00, 0x00, 0x00, 0x00, 0x00, 0x00, 0x00,
    0x00, 0x00, 0x00, 0x00, 0x00, 0x00, 0x00, 0x00, 0x00, 0x00, 0x00, 0x00, 0x00, 0x00, 0x00, 0x00,
    0x00, 0x00, 0x00, 0x00, 0x00, 0x00, 0x00, 0x00, 0x00, 0x00, 0x00, 0x00, 0x00, 0x00, 0x00, 0x00,
    0x00, 0x00, 0x00, 0x00, 0x00, 0x00, 0x00, 0x00, 0x00, 0x00, 0x00, 0x00, 0x00, 0x00, 0x00, 0x00,
    0x00, 0x00, 0x00, 0x00, 0x00, 0x00, 0x00, 0x00, 0x00, 0x00, 0x00, 0x00, 0x00, 0x00, 0x00, 0x00,
    0x00, 0x00, 0x00, 0x00, 0x00, 0x00, 0x00, 0x00, 0x00, 0x00, 0x00, 0x00, 0x00, 0x00, 0x00, 0x00,
    0x00, 0x00, 0x00, 0x00, 0x00, 0x00, 0x00, 0x00, 0x00, 0x00, 0x00, 0x00, 0x00, 0x00, 0x00, 0x00,
    0x00, 0x00, 0x00, 0x00, 0x00, 0x00, 0x00, 0x00, 0x00, 0x00, 0x00, 0x00, 0x00, 0x00, 0x00, 0x00,
    0x00, 0x00, 0x00, 0x00, 0x00, 0x00, 0x00, 0x00, 0x00, 0x00, 0x00, 0x00, 0x00, 0x00, 0x00, 0x00,
    0x00, 0x00, 0x00, 0x00, 0x00, 0x00, 0x00, 0x00, 0x00, 0x00, 0x00, 0x00, 0x00, 0x00, 0x00, 0x00,
    0x00, 0x00, 0x00, 0x00, 0x00, 0x00, 0x00, 0x00, 0x00, 0x00, 0x00, 0x00, 0x00, 0x00, 0x00, 0x00,
    0x00, 0x00, 0x00, 0x00, 0x00, 0x00, 0x00, 0x00, 0x00, 0x00, 0x00, 0x00, 0x00, 0x00, 0x00, 0x00,
    0x00, 0x00, 0x00, 0x00, 0x00, 0x00, 0x00, 0x00, 0x00, 0x00, 0x00, 0x00, 0x00, 0x00, 0x00, 0x00,
    0x00, 0x00, 0x00, 0x00, 0x00, 0x00, 0x00, 0x00, 0x00, 0x00, 0x00, 0x00, 0x00, 0x00, 0x00, 0x00,
    0x00, 0x00, 0x00, 0x00, 0x00, 0x00, 0x00, 0x00, 0x00, 0x00, 0x00, 0x00, 0x00, 0x00, 0x00, 0x00,
    0x00, 0x00, 0x00, 0x00, 0x00, 0x00, 0x00, 0x00, 0x00, 0x00, 0x00, 0x00, 0x00, 0x00, 0x00, 0x00,
    0x00, 0x00, 0x00, 0x00, 0x00, 0x00, 0x00, 0x00, 0x00, 0x00, 0x00, 0x00, 0x00, 0x00, 0x00, 0x00,
    0x00, 0x00, 0x00, 0x00, 0x00, 0x00, 0x00, 0x00, 0x00, 0x00, 0x00, 0x00, 0x00, 0x00, 0x00, 0x00,
    0x00, 0x00, 0x00, 0x00, 0x00, 0x00, 0x00, 0x00, 0x00, 0x00, 0x00, 0x00, 0x00, 0x00, 0x00, 0x00,
    0x00, 0x00, 0x00, 0x00, 0x00, 0x00, 0x00, 0x00, 0x00, 0x00, 0x00, 0x00, 0x00, 0x00, 0x00, 0x00,
    0x00, 0x00, 0x00, 0x00, 0x00, 0x00, 0x00, 0x00, 0x00, 0x00, 0x00, 0x00, 0x00, 0x00, 0x00, 0x00,
    0x00, 0x00, 0x00, 0x00, 0x00, 0x00, 0x00, 0x00,
};
#endif

#if TEXTURE_RGB888
static u8 icon_good_rgb888[7500] ALIGNED(4) = {
    0x00, 0x00, 0x00, 0x00, 0x00, 0x00, 0x00, 0x00, 0x00, 0x00, 0x00, 0x00, 0x00, 0x00, 0x00, 0x00,
    0x00, 0x00, 0x00, 0x00, 0x00, 0x00, 0x00, 0x00, 0x00, 0x00, 0x00, 0x00, 0x00, 0x00, 0x00, 0x00,
    0x00, 0x00, 0x00, 0x00, 0x00, 0x00, 0x00, 0x00, 0x00, 0x00, 0x00, 0x00, 0x00, 0x00, 0x00, 0x00,
    0x00, 0x00, 0x00, 0x00, 0x00, 0x00, 0x00, 0x00, 0x00, 0x00, 0x00, 0x00, 0x00, 0x00, 0x00, 0x00,
    0x00, 0x00, 0x00, 0x00, 0x00, 0x00, 0x00, 0x00, 0x00, 0x00, 0x00, 0x00, 0x00, 0x00, 0x00, 0x00,
    0x00, 0x00, 0x00, 0x00, 0x00, 0x00, 0x00, 0x00, 0x00, 0x00, 0x00, 0x00, 0x00, 0x00, 0x00, 0x00,
    0x00, 0x00, 0x00, 0x00, 0x00, 0x00, 0x00, 0x00, 0x00, 0x00, 0x00, 0x00, 0x00, 0x00, 0x00, 0x00,
    0x00, 0x00, 0x00, 0x00, 0x00, 0x00, 0x00, 0x00, 0x00, 0x00, 0x00, 0x00, 0x00, 0x00, 0x00, 0x00,
    0x00, 0x00, 0x00, 0x00, 0x00, 0x00, 0x00, 0x00, 0x00, 0x00, 0x00, 0x00, 0x00, 0x00, 0x00, 0x00,
    0x00, 0x00, 0x00, 0x00, 0x00, 0x00, 0x00, 0x00, 0x00, 0x00, 0x00, 0x00, 0x00, 0x00, 0x00, 0x00,
    0x00, 0x00, 0x00, 0x00, 0x00, 0x00, 0x00, 0x00, 0x00, 0x00, 0x00, 0x00, 0x00, 0x00, 0x00, 0x00,
    0x00, 0x00, 0x00, 0x00, 0x00, 0x00, 0x00, 0x00, 0x00, 0x00, 0x00, 0x00, 0x00, 0x00, 0x00, 0x00,
    0x00, 0x00, 0x00, 0x00, 0x00, 0x00, 0x00, 0x00, 0x00, 0x00, 0x00, 0x00, 0x00, 0x00, 0x00, 0x00,
    0x00, 0x00, 0x00, 0x00, 0x00, 0x00, 0x00, 0x00, 0x00, 0x00, 0x00, 0x00, 0x00, 0x00, 0x00, 0x00,
    0x00, 0x00, 0x00, 0x00, 0x00, 0x00, 0x00, 0x00, 0x00, 0x00, 0x00, 0x00, 0x00, 0x00, 0x00, 0x00,
    0x00, 0x00, 0x00, 0x00, 0x00, 0x00, 0x00, 0x00, 0x00, 0x00, 0x00, 0x00, 0x00, 0x00, 0x00, 0x00,
    0x00, 0x00, 0x00, 0x00, 0x00, 0x00, 0x00, 0x00, 0x00, 0x00, 0x00, 0x00, 0x00, 0x00, 0x00, 0x00,
    0x00, 0x00, 0x00, 0x00, 0x00, 0x00, 0x00, 0x00, 0x00, 0x00, 0x00, 0x00, 0x00, 0x00, 0x00, 0x00,
    0x00, 0x00, 0x00, 0x00, 0x00, 0x00, 0x00, 0x00, 0x00, 0x00, 0x00, 0x00, 0x00, 0x00, 0x00, 0x00,
    0x00, 0x00, 0x00, 0x00, 0x00, 0x00, 0x00, 0x00, 0x00, 0x00, 0x00, 0x00, 0x00, 0x00, 0x00, 0x00,
    0x00, 0x00, 0x00, 0x00, 0x00, 0x00, 0x00, 0x00, 0x00, 0x00, 0x00, 0x00, 0x00, 0x00, 0x00, 0x00,
    0x00, 0x00, 0x00, 0x00, 0x00, 0x00, 0x00, 0x00, 0x00, 0x00, 0x00, 0x00, 0x00, 0x00, 0x00, 0x00,
    0x00, 0x00, 0x00, 0x00, 0x00, 0x00, 0x00, 0x00, 0x00, 0x00, 0x00, 0x00, 0x00, 0x00, 0x00, 0x00,
    0x00, 0x00, 0x00, 0x00, 0x00, 0x00, 0x00, 0x00, 0x00, 0x00, 0x00, 0x00, 0x00, 0x00, 0x00, 0x00,
    0x00, 0x00, 0x00, 0x00, 0x00, 0x00, 0x00, 0x00, 0x00, 0x00, 0x00, 0x00, 0x00, 0x00, 0x00, 0x00,
    0x00, 0x00, 0x00, 0x00, 0x00, 0x00, 0x00, 0x00, 0x00, 0x00, 0x00, 0x00, 0x00, 0x00, 0x00, 0x00,
    0x00, 0x00, 0x00, 0x00, 0x00, 0x00, 0x00, 0x00, 0x00, 0x00, 0x00, 0x00, 0x00, 0x00, 0x00, 0x00,
    0x00, 0x00, 0x00, 0x00, 0x00, 0x00, 0x00, 0x00, 0x00, 0x00, 0x00, 0x00, 0x00, 0x00, 0x00, 0x00,
    0x00, 0x00, 0x00, 0x00, 0x00, 0x00, 0x00, 0x00, 0x00, 0x00, 0x00, 0x00, 0x00, 0x00, 0x00, 0x00,
    0x00, 0x00, 0x00, 0x00, 0x00, 0x00, 0x00, 0x00, 0x00, 0x00, 0x00, 0x00, 0x00, 0x00, 0x00, 0x00,
    0x00, 0x00, 0x00, 0x00, 0x00, 0x00, 0x00, 0x00, 0x00, 0x00, 0x00, 0x00, 0x00, 0x00, 0x00, 0x00,
    0x00, 0x00, 0x00, 0x00, 0x00, 0x00, 0x00, 0x00, 0x00, 0x00, 0x00, 0x00, 0x00, 0x00, 0x00, 0x00,
    0x00, 0x00, 0x00, 0x00, 0x00, 0x00, 0x00, 0x00, 0x00, 0x00, 0x00, 0x00, 0x00, 0x00, 0x00, 0x00,
    0x00, 0x00, 0x00, 0x00, 0x00, 0x00, 0x00, 0x00, 0x00, 0x00, 0x00, 0x00, 0x00, 0x00, 0x00, 0x00,
    0x00, 0x00, 0x00, 0x00, 0x00, 0x00, 0x00, 0x00, 0x00, 0x00, 0x00, 0x00, 0x00, 0x00, 0x00, 0x00,
    0x00, 0x00, 0x00, 0x00, 0x00, 0x00, 0x00, 0x00, 0x00, 0x00, 0x00, 0x00, 0x00, 0x00, 0x00, 0x00,
    0x00, 0x00, 0x00, 0x00, 0x00, 0x00, 0x00, 0x00, 0x00, 0x00, 0x00, 0x00, 0x00, 0x00, 0x00, 0x00,
    0x00, 0x00, 0x00, 0x00, 0x00, 0x00, 0x00, 0x00, 0x00, 0x00, 0x00, 0x00, 0x00, 0x00, 0x00, 0x00,
    0x00, 0x00, 0x00, 0x00, 0x00, 0x00, 0x00, 0x00, 0x00, 0x00, 0x00, 0x00, 0x00, 0x00, 0x00, 0x00,
    0x00, 0x00, 0x00, 0x00, 0x00, 0x00, 0x00, 0x00, 0x00, 0x00, 0x00, 0x00, 0x00, 0x00, 0x00, 0x00,
    0x00, 0x00, 0x00, 0x00, 0x00, 0x00, 0x00, 0x00, 0x00, 0x00, 0x00, 0x00, 0x00, 0x00, 0x00, 0x00,
    0x00, 0x00, 0x00, 0x00, 0x00, 0x00, 0x00, 0xe5, 0xe0, 0x51, 0xe4, 0xdf, 0x51, 0xe3, 0xe0, 0x51,
    0xe4, 0xe0, 0x52, 0xe5, 0xe1, 0x51, 0xdd, 0xdd, 0x55, 0x00, 0x00, 0x00, 0x00, 0x00, 0x00, 0x00,
    0x00, 0x00, 0x00, 0x00, 0x00, 0x00, 0x00, 0x00, 0x00, 0x00, 0x00, 0x00, 0x00, 0x00, 0x00, 0x00,
    0x00, 0x00, 0x00, 0x00, 0x00, 0x00, 0x00, 0x00, 0x00, 0x00, 0x00, 0x00, 0x00, 0x00, 0x00, 0x00,
    0x00, 0x00, 0x00, 0x00, 0x00, 0x00, 0x00, 0x00, 0x00, 0x00, 0x00, 0x00, 0x00, 0x00, 0x00, 0x00,
    0x00, 0x00, 0x00, 0x00, 0x00, 0x00, 0x00, 0x00, 0x00, 0x00, 0x00, 0x00, 0x00, 0x00, 0x00, 0x00,
    0x00, 0x00, 0x00, 0x00, 0x00, 0x00, 0x00, 0x00, 0x00, 0x00, 0x00, 0x00, 0x00, 0x00, 0x00, 0x00,
    0x00, 0x00, 0x00, 0x00, 0x00, 0x00, 0x00, 0x00, 0x00, 0x00, 0x00, 0x00, 0x00, 0x00, 0x00, 0x00,
    0x00, 0x00, 0x00, 0x00, 0x00, 0x00, 0x00, 0x00, 0x00, 0x00, 0x00, 0x00, 0x00, 0x00, 0x00, 0x00,
    0x00, 0x00, 0x00, 0x00, 0x00, 0x00, 0x00, 0x00, 0x00, 0x00, 0xe3, 0xe0, 0x51, 0xe4, 0xe0, 0x51,
    0xe4, 0xe0, 0x51, 0xe4, 0xe0, 0x51, 0xe4, 0xe0, 0x51, 0xe4, 0xe0, 0x51, 0xe4, 0xe0, 0x51, 0xe2,
    0xe2, 0x51, 0x00, 0x00, 0x00, 0x00, 0x00, 0x00, 0x00, 0x00, 0x00, 0x00, 0x00, 0x00, 0x00, 0x00,
    0x00, 0x00, 0x00, 0x00, 0x00, 0x00, 0x00, 0x00, 0x00, 0x00, 0x00, 0x00, 0x00, 0x00, 0x00, 0x00,
    0x00, 0x00, 0x00, 0x00, 0x00, 0x00, 0x00, 0x00, 0x00, 0x00, 0x00, 0x00, 0x00, 0x00, 0x00, 0x00,
    0x00, 0x00, 0x00, 0x00, 0x00, 0x00, 0x00, 0x00, 0x00, 0x00, 0x00, 0x00, 0x00, 0x00, 0x00, 0x00,
    0x00, 0x00, 0x00, 0x00, 0x00, 0x00, 0x00, 0x00, 0x00, 0x00, 0x00, 0x00, 0x00, 0x00, 0x00, 0x00,
    0x00, 0x00, 0x00, 0x00, 0x00, 0x00, 0x00, 0x00, 0x00, 0x00, 0x00, 0x00, 0x00, 0x00, 0x00, 0x00,
    0x00, 0x00, 0x00, 0x00, 0x00, 0x00, 0x00, 0x00, 0x00, 0x00, 0x00, 0x00, 0x00, 0x00, 0x00, 0x00,
    0x00, 0x00, 0x00, 0x00, 0x00, 0x00, 0x00, 0x00, 0x00, 0x00, 0x00, 0x00, 0x00, 0x00, 0x00, 0x00,
    0xe4, 0xe0, 0x51, 0xe4, 0xe0, 0x51, 0xe4, 0xe0, 0x51, 0xe4, 0xe0, 0x51, 0xe4, 0xe0, 0x51, 0xe4,
    0xe0, 0x51, 0xe4, 0xe0, 0x51, 0xe4, 0xe1, 0x51, 0xeb, 0xd8, 0x4e, 0x00, 0x00, 0x00, 0x00, 0x00,
    0x00, 0x00, 0x00, 0x00, 0x00, 0x00, 0x00, 0x00, 0x00, 0x00, 0x00, 0x00, 0x00, 0x00, 0x00, 0x00,
    0x00, 0x00, 0x00, 0x00, 0x00, 0x00, 0x00, 0x00, 0x00, 0x00, 0x00, 0x00, 0x00, 0x00, 0x00, 0x00,
    0x00, 0x00, 0x00, 0x00, 0x00, 0x00, 0x00, 0x00, 0x00, 0x00, 0x00, 0x00, 0x00, 0x00, 0x00, 0x00,
    0x00, 0x00, 0x00, 0x00, 0x00, 0x00, 0x00, 0x00, 0x00, 0x00, 0x00, 0x00, 0x00, 0x00, 0x00, 0x00,
    0x00, 0x00, 0x00, 0x00, 0x00, 0x00, 0x00, 0x00, 0x00, 0x00, 0x00, 0x00, 0x00, 0x00, 0x00, 0x00,
    0x00, 0x00, 0x00, 0x00, 0x00, 0x00, 0x00, 0x00, 0x00, 0x00, 0x00, 0x00, 0x00, 0x00, 0x00, 0x00,
    0x00, 0x00, 0x00, 0x00, 0x00, 0x00, 0x00, 0x00, 0x00, 0x00, 0x00, 0x00, 0x00, 0x00, 0x00, 0x00,
    0x00, 0x00, 0x00, 0xe8, 0xdc, 0x51, 0xe4, 0xe0, 0x51, 0xe4, 0xe0, 0x51, 0xe4, 0xe0, 0x51, 0xe4,
    0xe0, 0x51, 0xe4, 0xe0, 0x51, 0xe4, 0xe0, 0x51, 0xe4, 0xe0, 0x51, 0xe4, 0xe0, 0x51, 0xe3, 0xe0,
    0x51, 0x00, 0x00, 0x00, 0x00, 0x00, 0x00, 0x00, 0x00, 0x00, 0x00, 0x00, 0x00, 0x00, 0x00, 0x00,
    0x00, 0x00, 0x00, 0x00, 0x00, 0x00, 0x00, 0x00, 0x00, 0x00, 0x00, 0x00, 0x00, 0x00, 0x00, 0x00,
    0x00, 0x00, 0x00, 0x00, 0x00, 0x00, 0x00, 0x00, 0x00, 0x00, 0x00, 0x00, 0x00, 0x00, 0x00, 0x00,
    0x00, 0x00, 0x00, 0x00, 0x00, 0x00, 0x00, 0x00, 0x00, 0x00, 0x00, 0x00, 0x00, 0x00, 0x00, 0x00,
    0x00, 0x00, 0x00, 0x00, 0x00, 0x00, 0x00, 0x00, 0x00, 0x00, 0x00, 0x00, 0x00, 0x00, 0x00, 0x00,
    0x00, 0x00, 0x00, 0x00, 0x00, 0x00, 0x00, 0x00, 0x00, 0x00, 0x00, 0x00, 0x00, 0x00, 0x00, 0x00,
    0x00, 0x00, 0x00, 0x00, 0x00, 0x00, 0x00, 0x00, 0x00, 0x00, 0x00, 0x00, 0x00, 0x00, 0x00, 0x00,
    0x00, 0x00, 0x00, 0x00, 0x00, 0x00, 0x00, 0x00, 0x00, 0xe4, 0xdf, 0x52, 0xe4, 0xe0, 0x51, 0xe4,
    0xe0, 0x51, 0xe4, 0xe0, 0x51, 0xe4, 0xe0, 0x51, 0xe4, 0xe0, 0x51, 0xe4, 0xe0, 0x51, 0xe4, 0xe0,
    0x51, 0xe4, 0xe0, 0x51, 0xe4, 0xe0, 0x51, 0xe6, 0xe0, 0x51, 0x00, 0x00, 0x00, 0x00, 0x00, 0x00,
    0x00, 0x00, 0x00, 0x00, 0x00, 0x00, 0x00, 0x00, 0x00, 0x00, 0x00, 0x00, 0x00, 0x00, 0x00, 0x00,
    0x00, 0x00, 0x00, 0x00, 0x00, 0x00, 0x00, 0x00, 0x00, 0x00, 0x00, 0x00, 0x00, 0x00, 0x00, 0x00,
    0x00, 0x00, 0x00, 0x00, 0x00, 0x00, 0x00, 0x00, 0x00, 0x00, 0x00, 0x00, 0x00, 0x00, 0x00, 0x00,
    0x00, 0x00, 0x00, 0x00, 0x00, 0x00, 0x00, 0x00, 0x00, 0x00, 0x00, 0x00, 0x00, 0x00, 0x00, 0x00,
    0x00, 0x00, 0x00, 0x00, 0x00, 0x00, 0x00, 0x00, 0x00, 0x00, 0x00, 0x00, 0x00, 0x00, 0x00, 0x00,
    0x00, 0x00, 0x00, 0x00, 0x00, 0x00, 0x00, 0x00, 0x00, 0x00, 0x00, 0x00, 0x00, 0x00, 0x00, 0x00,
    0x00, 0x00, 0x00, 0x00, 0x00, 0x00, 0x00, 0x00, 0x00, 0x00, 0x00, 0x00, 0x00, 0x00, 0x00, 0xe4,
    0xe1, 0x50, 0xe4, 0xe0, 0x51, 0xe4, 0xe0, 0x51, 0xe4, 0xe0, 0x51, 0xe4, 0xe0, 0x51, 0xe4, 0xe0,
    0x51, 0xe4, 0xe0, 0x51, 0xe4, 0xe0, 0x51, 0xe4, 0xe0, 0x51, 0xe4, 0xe0, 0x51, 0xe4, 0xe0, 0x52,
    0x00, 0x00, 0x00, 0x00, 0x00, 0x00, 0x00, 0x00, 0x00, 0x00, 0x00, 0x00, 0x00, 0x00, 0x00, 0x00,
    0x00, 0x00, 0x00, 0x00, 0x00, 0x00, 0x00, 0x00, 0x00, 0x00, 0x00, 0x00, 0x00, 0x00, 0x00, 0x00,
    0x00, 0x00, 0x00, 0x00, 0x00, 0x00, 0x00, 0x00, 0x00, 0x00, 0x00, 0x00, 0x00, 0x00, 0x00, 0x00,
    0x00, 0x00, 0x00, 0x00, 0x00, 0x00, 0x00, 0x00, 0x00, 0x00, 0x00, 0x00, 0x00, 0x00, 0x00, 0x00,
    0x00, 0x00, 0x00, 0x00, 0x00, 0x00, 0x00, 0x00, 0x00, 0x00, 0x00, 0x00, 0x00, 0x00, 0x00, 0x00,
    0x00, 0x00, 0x00, 0x00, 0x00, 0x00, 0x00, 0x00, 0x00, 0x00, 0x00, 0x00, 0x00, 0x00, 0x00, 0x00,
    0x00, 0x00, 0x00, 0x00, 0x00, 0x00, 0x00, 0x00, 0x00, 0x00, 0x00, 0x00, 0x00, 0x00, 0x00, 0x00,
    0x00, 0x00, 0x00, 0x00, 0x00, 0xe3, 0xe0, 0x53, 0xe4, 0xe0, 0x51, 0xe4, 0xe0, 0x51, 0xe4, 0xe0,
    0x51, 0xe4, 0xe0, 0x51, 0xe4, 0xe0, 0x51, 0xe4, 0xe0, 0x51, 0xe4, 0xe0, 0x51, 0xe4, 0xe0, 0x51,
    0xe4, 0xe0, 0x51, 0xe4, 0xe0, 0x51, 0x00, 0x00, 0x00, 0x00, 0x00, 0x00, 0x00, 0x00, 0x00, 0x00,
    0x00, 0x00, 0x00, 0x00, 0x00, 0x00, 0x00, 0x00, 0x00, 0x00, 0x00, 0x00, 0x00, 0x00, 0x00, 0x00,
    0x00, 0x00, 0x00, 0x00, 0x00, 0x00, 0x00, 0x00, 0x00, 0x00, 0x00, 0x00, 0x00, 0x00, 0x00, 0x00,
    0x00, 0x00, 0x00, 0x00, 0x00, 0x00, 0x00, 0x00, 0x00, 0x00, 0x00, 0x00, 0x00, 0x00, 0x00, 0x00,
    0x00, 0x00, 0x00, 0x00, 0x00, 0x00, 0x00, 0x00, 0x00, 0x00, 0x00, 0x00, 0x00, 0x00, 0x00, 0x00,
    0x00, 0x00, 0x00, 0x00, 0x00, 0x00, 0x00, 0x00, 0x00, 0x00, 0x00, 0x00, 0x00, 0x00, 0x00, 0x00,
    0x00, 0x00, 0x00, 0x00, 0x00, 0x00, 0x00, 0x00, 0x00, 0x00, 0x00, 0x00, 0x00, 0x00, 0x00, 0x00,
    0x00, 0x00, 0x00, 0x00, 0x00, 0x00, 0x00, 0x00, 0x00, 0x00, 0x00, 0xe4, 0xe0, 0x52, 0xe4, 0xe0,
    0x51, 0xe4, 0xe0, 0x51, 0xe4, 0xe0, 0x51, 0xe4, 0xe0, 0x51, 0xe4, 0xe0, 0x51, 0xe4, 0xe0, 0x51,
    0xe4, 0xe0, 0x51, 0xe4, 0xe0, 0x51, 0xe4, 0xe0, 0x51, 0xe4, 0xe0, 0x52, 0x00, 0x00, 0x00, 0x00,
    0x00, 0x00, 0x00, 0x00, 0x00, 0x00, 0x00, 0x00, 0x00, 0x00, 0x00, 0x00, 0x00, 0x00, 0x00, 0x00,
    0x00, 0x00, 0x00, 0x00, 0x00, 0x00, 0x00, 0x00, 0x00, 0x00, 0x00, 0x00, 0x00, 0x00, 0x00, 0x00,
    0x00, 0x00, 0x00, 0x00, 0x00, 0x00, 0x00, 0x00, 0x00, 0x00, 0x00, 0x00, 0x00, 0x00, 0x00, 0x00,
    0x00, 0x00, 0x00, 0x00, 0x00, 0x00, 0x00, 0x00, 0x00, 0x00, 0x00, 0x00, 0x00, 0x00, 0x00, 0x00,
    0x00, 0x00, 0x00, 0x00, 0x00, 0x00, 0x00, 0x00, 0x00, 0x00, 0x00, 0x00, 0x00, 0x00, 0x00, 0x00,
    0x00, 0x00, 0x00, 0x00, 0x00, 0x00, 0x00, 0x00, 0x00, 0x00, 0x00, 0x00, 0x00, 0x00, 0x00, 0x00,
    0x00, 0x00, 0x00, 0x00, 0x00, 0x00, 0x00, 0x00, 0x00, 0x00, 0x00, 0x00, 0x00, 0x00, 0x00, 0x00,
    0x00, 0xe4, 0xe0, 0x52, 0xe4, 0xe0, 0x51, 0xe4, 0xe0, 0x51, 0xe4, 0xe0, 0x51, 0xe4, 0xe0, 0x51,
    0xe4, 0xe0, 0x51, 0xe4, 0xe0, 0x51, 0xe4, 0xe0, 0x51, 0xe4, 0xe0, 0x51, 0xe4, 0xe0, 0x51, 0xe4,
    0xe1, 0x51, 0x00, 0x00, 0x00, 0x00, 0x00, 0x00, 0x00, 0x00, 0x00, 0x00, 0x00, 0x00, 0x00, 0x00,
    0x00, 0x00, 0x00, 0x00, 0x00, 0x00, 0x00, 0x00, 0x00, 0x00, 0x00, 0x00, 0x00, 0x00, 0x00, 0x00,
    0x00, 0x00, 0x00, 0x00, 0x00, 0x00, 0x00, 0x00, 0x00, 0x00, 0x00, 0x00, 0x00, 0x00, 0x00, 0x00,
    0x00, 0x00, 0x00, 0x00, 0x00, 0x00, 0x00, 0x00, 0x00, 0x00, 0x00, 0x00, 0x00, 0x00, 0x00, 0x00,
    0x00, 0x00, 0x00, 0x00, 0x00, 0x00, 0x00, 0x00, 0x00, 0x00, 0x00, 0x00, 0x00, 0x00, 0x00, 0x00,
    0x00, 0x00, 0x00, 0x00, 0x00, 0x00, 0x00, 0x00, 0x00, 0x00, 0x00, 0x00, 0x00, 0x00, 0x00, 0x00,
    0x00, 0x00, 0x00, 0x00, 0x00, 0x00, 0x00, 0x00, 0x00, 0x00, 0x00, 0x00, 0x00, 0x00, 0x00, 0x00,
    0x00, 0x00, 0x00, 0x00, 0x00, 0x00, 0x00, 0xe4, 0xe1, 0x51, 0xe4, 0xe0, 0x51, 0xe4, 0xe0, 0x51,
    0xe4, 0xe0, 0x51, 0xe4, 0xe0, 0x51, 0xe4, 0xe0, 0x51, 0xe4, 0xe0, 0x51, 0xe4, 0xe0, 0x51, 0xe4,
    0xe0, 0x51, 0xe4, 0xe0, 0x51, 0xe3, 0xdf, 0x51, 0x00, 0x00, 0x00, 0x00, 0x00, 0x00, 0x00, 0x00,
    0x00, 0x00, 0x00, 0x00, 0x00, 0x00, 0x00, 0x00, 0x00, 0x00, 0x00, 0x00, 0x00, 0x00, 0x00, 0x00,
    0x00, 0x00, 0x00, 0x00, 0x00, 0x00, 0x00, 0x00, 0x00, 0x00, 0x00, 0x00, 0x00, 0x00, 0x00, 0x00,
    0x00, 0x00, 0x00, 0x00, 0x00, 0x00, 0x00, 0x00, 0x00, 0x00, 0x00, 0x00, 0x00, 0x00, 0x00, 0x00,
    0x00, 0x00, 0x00, 0x00, 0x00, 0x00, 0x00, 0x00, 0x00, 0x00, 0x00, 0x00, 0x00, 0x00, 0x00, 0x00,
    0x00, 0x00, 0x00, 0x00, 0x00, 0x00, 0x00, 0x00, 0x00, 0x00, 0x00, 0x00, 0x00, 0x00, 0x00, 0x00,
    0x00, 0x00, 0x00, 0x00, 0x00, 0x00, 0x00, 0x00, 0x00, 0x00, 0x00, 0x00, 0x00, 0x00, 0x00, 0x00,
    0x00, 0x00, 0x00, 0x00, 0x00, 0x00, 0x00, 0x00, 0x00, 0x00, 0x00, 0x00, 0x00, 0xe5, 0xe1, 0x50,
    0xe4, 0xe0, 0x51, 0xe4, 0xe0, 0x51, 0xe4, 0xe0, 0x51, 0xe4, 0xe0, 0x51, 0xe4, 0xe0, 0x51, 0xe4,
    0xe0, 0x51, 0xe4, 0xe0, 0x51, 0xe4, 0xe0, 0x51, 0xe4, 0xe0, 0x51, 0xe4, 0xe1, 0x52, 0x00, 0x00,
    0x00, 0x00, 0x00, 0x00, 0x00, 0x00, 0x00, 0x00, 0x00, 0x00, 0x00, 0x00, 0x00, 0x00, 0x00, 0x00,
    0x00, 0x00, 0x00, 0x00, 0x00, 0x00, 0x00, 0x00, 0x00, 0x00, 0x00, 0x00, 0x00, 0x00, 0x00, 0x00,
    0x00, 0x00, 0x00, 0x00, 0x00, 0x00, 0x00, 0x00, 0x00, 0x00, 0x00, 0x00, 0x00, 0x00, 0x00, 0x00,
    0x00, 0x00, 0x00, 0x00, 0x00, 0x00, 0x00, 0x00, 0x00, 0x00, 0x00, 0x00, 0x00, 0x00, 0x00, 0x00,
    0x00, 0x00, 0x00, 0x00, 0x00, 0x00, 0x00, 0x00, 0x00, 0x00, 0x00, 0x00, 0x00, 0x00, 0x00, 0x00,
    0x00, 0x00, 0x00, 0x00, 0x00, 0x00, 0x00, 0x00, 0x00, 0x00, 0x00, 0x00, 0x00, 0x00, 0x00, 0x00,
    0x00, 0x00, 0x00, 0x00, 0x00, 0x00, 0x00, 0x00, 0x00, 0x00, 0x00, 0x00, 0x00, 0x00, 0x00, 0x00,
    0x00, 0x00, 0x00, 0xe5, 0xe1, 0x51, 0xe4, 0xe0, 0x51, 0xe4, 0xe0, 0x51, 0xe4, 0xe0, 0x51, 0xe4,
    0xe0, 0x51, 0xe4, 0xe0, 0x51, 0xe4, 0xe0, 0x51, 0xe4, 0xe0, 0x51, 0xe4, 0xe0, 0x51, 0xe4, 0xe0,
    0x51, 0xe3, 0xe3, 0x55, 0x00, 0x00, 0x00, 0x00, 0x00, 0x00, 0x00, 0x00, 0x00, 0x00, 0x00, 0x00,
    0x00, 0x00, 0x00, 0x00, 0x00, 0x00, 0x00, 0x00, 0x00, 0x00, 0x00, 0x00, 0x00, 0x00, 0x00, 0x00,
    0x00, 0x00, 0x00, 0x00, 0x00, 0x00, 0x00, 0x00, 0x00, 0x00, 0x00, 0x00, 0x00, 0x00, 0x00, 0x00,
    0x00, 0x00, 0x00, 0x00, 0x00, 0x00, 0x00, 0x00, 0x00, 0x00, 0x00, 0x00, 0x00, 0x00, 0x00, 0x00,
    0x00, 0x00, 0x00, 0x00, 0x00, 0x00, 0x00, 0x00, 0x00, 0x00, 0x00, 0x00, 0x00, 0x00, 0x00, 0x00,
    0x00, 0x00, 0x00, 0x00, 0x00, 0x00, 0x00, 0x00, 0x00, 0x00, 0x00, 0x00, 0x00, 0x00, 0x00, 0x00,
    0x00, 0x00, 0x00, 0x00, 0x00, 0x00, 0x00, 0x00, 0x00, 0x00, 0x00, 0x00, 0x00, 0x00, 0x00, 0x00,
    0x00, 0x00, 0x00, 0x00, 0x00, 0x00, 0xe5, 0xdf, 0x51, 0xe4, 0xe0, 0x51, 0xe4, 0xe0, 0x51, 0xe4,
    0xe0, 0x51, 0xe4, 0xe0, 0x51, 0xe4, 0xe0, 0x51, 0xe4, 0xe0, 0x51, 0xe4, 0xe0, 0x51, 0xe4, 0xe0,
    0x51, 0xe4, 0xe0, 0x51, 0xe4, 0xe0, 0x51, 0xe4, 0xe4, 0x51, 0xe7, 0xdb, 0x55, 0xe8, 0xdc, 0x51,
    0xdf, 0xdf, 0x55, 0xe2, 0xe2, 0x4e, 0xe3, 0xe3, 0x55, 0xe5, 0xdc, 0x4f, 0xe6, 0xdd, 0x55, 0xe7,
    0xdf, 0x50, 0xe1, 0xe1, 0x52, 0xe2, 0xe2, 0x50, 0xe3, 0xe3, 0x53, 0xe4, 0xdd, 0x51, 0xe7, 0xdb,
    0x55, 0x00, 0x00, 0x00, 0x00, 0x00, 0x00, 0x00, 0x00, 0x00, 0x00, 0x00, 0x00, 0x00, 0x00, 0x00,
    0x00, 0x00, 0x00, 0x00, 0x00, 0x00, 0x00, 0x00, 0x00, 0x00, 0x00, 0x00, 0x00, 0x00, 0x00, 0x00,
    0x00, 0x00, 0x00, 0x00, 0x00, 0x00, 0x00, 0x00, 0x00, 0x00, 0x00, 0x00, 0x00, 0x00, 0x00, 0x00,
    0x00, 0x00, 0x00, 0x00, 0x00, 0x00, 0x00, 0x00, 0x00, 0x00, 0x00, 0x00, 0x00, 0x00, 0x00, 0x00,
    0x00, 0x00, 0x00, 0x00, 0x00, 0x00, 0x00, 0x00, 0x00, 0xe1, 0xe1, 0x4b, 0xe4, 0xe0, 0x51, 0xe4,
    0xe0, 0x51, 0xe4, 0xe0, 0x51, 0xe4, 0xe0, 0x51, 0xe4, 0xe0, 0x51, 0xe4, 0xe0, 0x51, 0xe4, 0xe0,
    0x51, 0xe4, 0xe0, 0x51, 0xe4, 0xe0, 0x51, 0xe4, 0xe0, 0x51, 0xe4, 0xe0, 0x51, 0xe4, 0xe0, 0x51,
    0xe4, 0xe0, 0x51, 0xe4, 0xe0, 0x51, 0xe4, 0xe0, 0x51, 0xe4, 0xe0, 0x51, 0xe4, 0xe0, 0x51, 0xe4,
    0xe0, 0x51, 0xe4, 0xe0, 0x51, 0xe4, 0xe0, 0x51, 0xe4, 0xe0, 0x51, 0xe4, 0xe0, 0x51, 0xe4, 0xe0,
    0x51, 0xe4, 0xe0, 0x51, 0xe4, 0xe0, 0x51, 0xe4, 0xe0, 0x51, 0xe3, 0xe0, 0x53, 0x00, 0x00, 0x00,
    0x00, 0x00, 0x00, 0x00, 0x00, 0x00, 0x00, 0x00, 0x00, 0x00, 0x00, 0x00, 0x00, 0x00, 0x00, 0x00,
    0x00, 0x00, 0x00, 0x00, 0x00, 0x00, 0x00, 0x00, 0x00, 0x00, 0x00, 0x00, 0x00, 0x00, 0x00, 0x00,
    0x00, 0x00, 0x00, 0x00, 0x00, 0x00, 0x00, 0x00, 0x00, 0x00, 0x00, 0x00, 0x00, 0x00, 0x00, 0x00,
    0x00, 0x00, 0x00, 0x00, 0x00, 0x00, 0x00, 0x00, 0x00, 0x00, 0x00, 0x00, 0xe3, 0xe3, 0x53, 0xe4,
    0xe0, 0x51, 0xe4, 0xe0, 0x51, 0xe4, 0xe0, 0x51, 0xe4, 0xe0, 0x51, 0xe4, 0xe0, 0x51, 0xe4, 0xe0,
    0x51, 0xe4, 0xe0, 0x51, 0xe4, 0xe0, 0x51, 0xe4, 0xe0, 0x51, 0xe4, 0xe0, 0x51, 0xe4, 0xe0, 0x51,
    0xe4, 0xe0, 0x51, 0xe4, 0xe0, 0x51, 0xe4, 0xe0, 0x51, 0xe4, 0xe0, 0x51, 0xe4, 0xe0, 0x51, 0xe4,
    0xe0, 0x51, 0xe4, 0xe0, 0x51, 0xe4, 0xe0, 0x51, 0xe4, 0xe0, 0x51, 0xe4, 0xe0, 0x51, 0xe4, 0xe0,
    0x51, 0xe4, 0xe0, 0x51, 0xe4, 0xe0, 0x51, 0xe4, 0xe0, 0x51, 0xe4, 0xe0, 0x51, 0xe4, 0xe0, 0x51,
    0xe4, 0xe0, 0x51, 0xe4, 0xdf, 0x50, 0x00, 0x00, 0x00, 0x00, 0x00, 0x00, 0x00, 0x00, 0x00, 0x00,
    0x00, 0x00, 0x00, 0x00, 0x00, 0x00, 0x00, 0x00, 0x00, 0x00, 0x00, 0x00, 0x00, 0x00, 0x00, 0x00,
    0x00, 0x00, 0x00, 0x00, 0x00, 0x00, 0x00, 0x00, 0x00, 0x00, 0x00, 0x00, 0x00, 0x00, 0x00, 0x00,
    0x00, 0x00, 0x00, 0x00, 0x00, 0x00, 0x00, 0x00, 0x00, 0x00, 0x00, 0x00, 0xe3, 0xe3, 0x55, 0xe4,
    0xdf, 0x52, 0xe4, 0xe0, 0x51, 0xe4, 0xe0, 0x51, 0xe4, 0xe0, 0x51, 0xe4, 0xe0, 0x51, 0xe4, 0xe0,
    0x51, 0xe4, 0xe0, 0x51, 0xe4, 0xe0, 0x51, 0xe4, 0xe0, 0x51, 0xe4, 0xe0, 0x51, 0xe4, 0xe0, 0x51,
    0xe4, 0xe0, 0x51, 0xe4, 0xe0, 0x51, 0xe4, 0xe0, 0x51, 0xe4, 0xe0, 0x51, 0xe4, 0xe0, 0x51, 0xe4,
    0xe0, 0x51, 0xe4, 0xe0, 0x51, 0xe4, 0xe0, 0x51, 0xe4, 0xe0, 0x51, 0xe4, 0xe0, 0x51, 0xe4, 0xe0,
    0x51, 0xe4, 0xe0, 0x51, 0xe4, 0xe0, 0x51, 0xe4, 0xe0, 0x51, 0xe4, 0xe0, 0x51, 0xe4, 0xe0, 0x51,
    0xe4, 0xe0, 0x51, 0xe4, 0xe0, 0x51, 0xe4, 0xe0, 0x51, 0xe4, 0xe0, 0x51, 0xe6, 0xe0, 0x51, 0x00,
    0x00, 0x00, 0x00, 0x00, 0x00, 0x00, 0x00, 0x00, 0x00, 0x00, 0x00, 0x00, 0x00, 0x00, 0x00, 0x00,
    0x00, 0x00, 0x00, 0x00, 0xe9, 0xde, 0x4e, 0xe4, 0xe0, 0x52, 0xe3, 0xe0, 0x52, 0xe4, 0xdf, 0x51,
    0xe5, 0xe0, 0x51, 0xe3, 0xdf, 0x50, 0x00, 0x00, 0x00, 0x00, 0x00, 0x00, 0xe3, 0xe0, 0x52, 0xe4,
    0xe0, 0x51, 0xe4, 0xe0, 0x51, 0xe4, 0xe0, 0x51, 0xe4, 0xe0, 0x51, 0xe4, 0xe0, 0x51, 0xe4, 0xe0,
    0x51, 0xe4, 0xe0, 0x51, 0xe4, 0xe0, 0x51, 0xe4, 0xe0, 0x51, 0xe4, 0xe0, 0x51, 0xe4, 0xe0, 0x51,
    0xe4, 0xe0, 0x51, 0xe4, 0xe0, 0x51, 0xe4, 0xe0, 0x51, 0xe4, 0xe0, 0x51, 0xe4, 0xe0, 0x51, 0xe4,
    0xe0, 0x51, 0xe4, 0xe0, 0x51, 0xe4, 0xe0, 0x51, 0xe4, 0xe0, 0x51, 0xe4, 0xe0, 0x51, 0xe4, 0xe0,
    0x51, 0xe4, 0xe0, 0x51, 0xe4, 0xe0, 0x51, 0xe4, 0xe0, 0x51, 0xe4, 0xe0, 0x51, 0xe4, 0xe0, 0x51,
    0xe4, 0xe0, 0x51, 0xe4, 0xe0, 0x51, 0xe4, 0xe0, 0x51, 0xe4, 0xe0, 0x51, 0xe4, 0xe0, 0x51, 0xe4,
    0xe0, 0x51, 0xe4, 0xdf, 0x51, 0x00, 0x00, 0x00, 0x00, 0x00, 0x00, 0x00, 0x00, 0x00, 0x00, 0x00,
    0x00, 0x00, 0x00, 0x00, 0x00, 0x00, 0x00, 0xe7, 0xdf, 0x50, 0xe4, 0xe0, 0x51, 0xe4, 0xe0, 0x51,
    0xe4, 0xe0, 0x51, 0xe4, 0xe0, 0x51, 0xe4, 0xe0, 0x51, 0xe4, 0xdf, 0x50, 0x00, 0x00, 0x00, 0x00,
    0x00, 0x00, 0xe3, 0xdf, 0x52, 0xe4, 0xe0, 0x51, 0xe4, 0xe0, 0x51, 0xe4, 0xe0, 0x51, 0xe4, 0xe0,
    0x51, 0xe4, 0xe0, 0x51, 0xe4, 0xe0, 0x51, 0xe4, 0xe0, 0x51, 0xe4, 0xe0, 0x51, 0xe4, 0xe0, 0x51,
    0xe4, 0xe0, 0x51, 0xe4, 0xe0, 0x51, 0xe4, 0xe0, 0x51, 0xe4, 0xe0, 0x51, 0xe4, 0xe0, 0x51, 0xe4,
    0xe0, 0x51, 0xe4, 0xe0, 0x51, 0xe4, 0xe0, 0x51, 0xe4, 0xe0, 0x51, 0xe4, 0xe0, 0x51, 0xe4, 0xe0,
    0x51, 0xe4, 0xe0, 0x51, 0xe4, 0xe0, 0x51, 0xe4, 0xe0, 0x51, 0xe4, 0xe0, 0x51, 0xe4, 0xe0, 0x51,
    0xe4, 0xe0, 0x51, 0xe4, 0xe0, 0x51, 0xe4, 0xe0, 0x51, 0xe4, 0xe0, 0x51, 0xe4, 0xe0, 0x51, 0xe4,
    0xe0, 0x51, 0xe4, 0xe0, 0x51, 0xe4, 0xe0, 0x51, 0xe3, 0xe0, 0x51, 0x00, 0x00, 0x00, 0x00, 0x00,
    0x00, 0x00, 0x00, 0x00, 0x00, 0x00, 0x00, 0x00, 0x00, 0x00, 0x00, 0x00, 0x00, 0xe4, 0xe0, 0x50,
    0xe4, 0xe0, 0x51, 0xe4, 0xe0, 0x51, 0xe4, 0xe0, 0x51, 0xe4, 0xe0, 0x51, 0xe4, 0xe0, 0x51, 0xe4,
    0xdf, 0x50, 0x00, 0x00, 0x00, 0x00, 0x00, 0x00, 0xe3, 0xdf, 0x52, 0xe4, 0xe0, 0x51, 0xe4, 0xe0,
    0x51, 0xe4, 0xe0, 0x51, 0xe4, 0xe0, 0x51, 0xe4, 0xe0, 0x51, 0xe4, 0xe0, 0x51, 0xe4, 0xe0, 0x51,
    0xe4, 0xe0, 0x51, 0xe4, 0xe0, 0x51, 0xe4, 0xe0, 0x51, 0xe4, 0xe0, 0x51, 0xe4, 0xe0, 0x51, 0xe4,
    0xe0, 0x51, 0xe4, 0xe0, 0x51, 0xe4, 0xe0, 0x51, 0xe4, 0xe0, 0x51, 0xe4, 0xe0, 0x51, 0xe4, 0xe0,
    0x51, 0xe4, 0xe0, 0x51, 0xe4, 0xe0, 0x51, 0xe4, 0xe0, 0x51, 0xe4, 0xe0, 0x51, 0xe4, 0xe0, 0x51,
    0xe4, 0xe0, 0x51, 0xe4, 0xe0, 0x51, 0xe4, 0xe0, 0x51, 0xe4, 0xe0, 0x51, 0xe4, 0xe0, 0x51, 0xe4,
    0xe0, 0x51, 0xe4, 0xe0, 0x51, 0xe4, 0xe0, 0x51, 0xe4, 0xe0, 0x51, 0xe4, 0xe0, 0x51, 0xe4, 0xe0,
    0x50, 0x00, 0x00, 0x00, 0x00, 0x00, 0x00, 0x00, 0x00, 0x00, 0x00, 0x00, 0x00, 0x00, 0x00, 0x00,
    0x00, 0x00, 0x00, 0xe4, 0xe0, 0x51, 0xe4, 0xe0, 0x51, 0xe4, 0xe0, 0x51, 0xe4, 0xe0, 0x51, 0xe4,
    0xe0, 0x51, 0xe4, 0xe0, 0x51, 0xe4, 0xdf, 0x50, 0x00, 0x00, 0x00, 0x00, 0x00, 0x00, 0xe3, 0xdf,
    0x52, 0xe4, 0xe0, 0x51, 0xe4, 0xe0, 0x51, 0xe4, 0xe0, 0x51, 0xe4, 0xe0, 0x51, 0xe4, 0xe0, 0x51,
    0xe4, 0xe0, 0x51, 0xe4, 0xe0, 0x51, 0xe4, 0xe0, 0x51, 0xe4, 0xe0, 0x51, 0xe4, 0xe0, 0x51, 0xe4,
    0xe0, 0x51, 0xe4, 0xe0, 0x51, 0xe4, 0xe0, 0x51, 0xe4, 0xe0, 0x51, 0xe4, 0xe0, 0x51, 0xe4, 0xe0,
    0x51, 0xe4, 0xe0, 0x51, 0xe4, 0xe0, 0x51, 0xe4, 0xe0, 0x51, 0xe4, 0xe0, 0x51, 0xe4, 0xe0, 0x51,
    0xe4, 0xe0, 0x51, 0xe4, 0xe0, 0x51, 0xe4, 0xe0, 0x51, 0xe4, 0xe0, 0x51, 0xe4, 0xe0, 0x51, 0xe4,
    0xe0, 0x51, 0xe4, 0xe0, 0x51, 0xe4, 0xe0, 0x51, 0xe4, 0xe0, 0x51, 0xe4, 0xe0, 0x51, 0xe4, 0xe0,
    0x51, 0xe4, 0xe0, 0x51, 0xe3, 0xe0, 0x51, 0x00, 0x00, 0x00, 0x00, 0x00, 0x00, 0x00, 0x00, 0x00,
    0x00, 0x00, 0x00, 0x00, 0x00, 0x00, 0x00, 0x00, 0x00, 0xe4, 0xe0, 0x51, 0xe4, 0xe0, 0x51, 0xe4,
    0xe0, 0x51, 0xe4, 0xe0, 0x51, 0xe4, 0xe0, 0x51, 0xe4, 0xe0, 0x51, 0xe4, 0xdf, 0x50, 0x00, 0x00,
    0x00, 0x00, 0x00, 0x00, 0xe3, 0xdf, 0x52, 0xe4, 0xe0, 0x51, 0xe4, 0xe0, 0x51, 0xe4, 0xe0, 0x51,
    0xe4, 0xe0, 0x51, 0xe4, 0xe0, 0x51, 0xe4, 0xe0, 0x51, 0xe4, 0xe0, 0x51, 0xe4, 0xe0, 0x51, 0xe4,
    0xe0, 0x51, 0xe4, 0xe0, 0x51, 0xe4, 0xe0, 0x51, 0xe4, 0xe0, 0x51, 0xe4, 0xe0, 0x51, 0xe4, 0xe0,
    0x51, 0xe4, 0xe0, 0x51, 0xe4, 0xe0, 0x51, 0xe4, 0xe0, 0x51, 0xe4, 0xe0, 0x51, 0xe4, 0xe0, 0x51,
    0xe4, 0xe0, 0x51, 0xe4, 0xe0, 0x51, 0xe4, 0xe0, 0x51, 0xe4, 0xe0, 0x51, 0xe4, 0xe0, 0x51, 0xe4,
    0xe0, 0x51, 0xe4, 0xe0, 0x51, 0xe4, 0xe0, 0x51, 0xe4, 0xe0, 0x51, 0xe4, 0xe0, 0x51, 0xe4, 0xe0,
    0x51, 0xe4, 0xe0, 0x51, 0xe4, 0xe0, 0x51, 0xe4, 0xe0, 0x51, 0xe5, 0xe1, 0x50, 0x00, 0x00, 0x00,
    0x00, 0x00, 0x00, 0x00, 0x00, 0x00, 0x00, 0x00, 0x00, 0x00, 0x00, 0x00, 0x00, 0x00, 0x00, 0xe4,
    0xe0, 0x51, 0xe4, 0xe0, 0x51, 0xe4, 0xe0, 0x51, 0xe4, 0xe0, 0x51, 0xe4, 0xe0, 0x51, 0xe4, 0xe0,
    0x51, 0xe4, 0xdf, 0x50, 0x00, 0x00, 0x00, 0x00, 0x00, 0x00, 0xe3, 0xdf, 0x52, 0xe4, 0xe0, 0x51,
    0xe4, 0xe0, 0x51, 0xe4, 0xe0, 0x51, 0xe4, 0xe0, 0x51, 0xe4, 0xe0, 0x51, 0xe4, 0xe0, 0x51, 0xe4,
    0xe0, 0x51, 0xe4, 0xe0, 0x51, 0xe4, 0xe0, 0x51, 0xe4, 0xe0, 0x51, 0xe4, 0xe0, 0x51, 0xe4, 0xe0,
    0x51, 0xe4, 0xe0, 0x51, 0xe4, 0xe0, 0x51, 0xe4, 0xe0, 0x51, 0xe4, 0xe0, 0x51, 0xe4, 0xe0, 0x51,
    0xe4, 0xe0, 0x51, 0xe4, 0xe0, 0x51, 0xe4, 0xe0, 0x51, 0xe4, 0xe0, 0x51, 0xe4, 0xe0, 0x51, 0xe4,
    0xe0, 0x51, 0xe4, 0xe0, 0x51, 0xe4, 0xe0, 0x51, 0xe4, 0xe0, 0x51, 0xe4, 0xe0, 0x51, 0xe4, 0xe0,
    0x51, 0xe4, 0xe0, 0x51, 0xe4, 0xe0, 0x51, 0xe4, 0xe0, 0x51, 0xe4, 0xe0, 0x51, 0xe4, 0xe0, 0x51,
    0xe5, 0xe1, 0x51, 0x00, 0x00, 0x00, 0x00, 0x00, 0x00, 0x00, 0x00, 0x00, 0x00, 0x00, 0x00, 0x00,
    0x00, 0x00, 0x00, 0x00, 0x00, 0xe4, 0xe0, 0x51, 0xe4, 0xe0, 0x51, 0xe4, 0xe0, 0x51, 0xe4, 0xe0,
    0x51, 0xe4, 0xe0, 0x51, 0xe4, 0xe0, 0x51, 0xe4, 0xdf, 0x50, 0x00, 0x00, 0x00, 0x00, 0x00, 0x00,
    0xe3, 0xdf, 0x52, 0xe4, 0xe0, 0x51, 0xe4, 0xe0, 0x51, 0xe4, 0xe0, 0x51, 0xe4, 0xe0, 0x51, 0xe4,
    0xe0, 0x51, 0xe4, 0xe0, 0x51, 0xe4, 0xe0, 0x51, 0xe4, 0xe0, 0x51, 0xe4, 0xe0, 0x51, 0xe4, 0xe0,
    0x51, 0xe4, 0xe0, 0x51, 0xe4, 0xe0, 0x51, 0xe4, 0xe0, 0x51, 0xe4, 0xe0, 0x51, 0xe4, 0xe0, 0x51,
    0xe4, 0xe0, 0x51, 0xe4, 0xe0, 0x51, 0xe4, 0xe0, 0x51, 0xe4, 0xe0, 0x51, 0xe4, 0xe0, 0x51, 0xe4,
    0xe0, 0x51, 0xe4, 0xe0, 0x51, 0xe4, 0xe0, 0x51, 0xe4, 0xe0, 0x51, 0xe4, 0xe0, 0x51, 0xe4, 0xe0,
    0x51, 0xe4, 0xe0, 0x51, 0xe4, 0xe0, 0x51, 0xe4, 0xe0, 0x51, 0xe4, 0xe0, 0x51, 0xe4, 0xe0, 0x51,
    0xe4, 0xe0, 0x51, 0xe4, 0xe0, 0x51, 0xe7, 0xdb, 0x55, 0x00, 0x00, 0x00, 0x00, 0x00, 0x00, 0x00,
    0x00, 0x00, 0x00, 0x00, 0x00, 0x00, 0x00, 0x00, 0x00, 0x00, 0x00, 0xe4, 0xe0, 0x51, 0xe4, 0xe0,
    0x51, 0xe4, 0xe0, 0x51, 0xe4, 0xe0, 0x51, 0xe4, 0xe0, 0x51, 0xe4, 0xe0, 0x51, 0xe4, 0xdf, 0x50,
    0x00, 0x00, 0x00, 0x00, 0x00, 0x00, 0xe3, 0xdf, 0x52, 0xe4, 0xe0, 0x51, 0xe4, 0xe0, 0x51, 0xe4,
    0xe0, 0x51, 0xe4, 0xe0, 0x51, 0xe4, 0xe0, 0x51, 0xe4, 0xe0, 0x51, 0xe4, 0xe0, 0x51, 0xe4, 0xe0,
    0x51, 0xe4, 0xe0, 0x51, 0xe4, 0xe0, 0x51, 0xe4, 0xe0, 0x51, 0xe4, 0xe0, 0x51, 0xe4, 0xe0, 0x51,
    0xe4, 0xe0, 0x51, 0xe4, 0xe0, 0x51, 0xe4, 0xe0, 0x51, 0xe4, 0xe0, 0x51, 0xe4, 0xe0, 0x51, 0xe4,
    0xe0, 0x51, 0xe4, 0xe0, 0x51, 0xe4, 0xe0, 0x51, 0xe4, 0xe0, 0x51, 0xe4, 0xe0, 0x51, 0xe4, 0xe0,
    0x51, 0xe4, 0xe0, 0x51, 0xe4, 0xe0, 0x51, 0xe4, 0xe0, 0x51, 0xe4, 0xe0, 0x51, 0xe4, 0xe0, 0x51,
    0xe4, 0xe0, 0x51, 0xe4, 0xe0, 0x51, 0xe4, 0xe0, 0x51, 0xe4, 0xe0, 0x51, 0x00, 0x00, 0x00, 0x00,
    0x00, 0x00, 0x00, 0x00, 0x00, 0x00, 0x00, 0x00, 0x00, 0x00, 0x00, 0x00, 0x00, 0x00, 0x00, 0x00,
    0x00, 0xe4, 0xe0, 0x51, 0xe4, 0xe0, 0x51, 0xe4, 0xe0, 0x51, 0xe4, 0xe0, 0x51, 0xe4, 0xe0, 0x51,
    0xe4, 0xe0, 0x51, 0xe4, 0xdf, 0x50, 0x00, 0x00, 0x00, 0x00, 0x00, 0x00, 0xe3, 0xdf, 0x52, 0xe4,
    0xe0, 0x51, 0xe4, 0xe0, 0x51, 0xe4, 0xe0, 0x51, 0xe4, 0xe0, 0x51, 0xe4, 0xe0, 0x51, 0xe4, 0xe0,
    0x51, 0xe4, 0xe0, 0x51, 0xe4, 0xe0, 0x51, 0xe4, 0xe0, 0x51, 0xe4, 0xe0, 0x51, 0xe4, 0xe0, 0x51,
    0xe4, 0xe0, 0x51, 0xe4, 0xe0, 0x51, 0xe4, 0xe0, 0x51, 0xe4, 0xe0, 0x51, 0xe4, 0xe0, 0x51, 0xe4,
    0xe0, 0x51, 0xe4, 0xe0, 0x51, 0xe4, 0xe0, 0x51, 0xe4, 0xe0, 0x51, 0xe4, 0xe0, 0x51, 0xe4, 0xe0,
    0x51, 0xe4, 0xe0, 0x51, 0xe4, 0xe0, 0x51, 0xe4, 0xe0, 0x51, 0xe4, 0xe0, 0x51, 0xe4, 0xe0, 0x51,
    0xe4, 0xe0, 0x51, 0xe4, 0xe0, 0x51, 0xe4, 0xe0, 0x51, 0xe4, 0xe0, 0x51, 0xe4, 0xe0, 0x51, 0xe4,
    0xe0, 0x51, 0x00, 0x00, 0x00, 0x00, 0x00, 0x00, 0x00, 0x00, 0x00, 0x00, 0x00, 0x00, 0x00, 0x00,
    0x00, 0x00, 0x00, 0x00, 0x00, 0x00, 0x00, 0xe4, 0xe0, 0x51, 0xe4, 0xe0, 0x51, 0xe4, 0xe0, 0x51,
    0xe4, 0xe0, 0x51, 0xe4, 0xe0, 0x51, 0xe4, 0xe0, 0x51, 0xe4, 0xdf, 0x50, 0x00, 0x00, 0x00, 0x00,
    0x00, 0x00, 0xe3, 0xdf, 0x52, 0xe4, 0xe0, 0x51, 0xe4, 0xe0, 0x51, 0xe4, 0xe0, 0x51, 0xe4, 0xe0,
    0x51, 0xe4, 0xe0, 0x51, 0xe4, 0xe0, 0x51, 0xe4, 0xe0, 0x51, 0xe4, 0xe0, 0x51, 0xe4, 0xe0, 0x51,
    0xe4, 0xe0, 0x51, 0xe4, 0xe0, 0x51, 0xe4, 0xe0, 0x51, 0xe4, 0xe0, 0x51, 0xe4, 0xe0, 0x51, 0xe4,
    0xe0, 0x51, 0xe4, 0xe0, 0x51, 0xe4, 0xe0, 0x51, 0xe4, 0xe0, 0x51, 0xe4, 0xe0, 0x51, 0xe4, 0xe0,
    0x51, 0xe4, 0xe0, 0x51, 0xe4, 0xe0, 0x51, 0xe4, 0xe0, 0x51, 0xe4, 0xe0, 0x51, 0xe4, 0xe0, 0x51,
    0xe4, 0xe0, 0x51, 0xe4, 0xe0, 0x51, 0xe4, 0xe0, 0x51, 0xe4, 0xe0, 0x51, 0xe4, 0xe0, 0x51, 0xe4,
    0xe0, 0x51, 0xe4, 0xe0, 0x51, 0xe4, 0xe0, 0x52, 0x00, 0x00, 0x00, 0x00, 0x00, 0x00, 0x00, 0x00,
    0x00, 0x00, 0x00, 0x00, 0x00, 0x00, 0x00, 0x00, 0x00, 0x00, 0x00, 0x00, 0x00, 0xe4, 0xe0, 0x51,
    0xe4, 0xe0, 0x51, 0xe4, 0xe0, 0x51, 0xe4, 0xe0, 0x51, 0xe4, 0xe0, 0x51, 0xe4, 0xe0, 0x51, 0xe4,
    0xdf, 0x50, 0x00, 0x00, 0x00, 0x00, 0x00, 0x00, 0xe3, 0xdf, 0x52, 0xe4, 0xe0, 0x51, 0xe4, 0xe0,
    0x51, 0xe4, 0xe0, 0x51, 0xe4, 0xe0, 0x51, 0xe4, 0xe0, 0x51, 0xe4, 0xe0, 0x51, 0xe4, 0xe0, 0x51,
    0xe4, 0xe0, 0x51, 0xe4, 0xe0, 0x51, 0xe4, 0xe0, 0x51, 0xe4, 0xe0, 0x51, 0xe4, 0xe0, 0x51, 0xe4,
    0xe0, 0x51, 0xe4, 0xe0, 0x51, 0xe4, 0xe0, 0x51, 0xe4, 0xe0, 0x51, 0xe4, 0xe0, 0x51, 0xe4, 0xe0,
    0x51, 0xe4, 0xe0, 0x51, 0xe4, 0xe0, 0x51, 0xe4, 0xe0, 0x51, 0xe4, 0xe0, 0x51, 0xe4, 0xe0, 0x51,
    0xe4, 0xe0, 0x51, 0xe4, 0xe0, 0x51, 0xe4, 0xe0, 0x51, 0xe4, 0xe0, 0x51, 0xe4, 0xe0, 0x51, 0xe4,
    0xe0, 0x51, 0xe4, 0xe0, 0x51, 0xe4, 0xe0, 0x51, 0xe4, 0xe0, 0x51, 0xe3, 0xe0, 0x50, 0x00, 0x00,
    0x00, 0x00, 0x00, 0x00, 0x00, 0x00, 0x00, 0x00, 0x00, 0x00, 0x00, 0x00, 0x00, 0x00, 0x00, 0x00,
    0x00, 0x00, 0x00, 0xe4, 0xe0, 0x51, 0xe4, 0xe0, 0x51, 0xe4, 0xe0, 0x51, 0xe4, 0xe0, 0x51, 0xe4,
    0xe0, 0x51, 0xe4, 0xe0, 0x51, 0xe4, 0xdf, 0x50, 0x00, 0x00, 0x00, 0x00, 0x00, 0x00, 0xe3, 0xdf,
    0x52, 0xe4, 0xe0, 0x51, 0xe4, 0xe0, 0x51, 0xe4, 0xe0, 0x51, 0xe4, 0xe0, 0x51, 0xe4, 0xe0, 0x51,
    0xe4, 0xe0, 0x51, 0xe4, 0xe0, 0x51, 0xe4, 0xe0, 0x51, 0xe4, 0xe0, 0x51, 0xe4, 0xe0, 0x51, 0xe4,
    0xe0, 0x51, 0xe4, 0xe0, 0x51, 0xe4, 0xe0, 0x51, 0xe4, 0xe0, 0x51, 0xe4, 0xe0, 0x51, 0xe4, 0xe0,
    0x51, 0xe4, 0xe0, 0x51, 0xe4, 0xe0, 0x51, 0xe4, 0xe0, 0x51, 0xe4, 0xe0, 0x51, 0xe4, 0xe0, 0x51,
    0xe4, 0xe0, 0x51, 0xe4, 0xe0, 0x51, 0xe4, 0xe0, 0x51, 0xe4, 0xe0, 0x51, 0xe4, 0xe0, 0x51, 0xe4,
    0xe0, 0x51, 0xe4, 0xe0, 0x51, 0xe4, 0xe0, 0x51, 0xe4, 0xe0, 0x51, 0xe4, 0xe0, 0x51, 0xe4, 0xe0,
    0x51, 0xe1, 0xe1, 0x52, 0x00, 0x00, 0x00, 0x00, 0x00, 0x00, 0x00, 0x00, 0x00, 0x00, 0x00, 0x00,
    0x00, 0x00, 0x00, 0x00, 0x00, 0x00, 0x00, 0x00, 0x00, 0xe4, 0xe0, 0x51, 0xe4, 0xe0, 0x51, 0xe4,
    0xe0, 0x51, 0xe4, 0xe0, 0x51, 0xe4, 0xe0, 0x51, 0xe4, 0xe0, 0x51, 0xe4, 0xdf, 0x50, 0x00, 0x00,
    0x00, 0x00, 0x00, 0x00, 0xe3, 0xdf, 0x52, 0xe4, 0xe0, 0x51, 0xe4, 0xe0, 0x51, 0xe4, 0xe0, 0x51,
    0xe4, 0xe0, 0x51, 0xe4, 0xe0, 0x51, 0xe4, 0xe0, 0x51, 0xe4, 0xe0, 0x51, 0xe4, 0xe0, 0x51, 0xe4,
    0xe0, 0x51, 0xe4, 0xe0, 0x51, 0xe4, 0xe0, 0x51, 0xe4, 0xe0, 0x51, 0xe4, 0xe0, 0x51, 0xe4, 0xe0,
    0x51, 0xe4, 0xe0, 0x51, 0xe4, 0xe0, 0x51, 0xe4, 0xe0, 0x51, 0xe4, 0xe0, 0x51, 0xe4, 0xe0, 0x51,
    0xe4, 0xe0, 0x51, 0xe4, 0xe0, 0x51, 0xe4, 0xe0, 0x51, 0xe4, 0xe0, 0x51, 0xe4, 0xe0, 0x51, 0xe4,
    0xe0, 0x51, 0xe4, 0xe0, 0x51, 0xe4, 0xe0, 0x51, 0xe4, 0xe0, 0x51, 0xe4, 0xe0, 0x51, 0xe4, 0xe0,
    0x51, 0xe4, 0xe0, 0x51, 0xe3, 0xe0, 0x51, 0xff, 0xff, 0x00, 0x00, 0x00, 0x00, 0x00, 0x00, 0x00,
    0x00, 0x00, 0x00, 0x00, 0x00, 0x00, 0x00, 0x00, 0x00, 0x00, 0x00, 0x00, 0x00, 0x00, 0x00, 0xe4,
    0xe0, 0x51, 0xe4, 0xe0, 0x51, 0xe4, 0xe0, 0x51, 0xe4, 0xe0, 0x51, 0xe4, 0xe0, 0x51, 0xe4, 0xe0,
    0x51, 0xe4, 0xdf, 0x50, 0x00, 0x00, 0x00, 0x00, 0x00, 0x00, 0xe3, 0xdf, 0x52, 0xe4, 0xe0, 0x51,
    0xe4, 0xe0, 0x51, 0xe4, 0xe0, 0x51, 0xe4, 0xe0, 0x51, 0xe4, 0xe0, 0x51, 0xe4, 0xe0, 0x51, 0xe4,
    0xe0, 0x51, 0xe4, 0xe0, 0x51, 0xe4, 0xe0, 0x51, 0xe4, 0xe0, 0x51, 0xe4, 0xe0, 0x51, 0xe4, 0xe0,
    0x51, 0xe4, 0xe0, 0x51, 0xe4, 0xe0, 0x51, 0xe4, 0xe0, 0x51, 0xe4, 0xe0, 0x51, 0xe4, 0xe0, 0x51,
    0xe4, 0xe0, 0x51, 0xe4, 0xe0, 0x51, 0xe4, 0xe0, 0x51, 0xe4, 0xe0, 0x51, 0xe4, 0xe0, 0x51, 0xe4,
    0xe0, 0x51, 0xe4, 0xe0, 0x51, 0xe4, 0xe0, 0x51, 0xe4, 0xe0, 0x51, 0xe4, 0xe0, 0x51, 0xe4, 0xe0,
    0x51, 0xe4, 0xe0, 0x51, 0xe4, 0xe0, 0x51, 0xe4, 0xe0, 0x51, 0xe5, 0xe1, 0x51, 0x00, 0x00, 0x00,
    0x00, 0x00, 0x00, 0x00, 0x00, 0x00, 0x00, 0x00, 0x00, 0x00, 0x00, 0x00, 0x00, 0x00, 0x00, 0x00,
    0x00, 0x00, 0x00, 0x00, 0x00, 0xe4, 0xe0, 0x51, 0xe4, 0xe0, 0x51, 0xe4, 0xe0, 0x51, 0xe4, 0xe0,
    0x51, 0xe4, 0xe0, 0x51, 0xe4, 0xe0, 0x51, 0xe4, 0xdf, 0x50, 0x00, 0x00, 0x00, 0x00, 0x00, 0x00,
    0xe3, 0xdf, 0x52, 0xe4, 0xe0, 0x51, 0xe4, 0xe0, 0x51, 0xe4, 0xe0, 0x51, 0xe4, 0xe0, 0x51, 0xe4,
    0xe0, 0x51, 0xe4, 0xe0, 0x51, 0xe4, 0xe0, 0x51, 0xe4, 0xe0, 0x51, 0xe4, 0xe0, 0x51, 0xe4, 0xe0,
    0x51, 0xe4, 0xe0, 0x51, 0xe4, 0xe0, 0x51, 0xe4, 0xe0, 0x51, 0xe4, 0xe0, 0x51, 0xe4, 0xe0, 0x51,
    0xe4, 0xe0, 0x51, 0xe4, 0xe0, 0x51, 0xe4, 0xe0, 0x51, 0xe4, 0xe0, 0x51, 0xe4, 0xe0, 0x51, 0xe4,
    0xe0, 0x51, 0xe4, 0xe0, 0x51, 0xe4, 0xe0, 0x51, 0xe4, 0xe0, 0x51, 0xe4, 0xe0, 0x51, 0xe4, 0xe0,
    0x51, 0xe4, 0xe0, 0x51, 0xe4, 0xe0, 0x51, 0xe4, 0xe0, 0x51, 0xe4, 0xe0, 0x51, 0xe4, 0xe0, 0x51,
    0xe5, 0xdf, 0x51, 0x00, 0x00, 0x00, 0x00, 0x00, 0x00, 0x00, 0x00, 0x00, 0x00, 0x00, 0x00, 0x00,
    0x00, 0x00, 0x00, 0x00, 0x00, 0x00, 0x00, 0x00, 0x00, 0x00, 0x00, 0xe4, 0xe0, 0x51, 0xe4, 0xe0,
    0x51, 0xe4, 0xe0, 0x51, 0xe4, 0xe0, 0x51, 0xe4, 0xe0, 0x51, 0xe4, 0xe0, 0x51, 0xe4, 0xdf, 0x50,
    0x00, 0x00, 0x00, 0x00, 0x00, 0x00, 0xe3, 0xdf, 0x52, 0xe4, 0xe0, 0x51, 0xe4, 0xe0, 0x51, 0xe4,
    0xe0, 0x51, 0xe4, 0xe0, 0x51, 0xe4, 0xe0, 0x51, 0xe4, 0xe0, 0x51, 0xe4, 0xe0, 0x51, 0xe4, 0xe0,
    0x51, 0xe4, 0xe0, 0x51, 0xe4, 0xe0, 0x51, 0xe4, 0xe0, 0x51, 0xe4, 0xe0, 0x51, 0xe4, 0xe0, 0x51,
    0xe4, 0xe0, 0x51, 0xe4, 0xe0, 0x51, 0xe4, 0xe0, 0x51, 0xe4, 0xe0, 0x51, 0xe4, 0xe0, 0x51, 0xe4,
    0xe0, 0x51, 0xe4, 0xe0, 0x51, 0xe4, 0xe0, 0x51, 0xe4, 0xe0, 0x51, 0xe4, 0xe0, 0x51, 0xe4, 0xe0,
    0x51, 0xe4, 0xe0, 0x51, 0xe4, 0xe0, 0x51, 0xe4, 0xe0, 0x51, 0xe4, 0xe0, 0x51, 0xe4, 0xe0, 0x51,
    0xe4, 0xe0, 0x51, 0xe4, 0xe0, 0x51, 0xe4, 0xdf, 0x50, 0x00, 0x00, 0x00, 0x00, 0x00, 0x00, 0x00,
    0x00, 0x00, 0x00, 0x00, 0x00, 0x00, 0x00, 0x00, 0x00, 0x00, 0x00, 0x00, 0x00, 0x00, 0x00, 0x00,
    0x00, 0xe4, 0xe0, 0x51, 0xe4, 0xe0, 0x51, 0xe4, 0xe0, 0x51, 0xe4, 0xe0, 0x51, 0xe4, 0xe0, 0x51,
    0xe4, 0xe0, 0x51, 0xe4, 0xdf, 0x50, 0x00, 0x00, 0x00, 0x00, 0x00, 0x00, 0xe3, 0xdf, 0x52, 0xe4,
    0xe0, 0x51, 0xe4, 0xe0, 0x51, 0xe4, 0xe0, 0x51, 0xe4, 0xe0, 0x51, 0xe4, 0xe0, 0x51, 0xe4, 0xe0,
    0x51, 0xe4, 0xe0, 0x51, 0xe4, 0xe0, 0x51, 0xe4, 0xe0, 0x51, 0xe4, 0xe0, 0x51, 0xe4, 0xe0, 0x51,
    0xe4, 0xe0, 0x51, 0xe4, 0xe0, 0x51, 0xe4, 0xe0, 0x51, 0xe4, 0xe0, 0x51, 0xe4, 0xe0, 0x51, 0xe4,
    0xe0, 0x51, 0xe4, 0xe0, 0x51, 0xe4, 0xe0, 0x51, 0xe4, 0xe0, 0x51, 0xe4, 0xe0, 0x51, 0xe4, 0xe0,
    0x51, 0xe4, 0xe0, 0x51, 0xe4, 0xe0, 0x51, 0xe4, 0xe0, 0x51, 0xe4, 0xe0, 0x51, 0xe4, 0xe0, 0x51,
    0xe4, 0xe0, 0x51, 0xe4, 0xe0, 0x51, 0xe4, 0xe0, 0x51, 0xe4, 0xe0, 0x51, 0xe4, 0xdf, 0x50, 0x00,
    0x00, 0x00, 0x00, 0x00, 0x00, 0x00, 0x00, 0x00, 0x00, 0x00, 0x00, 0x00, 0x00, 0x00, 0x00, 0x00,
    0x00, 0x00, 0x00, 0x00, 0x00, 0x00, 0x00, 0xe4, 0xe0, 0x51, 0xe4, 0xe0, 0x51, 0xe4, 0xe0, 0x51,
    0xe4, 0xe0, 0x51, 0xe4, 0xe0, 0x51, 0xe4, 0xe0, 0x51, 0xe4, 0xdf, 0x50, 0x00, 0x00, 0x00, 0x00,
    0x00, 0x00, 0xe3, 0xdf, 0x52, 0xe4, 0xe0, 0x51, 0xe4, 0xe0, 0x51, 0xe4, 0xe0, 0x51, 0xe4, 0xe0,
    0x51, 0xe4, 0xe0, 0x51, 0xe4, 0xe0, 0x51, 0xe4, 0xe0, 0x51, 0xe4, 0xe0, 0x51, 0xe4, 0xe0, 0x51,
    0xe4, 0xe0, 0x51, 0xe4, 0xe0, 0x51, 0xe4, 0xe0, 0x51, 0xe4, 0xe0, 0x51, 0xe4, 0xe0, 0x51, 0xe4,
    0xe0, 0x51, 0xe4, 0xe0, 0x51, 0xe4, 0xe0, 0x51, 0xe4, 0xe0, 0x51, 0xe4, 0xe0, 0x51, 0xe4, 0xe0,
    0x51, 0xe4, 0xe0, 0x51, 0xe4, 0xe0, 0x51, 0xe4, 0xe0, 0x51, 0xe4, 0xe0, 0x51, 0xe4, 0xe0, 0x51,
    0xe4, 0xe0, 0x51, 0xe4, 0xe0, 0x51, 0xe4, 0xe0, 0x51, 0xe4, 0xe0, 0x51, 0xe4, 0xe0, 0x51, 0xe4,
    0xe0, 0x51, 0xd5, 0xd5, 0x55, 0x00, 0x00, 0x00, 0x00, 0x00, 0x00, 0x00, 0x00, 0x00, 0x00, 0x00,
    0x00, 0x00, 0x00, 0x00, 0x00, 0x00, 0x00, 0x00, 0x00, 0x00, 0x00, 0x00, 0x00, 0xe4, 0xe0, 0x51,
    0xe4, 0xe0, 0x51, 0xe4, 0xe0, 0x51, 0xe4, 0xe0, 0x51, 0xe4, 0xe0, 0x51, 0xe4, 0xe0, 0x51, 0xe4,
    0xdf, 0x50, 0x00, 0x00, 0x00, 0x00, 0x00, 0x00, 0xe3, 0xdf, 0x52, 0xe4, 0xe0, 0x51, 0xe4, 0xe0,
    0x51, 0xe4, 0xe0, 0x51, 0xe4, 0xe0, 0x51, 0xe4, 0xe0, 0x51, 0xe4, 0xe0, 0x51, 0xe4, 0xe0, 0x51,
    0xe4, 0xe0, 0x51, 0xe4, 0xe0, 0x51, 0xe4, 0xe0, 0x51, 0xe4, 0xe0, 0x51, 0xe4, 0xe0, 0x51, 0xe4,
    0xe0, 0x51, 0xe4, 0xe0, 0x51, 0xe4, 0xe0, 0x51, 0xe4, 0xe0, 0x51, 0xe4, 0xe0, 0x51, 0xe4, 0xe0,
    0x51, 0xe4, 0xe0, 0x51, 0xe4, 0xe0, 0x51, 0xe4, 0xe0, 0x51, 0xe4, 0xe0, 0x51, 0xe4, 0xe0, 0x51,
    0xe4, 0xe0, 0x51, 0xe4, 0xe0, 0x51, 0xe4, 0xe0, 0x51, 0xe4, 0xe0, 0x51, 0xe4, 0xe0, 0x51, 0xe4,
    0xe0, 0x51, 0xe4, 0xe0, 0x51, 0xe4, 0xe0, 0x51, 0x00, 0x00, 0x00, 0x00, 0x00, 0x00, 0x00, 0x00,
    0x00, 0x00, 0x00, 0x00, 0x00, 0x00, 0x00, 0x00, 0x00, 0x00, 0x00, 0x00, 0x00, 0x00, 0x00, 0x00,
    0x00, 0x00, 0x00, 0xe4, 0xe0, 0x51, 0xe4, 0xe0, 0x51, 0xe4, 0xe0, 0x51, 0xe4, 0xe0, 0x51, 0xe4,
    0xe0, 0x51, 0xe4, 0xe0, 0x51, 0xe4, 0xdf, 0x50, 0x00, 0x00, 0x00, 0x00, 0x00, 0x00, 0xe3, 0xdf,
    0x52, 0xe4, 0xe0, 0x51, 0xe4, 0xe0, 0x51, 0xe4, 0xe0, 0x51, 0xe4, 0xe0, 0x51, 0xe4, 0xe0, 0x51,
    0xe4, 0xe0, 0x51, 0xe4, 0xe0, 0x51, 0xe4, 0xe0, 0x51, 0xe4, 0xe0, 0x51, 0xe4, 0xe0, 0x51, 0xe4,
    0xe0, 0x51, 0xe4, 0xe0, 0x51, 0xe4, 0xe0, 0x51, 0xe4, 0xe0, 0x51, 0xe4, 0xe0, 0x51, 0xe4, 0xe0,
    0x51, 0xe4, 0xe0, 0x51, 0xe4, 0xe0, 0x51, 0xe4, 0xe0, 0x51, 0xe4, 0xe0, 0x51, 0xe4, 0xe0, 0x51,
    0xe4, 0xe0, 0x51, 0xe4, 0xe0, 0x51, 0xe4, 0xe0, 0x51, 0xe4, 0xe0, 0x51, 0xe4, 0xe0, 0x51, 0xe4,
    0xe0, 0x51, 0xe4, 0xe0, 0x51, 0xe4, 0xe0, 0x51, 0xe4, 0xe0, 0x51, 0xe4, 0xe0, 0x51, 0x00, 0x00,
    0x00, 0x00, 0x00, 0x00, 0x00, 0x00, 0x00, 0x00, 0x00, 0x00, 0x00, 0x00, 0x00, 0x00, 0x00, 0x00,
    0x00, 0x00, 0x00, 0x00, 0x00, 0x00, 0x00, 0x00, 0x00, 0xe4, 0xe0, 0x51, 0xe4, 0xe0, 0x51, 0xe4,
    0xe0, 0x51, 0xe4, 0xe0, 0x51, 0xe4, 0xe0, 0x51, 0xe4, 0xe0, 0x51, 0xe4, 0xdf, 0x50, 0x00, 0x00,
    0x00, 0x00, 0x00, 0x00, 0xe3, 0xdf, 0x52, 0xe4, 0xe0, 0x51, 0xe4, 0xe0, 0x51, 0xe4, 0xe0, 0x51,
    0xe4, 0xe0, 0x51, 0xe4, 0xe0, 0x51, 0xe4, 0xe0, 0x51, 0xe4, 0xe0, 0x51, 0xe4, 0xe0, 0x51, 0xe4,
    0xe0, 0x51, 0xe4, 0xe0, 0x51, 0xe4, 0xe0, 0x51, 0xe4, 0xe0, 0x51, 0xe4, 0xe0, 0x51, 0xe4, 0xe0,
    0x51, 0xe4, 0xe0, 0x51, 0xe4, 0xe0, 0x51, 0xe4, 0xe0, 0x51, 0xe4, 0xe0, 0x51, 0xe4, 0xe0, 0x51,
    0xe4, 0xe0, 0x51, 0xe4, 0xe0, 0x51, 0xe4, 0xe0, 0x51, 0xe4, 0xe0, 0x51, 0xe4, 0xe0, 0x51, 0xe4,
    0xe0, 0x51, 0xe4, 0xe0, 0x51, 0xe4, 0xe0, 0x51, 0xe4, 0xe0, 0x51, 0xe4, 0xe0, 0x51, 0xe4, 0xe0,
    0x51, 0xe3, 0xe1, 0x51, 0x00, 0x00, 0x00, 0x00, 0x00, 0x00, 0x00, 0x00, 0x00, 0x00, 0x00, 0x00,
    0x00, 0x00, 0x00, 0x00, 0x00, 0x00, 0x00, 0x00, 0x00, 0x00, 0x00, 0x00, 0x00, 0x00, 0x00, 0xe4,
    0xe0, 0x51, 0xe4, 0xe0, 0x51, 0xe4, 0xe0, 0x51, 0xe4, 0xe0, 0x51, 0xe4, 0xe0, 0x51, 0xe4, 0xe0,
    0x51, 0xe4, 0xdf, 0x50, 0x00, 0x00, 0x00, 0x00, 0x00, 0x00, 0xe3, 0xdf, 0x52, 0xe4, 0xe0, 0x51,
    0xe4, 0xe0, 0x51, 0xe4, 0xe0, 0x51, 0xe4, 0xe0, 0x51, 0xe4, 0xe0, 0x51, 0xe4, 0xe0, 0x51, 0xe4,
    0xe0, 0x51, 0xe4, 0xe0, 0x51, 0xe4, 0xe0, 0x51, 0xe4, 0xe0, 0x51, 0xe4, 0xe0, 0x51, 0xe4, 0xe0,
    0x51, 0xe4, 0xe0, 0x51, 0xe4, 0xe0, 0x51, 0xe4, 0xe0, 0x51, 0xe4, 0xe0, 0x51, 0xe4, 0xe0, 0x51,
    0xe4, 0xe0, 0x51, 0xe4, 0xe0, 0x51, 0xe4, 0xe0, 0x51, 0xe4, 0xe0, 0x51, 0xe4, 0xe0, 0x51, 0xe4,
    0xe0, 0x51, 0xe4, 0xe0, 0x51, 0xe4, 0xe0, 0x51, 0xe4, 0xe0, 0x51, 0xe4, 0xe0, 0x51, 0xe4, 0xe0,
    0x51, 0xe4, 0xe0, 0x51, 0xe4, 0xe0, 0x51, 0xe6, 0xe1, 0x51, 0x00, 0x00, 0x00, 0x00, 0x00, 0x00,
    0x00, 0x00, 0x00, 0x00, 0x00, 0x00, 0x00, 0x00, 0x00, 0x00, 0x00, 0x00, 0x00, 0x00, 0x00, 0x00,
    0x00, 0x00, 0x00, 0x00, 0x00, 0xe4, 0xe0, 0x52, 0xe4, 0xe0, 0x51, 0xe4, 0xe0, 0x51, 0xe4, 0xe0,
    0x51, 0xe4, 0xe0, 0x51, 0xe4, 0xe0, 0x51, 0xe4, 0xdf, 0x50, 0x00, 0x00, 0x00, 0x00, 0x00, 0x00,
    0xe3, 0xdf, 0x52, 0xe4, 0xe0, 0x51, 0xe4, 0xe0, 0x51, 0xe4, 0xe0, 0x51, 0xe4, 0xe0, 0x51, 0xe4,
    0xe0, 0x51, 0xe4, 0xe0, 0x51, 0xe4, 0xe0, 0x51, 0xe4, 0xe0, 0x51, 0xe4, 0xe0, 0x51, 0xe4, 0xe0,
    0x51, 0xe4, 0xe0, 0x51, 0xe4, 0xe0, 0x51, 0xe4, 0xe0, 0x51, 0xe4, 0xe0, 0x51, 0xe4, 0xe0, 0x51,
    0xe4, 0xe0, 0x51, 0xe4, 0xe0, 0x51, 0xe4, 0xe0, 0x51, 0xe4, 0xe0, 0x51, 0xe4, 0xe0, 0x51, 0xe4,
    0xe0, 0x51, 0xe4, 0xe0, 0x51, 0xe4, 0xe0, 0x51, 0xe4, 0xe0, 0x51, 0xe4, 0xe0, 0x51, 0xe4, 0xe0,
    0x51, 0xe4, 0xe0, 0x51, 0xe4, 0xe0, 0x51, 0xe4, 0xe0, 0x51, 0xe4, 0xe0, 0x51, 0xff, 0xff, 0x55,
    0x00, 0x00, 0x00, 0x00, 0x00, 0x00, 0x00, 0x00, 0x00, 0x00, 0x00, 0x00, 0x00, 0x00, 0x00, 0x00,
    0x00, 0x00, 0x00, 0x00, 0x00, 0x00, 0x00, 0x00, 0x00, 0x00, 0x00, 0xe3, 0xe0, 0x52, 0xe4, 0xe0,
    0x51, 0xe4, 0xe0, 0x51, 0xe4, 0xe0, 0x51, 0xe4, 0xe0, 0x51, 0xe4, 0xe0, 0x51, 0xe4, 0xdf, 0x50,
    0x00, 0x00, 0x00, 0x00, 0x00, 0x00, 0xe3, 0xdf, 0x52, 0xe4, 0xe0, 0x51, 0xe4, 0xe0, 0x51, 0xe4,
    0xe0, 0x51, 0xe4, 0xe0, 0x51, 0xe4, 0xe0, 0x51, 0xe4, 0xe0, 0x51, 0xe4, 0xe0, 0x51, 0xe4, 0xe0,
    0x51, 0xe4, 0xe0, 0x51, 0xe4, 0xe0, 0x51, 0xe4, 0xe0, 0x51, 0xe4, 0xe0, 0x51, 0xe4, 0xe0, 0x51,
    0xe4, 0xe0, 0x51, 0xe4, 0xe0, 0x51, 0xe4, 0xe0, 0x51, 0xe4, 0xe0, 0x51, 0xe4, 0xe0, 0x51, 0xe4,
    0xe0, 0x51, 0xe4, 0xe0, 0x51, 0xe4, 0xe0, 0x51, 0xe4, 0xe0, 0x51, 0xe4, 0xe0, 0x51, 0xe4, 0xe0,
    0x51, 0xe4, 0xe0, 0x51, 0xe4, 0xe0, 0x51, 0xe4, 0xe0, 0x51, 0xe4, 0xe0, 0x51, 0xe4, 0xe0, 0x51,
    0xe5, 0xe0, 0x51, 0x00, 0x00, 0x00, 0x00, 0x00, 0x00, 0x00, 0x00, 0x00, 0x00, 0x00, 0x00, 0x00,
    0x00, 0x00, 0x00, 0x00, 0x00, 0x00, 0x00, 0x00, 0x00, 0x00, 0x00, 0x00, 0x00, 0x00, 0x00, 0x00,
    0x00, 0xe6, 0xe1, 0x50, 0xe4, 0xe0, 0x51, 0xe4, 0xe0, 0x51, 0xe4, 0xe0, 0x51, 0xe4, 0xe0, 0x51,
    0xe4, 0xe0, 0x51, 0xe4, 0xdf, 0x50, 0x00, 0x00, 0x00, 0x00, 0x00, 0x00, 0xe3, 0xdf, 0x52, 0xe4,
    0xe0, 0x51, 0xe4, 0xe0, 0x51, 0xe4, 0xe0, 0x51, 0xe4, 0xe0, 0x51, 0xe4, 0xe0, 0x51, 0xe4, 0xe0,
    0x51, 0xe4, 0xe0, 0x51, 0xe4, 0xe0, 0x51, 0xe4, 0xe0, 0x51, 0xe4, 0xe0, 0x51, 0xe4, 0xe0, 0x51,
    0xe4, 0xe0, 0x51, 0xe4, 0xe0, 0x51, 0xe4, 0xe0, 0x51, 0xe4, 0xe0, 0x51, 0xe4, 0xe0, 0x51, 0xe4,
    0xe0, 0x51, 0xe4, 0xe0, 0x51, 0xe4, 0xe0, 0x51, 0xe4, 0xe0, 0x51, 0xe4, 0xe0, 0x51, 0xe4, 0xe0,
    0x51, 0xe4, 0xe0, 0x51, 0xe4, 0xe0, 0x51, 0xe4, 0xe0, 0x51, 0xe4, 0xe0, 0x51, 0xe4, 0xe0, 0x51,
    0xe4, 0xe0, 0x51, 0xe5, 0xe0, 0x51, 0x00, 0x00, 0x00, 0x00, 0x00, 0x00, 0x00, 0x00, 0x00, 0x00,
    0x00, 0x00, 0x00, 0x00, 0x00, 0x00, 0x00, 0x00, 0x00, 0x00, 0x00, 0x00, 0x00, 0x00, 0x00, 0x00,
    0x00, 0x00, 0x00, 0x00, 0x00, 0x00, 0x00, 0x00, 0x00, 0x00, 0xe6, 0xe1, 0x50, 0xe4, 0xe0, 0x51,
    0xe4, 0xe0, 0x51, 0xe3, 0xe0, 0x52, 0xe3, 0xe0, 0x52, 0xe3, 0xe0, 0x50, 0x00, 0x00, 0x00, 0x00,
    0x00, 0x00, 0xe3, 0xe1, 0x50, 0xe3, 0xe0, 0x52, 0xe3, 0xe0, 0x52, 0xe3, 0xe0, 0x52, 0xe3, 0xe0,
    0x52, 0xe3, 0xe0, 0x52, 0xe3, 0xe0, 0x52, 0xe3, 0xe0, 0x52, 0xe3, 0xe0, 0x52, 0xe3, 0xe0, 0x52,
    0xe3, 0xe0, 0x52, 0xe3, 0xe0, 0x52, 0xe3, 0xe0, 0x52, 0xe3, 0xe0, 0x52, 0xe3, 0xe0, 0x52, 0xe3,
    0xe0, 0x52, 0xe3, 0xe0, 0x52, 0xe3, 0xe0, 0x52, 0xe3, 0xe0, 0x52, 0xe3, 0xe0, 0x52, 0xe3, 0xe0,
    0x52, 0xe3, 0xe0, 0x52, 0xe3, 0xe0, 0x52, 0xe3, 0xe0, 0x52, 0xe3, 0xe0, 0x52, 0xe3, 0xe0, 0x52,
    0xe4, 0xe0, 0x51, 0xe5, 0xe0, 0x50, 0xe5, 0xe1, 0x52, 0x00, 0x00, 0x00, 0x00, 0x00, 0x00, 0x00,
    0x00, 0x00, 0x00, 0x00, 0x00, 0x00, 0x00, 0x00, 0x00, 0x00, 0x00, 0x00, 0x00, 0x00, 0x00, 0x00,
    0x00, 0x00, 0x00, 0x00, 0x00, 0x00, 0x00, 0x00, 0x00, 0x00, 0x00, 0x00, 0x00, 0x00, 0x00, 0x00,
    0x00, 0x00, 0x00, 0x00, 0x00, 0x00, 0x00, 0x00, 0x00, 0x00, 0x00, 0x00, 0x00, 0x00, 0x00, 0x00,
    0x00, 0x00, 0x00, 0x00, 0x00, 0x00, 0x00, 0x00, 0x00, 0x00, 0x00, 0x00, 0x00, 0x00, 0x00, 0x00,
    0x00, 0x00, 0x00, 0x00, 0x00, 0x00, 0x00, 0x00, 0x00, 0x00, 0x00, 0x00, 0x00, 0x00, 0x00, 0x00,
    0x00, 0x00, 0x00, 0x00, 0x00, 0x00, 0x00, 0x00, 0x00, 0x00, 0x00, 0x00, 0x00, 0x00, 0x00, 0x00,
    0x00, 0x00, 0x00, 0x00, 0x00, 0x00, 0x00, 0x00, 0x00, 0x00, 0x00, 0x00, 0x00, 0x00, 0x00, 0x00,
    0x00, 0x00, 0x00, 0x00, 0x00, 0x00, 0x00, 0x00, 0x00, 0x00, 0x00, 0x00, 0x00, 0x00, 0x00, 0x00,
    0x00, 0x00, 0x00, 0x00, 0x00, 0x00, 0x00, 0x00, 0x00, 0x00, 0x00, 0x00, 0x00, 0x00, 0x00, 0x00,
    0x00, 0x00, 0x00, 0x00, 0x00, 0x00, 0x00, 0x00, 0x00, 0x00, 0x00, 0x00, 0x00, 0x00, 0x00, 0x00,
    0x00, 0x00, 0x00, 0x00, 0x00, 0x00, 0x00, 0x00, 0x00, 0x00, 0x00, 0x00, 0x00, 0x00, 0x00, 0x00,
    0x00, 0x00, 0x00, 0x00, 0x00, 0x00, 0x00, 0x00, 0x00, 0x00, 0x00, 0x00, 0x00, 0x00, 0x00, 0x00,
    0x00, 0x00, 0x00, 0x00, 0x00, 0x00, 0x00, 0x00, 0x00, 0x00, 0x00, 0x00, 0x00, 0x00, 0x00, 0x00,
    0x00, 0x00, 0x00, 0x00, 0x00, 0x00, 0x00, 0x00, 0x00, 0x00, 0x00, 0x00, 0x00, 0x00, 0x00, 0x00,
    0x00, 0x00, 0x00, 0x00, 0x00, 0x00, 0x00, 0x00, 0x00, 0x00, 0x00, 0x00, 0x00, 0x00, 0x00, 0x00,
    0x00, 0x00, 0x00, 0x00, 0x00, 0x00, 0x00, 0x00, 0x00, 0x00, 0x00, 0x00, 0x00, 0x00, 0x00, 0x00,
    0x00, 0x00, 0x00, 0x00, 0x00, 0x00, 0x00, 0x00, 0x00, 0x00, 0x00, 0x00, 0x00, 0x00, 0x00, 0x00,
    0x00, 0x00, 0x00, 0x00, 0x00, 0x00, 0x00, 0x00, 0x00, 0x00, 0x00, 0x00, 0x00, 0x00, 0x00, 0x00,
    0x00, 0x00, 0x00, 0x00, 0x00, 0x00, 0x00, 0x00, 0x00, 0x00, 0x00, 0x00, 0x00, 0x00, 0x00, 0x00,
    0x00, 0x00, 0x00, 0x00, 0x00, 0x00, 0x00, 0x00, 0x00, 0x00, 0x00, 0x00, 0x00, 0x00, 0x00, 0x00,
    0x00, 0x00, 0x00, 0x00, 0x00, 0x00, 0x00, 0x00, 0x00, 0x00, 0x00, 0x00, 0x00, 0x00, 0x00, 0x00,
    0x00, 0x00, 0x00, 0x00, 0x00, 0x00, 0x00, 0x00, 0x00, 0x00, 0x00, 0x00, 0x00, 0x00, 0x00, 0x00,
    0x00, 0x00, 0x00, 0x00, 0x00, 0x00, 0x00, 0x00, 0x00, 0x00, 0x00, 0x00, 0x00, 0x00, 0x00, 0x00,
    0x00, 0x00, 0x00, 0x00, 0x00, 0x00, 0x00, 0x00, 0x00, 0x00, 0x00, 0x00, 0x00, 0x00, 0x00, 0x00,
    0x00, 0x00, 0x00, 0x00, 0x00, 0x00, 0x00, 0x00, 0x00, 0x00, 0x00, 0x00, 0x00, 0x00, 0x00, 0x00,
    0x00, 0x00, 0x00, 0x00, 0x00, 0x00, 0x00, 0x00, 0x00, 0x00, 0x00, 0x00, 0x00, 0x00, 0x00, 0x00,
    0x00, 0x00, 0x00, 0x00, 0x00, 0x00, 0x00, 0x00, 0x00, 0x00, 0x00, 0x00, 0x00, 0x00, 0x00, 0x00,
    0x00, 0x00, 0x00, 0x00, 0x00, 0x00, 0x00, 0x00, 0x00, 0x00, 0x00, 0x00, 0x00, 0x00, 0x00, 0x00,
    0x00, 0x00, 0x00, 0x00, 0x00, 0x00, 0x00, 0x00, 0x00, 0x00, 0x00, 0x00, 0x00, 0x00, 0x00, 0x00,
    0x00, 0x00, 0x00, 0x00, 0x00, 0x00, 0x00, 0x00, 0x00, 0x00, 0x00, 0x00, 0x00, 0x00, 0x00, 0x00,
    0x00, 0x00, 0x00, 0x00, 0x00, 0x00, 0x00, 0x00, 0x00, 0x00, 0x00, 0x00, 0x00, 0x00, 0x00, 0x00,
    0x00, 0x00, 0x00, 0x00, 0x00, 0x00, 0x00, 0x00, 0x00, 0x00, 0x00, 0x00, 0x00, 0x00, 0x00, 0x00,
    0x00, 0x00, 0x00, 0x00, 0x00, 0x00, 0x00, 0x00, 0x00, 0x00, 0x00, 0x00, 0x00, 0x00, 0x00, 0x00,
    0x00, 0x00, 0x00, 0x00, 0x00, 0x00, 0x00, 0x00, 0x00, 0x00, 0x00, 0x00, 0x00, 0x00, 0x00, 0x00,
    0x00, 0x00, 0x00, 0x00, 0x00, 0x00, 0x00, 0x00, 0x00, 0x00, 0x00, 0x00, 0x00, 0x00, 0x00, 0x00,
    0x00, 0x00, 0x00, 0x00, 0x00, 0x00, 0x00, 0x00, 0x00, 0x00, 0x00, 0x00, 0x00, 0x00, 0x00, 0x00,
    0x00, 0x00, 0x00, 0x00, 0x00, 0x00, 0x00, 0x00, 0x00, 0x00, 0x00, 0x00, 0x00, 0x00, 0x00, 0x00,
    0x00, 0x00, 0x00, 0x00, 0x00, 0x00, 0x00, 0x00, 0x00, 0x00, 0x00, 0x00, 0x00, 0x00, 0x00, 0x00,
    0x00, 0x00, 0x00, 0x00, 0x00, 0x00, 0x00, 0x00, 0x00, 0x00, 0x00, 0x00,
};

#endif


#if TEXTURE_L1
static u8 icon_good_l1[358] ALIGNED(4) = {
    0x03, 0x03, 0x01, 0x00, 	/*Color of index 0*/
    0xe3, 0xdf, 0x51, 0xf0, 	/*Color of index 1*/

    0x00, 0x00, 0x00, 0x00, 0x00, 0x00, 0x00,
    0x00, 0x00, 0x00, 0x00, 0x00, 0x00, 0x00,
    0x00, 0x00, 0x00, 0x00, 0x00, 0x00, 0x00,
    0x00, 0x00, 0x00, 0x00, 0x00, 0x00, 0x00,
    0x00, 0x00, 0x07, 0xc0, 0x00, 0x00, 0x00,
    0x00, 0x00, 0x0f, 0xf0, 0x00, 0x00, 0x00,
    0x00, 0x00, 0x0f, 0xf0, 0x00, 0x00, 0x00,
    0x00, 0x00, 0x0f, 0xf8, 0x00, 0x00, 0x00,
    0x00, 0x00, 0x1f, 0xf8, 0x00, 0x00, 0x00,
    0x00, 0x00, 0x0f, 0xfc, 0x00, 0x00, 0x00,
    0x00, 0x00, 0x1f, 0xfc, 0x00, 0x00, 0x00,
    0x00, 0x00, 0x0f, 0xfc, 0x00, 0x00, 0x00,
    0x00, 0x00, 0x1f, 0xfc, 0x00, 0x00, 0x00,
    0x00, 0x00, 0x0f, 0xfc, 0x00, 0x00, 0x00,
    0x00, 0x00, 0x1f, 0xfc, 0x00, 0x00, 0x00,
    0x00, 0x00, 0x1f, 0xf8, 0x00, 0x00, 0x00,
    0x00, 0x00, 0x3f, 0xfd, 0x55, 0x40, 0x00,
    0x00, 0x00, 0x3f, 0xff, 0xff, 0xf8, 0x00,
    0x00, 0x00, 0xff, 0xff, 0xff, 0xfc, 0x00,
    0x00, 0x01, 0xff, 0xff, 0xff, 0xfc, 0x00,
    0x07, 0xcf, 0xff, 0xff, 0xff, 0xfe, 0x00,
    0x1f, 0x8f, 0xff, 0xff, 0xff, 0xfe, 0x00,
    0x1f, 0xcf, 0xff, 0xff, 0xff, 0xfe, 0x00,
    0x1f, 0xcf, 0xff, 0xff, 0xff, 0xfe, 0x00,
    0x1f, 0xcf, 0xff, 0xff, 0xff, 0xfe, 0x00,
    0x1f, 0xcf, 0xff, 0xff, 0xff, 0xfe, 0x00,
    0x1f, 0xcf, 0xff, 0xff, 0xff, 0xfc, 0x00,
    0x1f, 0xcf, 0xff, 0xff, 0xff, 0xfc, 0x00,
    0x1f, 0xcf, 0xff, 0xff, 0xff, 0xfc, 0x00,
    0x1f, 0xcf, 0xff, 0xff, 0xff, 0xfc, 0x00,
    0x1f, 0xcf, 0xff, 0xff, 0xff, 0xfc, 0x00,
    0x1f, 0xcf, 0xff, 0xff, 0xff, 0xf8, 0x00,
    0x1f, 0xcf, 0xff, 0xff, 0xff, 0xf8, 0x00,
    0x1f, 0xcf, 0xff, 0xff, 0xff, 0xf8, 0x00,
    0x1f, 0xcf, 0xff, 0xff, 0xff, 0xf8, 0x00,
    0x1f, 0xcf, 0xff, 0xff, 0xff, 0xf8, 0x00,
    0x1f, 0xcf, 0xff, 0xff, 0xff, 0xf0, 0x00,
    0x1f, 0xcf, 0xff, 0xff, 0xff, 0xf8, 0x00,
    0x1f, 0xcf, 0xff, 0xff, 0xff, 0xf0, 0x00,
    0x1f, 0xcf, 0xff, 0xff, 0xff, 0xf0, 0x00,
    0x1f, 0xcf, 0xff, 0xff, 0xff, 0xf0, 0x00,
    0x1f, 0xcf, 0xff, 0xff, 0xff, 0xe0, 0x00,
    0x1f, 0xcf, 0xff, 0xff, 0xff, 0xf0, 0x00,
    0x1f, 0xcf, 0xff, 0xff, 0xff, 0xe0, 0x00,
    0x1f, 0xcf, 0xff, 0xff, 0xff, 0xc0, 0x00,
    0x07, 0x8f, 0xff, 0xff, 0xff, 0x80, 0x00,
    0x00, 0x00, 0x00, 0x00, 0x00, 0x00, 0x00,
    0x00, 0x00, 0x00, 0x00, 0x00, 0x00, 0x00,
    0x00, 0x00, 0x00, 0x00, 0x00, 0x00, 0x00,
    0x00, 0x00, 0x00, 0x00, 0x00, 0x00, 0x00,
};
#endif

#if TEXTURE_ARGB8565
static u8 icon_good_argb8565[7500] ALIGNED(4) = {
    0x00, 0x00, 0x00, 0x00, 0x00, 0x00, 0x00, 0x00, 0x00, 0x00, 0x00, 0x00, 0x00, 0x00, 0x00, 0x00,
    0x00, 0x00, 0x00, 0x00, 0x00, 0x00, 0x00, 0x00, 0x00, 0x00, 0x00, 0x00, 0x00, 0x00, 0x00, 0x00,
    0x00, 0x00, 0x00, 0x00, 0x00, 0x00, 0x00, 0x00, 0x00, 0x00, 0x00, 0x00, 0x00, 0x00, 0x00, 0x00,
    0x00, 0x00, 0x00, 0x00, 0x00, 0x00, 0x00, 0x00, 0x00, 0x00, 0x00, 0x00, 0x00, 0x00, 0x00, 0x00,
    0x00, 0x00, 0x00, 0x00, 0x00, 0x00, 0x00, 0x00, 0x00, 0x00, 0x00, 0x00, 0x00, 0x00, 0x00, 0x00,
    0x00, 0x00, 0x00, 0x00, 0x00, 0x00, 0x00, 0x00, 0x00, 0x00, 0x00, 0x00, 0x00, 0x00, 0x00, 0x00,
    0x00, 0x00, 0x00, 0x00, 0x00, 0x00, 0x00, 0x00, 0x00, 0x00, 0x00, 0x00, 0x00, 0x00, 0x00, 0x00,
    0x00, 0x00, 0x00, 0x00, 0x00, 0x00, 0x00, 0x00, 0x00, 0x00, 0x00, 0x00, 0x00, 0x00, 0x00, 0x00,
    0x00, 0x00, 0x00, 0x00, 0x00, 0x00, 0x00, 0x00, 0x00, 0x00, 0x00, 0x00, 0x00, 0x00, 0x00, 0x00,
    0x00, 0x00, 0x00, 0x00, 0x00, 0x00, 0x00, 0x00, 0x00, 0x00, 0x00, 0x00, 0x00, 0x00, 0x00, 0x00,
    0x00, 0x00, 0x00, 0x00, 0x00, 0x00, 0x00, 0x00, 0x00, 0x00, 0x00, 0x00, 0x00, 0x00, 0x00, 0x00,
    0x00, 0x00, 0x00, 0x00, 0x00, 0x00, 0x00, 0x00, 0x00, 0x00, 0x00, 0x00, 0x00, 0x00, 0x00, 0x00,
    0x00, 0x00, 0x00, 0x00, 0x00, 0x00, 0x00, 0x00, 0x00, 0x00, 0x00, 0x00, 0x00, 0x00, 0x00, 0x00,
    0x00, 0x00, 0x00, 0x00, 0x00, 0x00, 0x00, 0x00, 0x00, 0x00, 0x00, 0x00, 0x00, 0x00, 0x00, 0x00,
    0x00, 0x00, 0x00, 0x00, 0x00, 0x00, 0x00, 0x00, 0x00, 0x00, 0x00, 0x00, 0x00, 0x00, 0x00, 0x00,
    0x00, 0x00, 0x00, 0x00, 0x00, 0x00, 0x00, 0x00, 0x00, 0x00, 0x00, 0x00, 0x00, 0x00, 0x00, 0x00,
    0x00, 0x00, 0x00, 0x00, 0x00, 0x00, 0x00, 0x00, 0x00, 0x00, 0x00, 0x00, 0x00, 0x00, 0x00, 0x00,
    0x00, 0x00, 0x00, 0x00, 0x00, 0x00, 0x00, 0x00, 0x00, 0x00, 0x00, 0x00, 0x00, 0x00, 0x00, 0x00,
    0x00, 0x00, 0x00, 0x00, 0x00, 0x00, 0x00, 0x00, 0x00, 0x00, 0x00, 0x00, 0x00, 0x00, 0x00, 0x00,
    0x00, 0x00, 0x00, 0x00, 0x00, 0x00, 0x00, 0x00, 0x00, 0x00, 0x00, 0x00, 0x00, 0x00, 0x00, 0x00,
    0x00, 0x00, 0x00, 0x00, 0x00, 0x00, 0x00, 0x00, 0x00, 0x00, 0x00, 0x00, 0x00, 0x00, 0x00, 0x00,
    0x00, 0x00, 0x00, 0x00, 0x00, 0x00, 0x00, 0x00, 0x00, 0x00, 0x00, 0x00, 0x00, 0x00, 0x00, 0x00,
    0x00, 0x00, 0x00, 0x00, 0x00, 0x00, 0x00, 0x00, 0x00, 0x00, 0x00, 0x00, 0x00, 0x00, 0x00, 0x00,
    0x00, 0x00, 0x00, 0x00, 0x00, 0x00, 0x00, 0x00, 0x00, 0x00, 0x00, 0x00, 0x00, 0x00, 0x00, 0x00,
    0x00, 0x00, 0x00, 0x00, 0x00, 0x00, 0x00, 0x00, 0x00, 0x00, 0x00, 0x00, 0x00, 0x00, 0x00, 0x00,
    0x00, 0x00, 0x00, 0x00, 0x00, 0x00, 0x00, 0x00, 0x00, 0x00, 0x00, 0x00, 0x00, 0x00, 0x00, 0x00,
    0x00, 0x00, 0x00, 0x00, 0x00, 0x00, 0x00, 0x00, 0x00, 0x00, 0x00, 0x00, 0x00, 0x00, 0x00, 0x00,
    0x00, 0x00, 0x00, 0x00, 0x00, 0x00, 0x00, 0x00, 0x00, 0x00, 0x00, 0x00, 0x00, 0x00, 0x00, 0x00,
    0x00, 0x00, 0x00, 0x00, 0x00, 0x00, 0x00, 0x00, 0x00, 0x00, 0x00, 0x00, 0x00, 0x00, 0x00, 0x00,
    0x00, 0x00, 0x00, 0x00, 0x00, 0x00, 0x00, 0x00, 0x00, 0x00, 0x00, 0x00, 0x00, 0x00, 0x00, 0x00,
    0x00, 0x00, 0x00, 0x00, 0x00, 0x00, 0x00, 0x00, 0x00, 0x00, 0x00, 0x00, 0x00, 0x00, 0x00, 0x00,
    0x00, 0x00, 0x00, 0x00, 0x00, 0x00, 0x00, 0x00, 0x00, 0x00, 0x00, 0x00, 0x00, 0x00, 0x00, 0x00,
    0x00, 0x00, 0x00, 0x00, 0x00, 0x00, 0x00, 0x00, 0x00, 0x00, 0x00, 0x00, 0x00, 0x00, 0x00, 0x00,
    0x00, 0x00, 0x00, 0x00, 0x00, 0x00, 0x00, 0x00, 0x00, 0x00, 0x00, 0x00, 0x00, 0x00, 0x00, 0x00,
    0x00, 0x00, 0x00, 0x00, 0x00, 0x00, 0x00, 0x00, 0x00, 0x00, 0x00, 0x00, 0x00, 0x00, 0x00, 0x00,
    0x00, 0x00, 0x00, 0x00, 0x00, 0x00, 0x00, 0x00, 0x00, 0x00, 0x00, 0x00, 0x00, 0x00, 0x00, 0x00,
    0x00, 0x00, 0x00, 0x00, 0x00, 0x00, 0x00, 0x00, 0x00, 0x00, 0x00, 0x00, 0x00, 0x00, 0x00, 0x00,
    0x00, 0x00, 0x00, 0x00, 0x00, 0x00, 0x00, 0x00, 0x00, 0x00, 0x00, 0x00, 0x00, 0x00, 0x00, 0x00,
    0x00, 0x00, 0x00, 0x00, 0x00, 0x00, 0x00, 0x00, 0x00, 0x00, 0x00, 0x00, 0x00, 0x00, 0x00, 0x00,
    0x00, 0x00, 0x00, 0x00, 0x00, 0x00, 0x00, 0x00, 0x00, 0x00, 0x00, 0x00, 0x00, 0x00, 0x00, 0x00,
    0x00, 0x00, 0x00, 0x00, 0x00, 0x00, 0x00, 0x00, 0x00, 0x00, 0x00, 0x00, 0x00, 0x00, 0x00, 0x00,
    0x00, 0x00, 0x00, 0x00, 0x00, 0x00, 0x00, 0x1d, 0x57, 0x62, 0x1d, 0x57, 0xd2, 0x1c, 0x57, 0xf1,
    0x1d, 0x57, 0xdb, 0x1d, 0x57, 0x87, 0xfc, 0x5e, 0x0f, 0x00, 0x00, 0x00, 0x00, 0x00, 0x00, 0x00,
    0x00, 0x00, 0x00, 0x00, 0x00, 0x00, 0x00, 0x00, 0x00, 0x00, 0x00, 0x00, 0x00, 0x00, 0x00, 0x00,
    0x00, 0x00, 0x00, 0x00, 0x00, 0x00, 0x00, 0x00, 0x00, 0x00, 0x00, 0x00, 0x00, 0x00, 0x00, 0x00,
    0x00, 0x00, 0x00, 0x00, 0x00, 0x00, 0x00, 0x00, 0x00, 0x00, 0x00, 0x00, 0x00, 0x00, 0x00, 0x00,
    0x00, 0x00, 0x00, 0x00, 0x00, 0x00, 0x00, 0x00, 0x00, 0x00, 0x00, 0x00, 0x00, 0x00, 0x00, 0x00,
    0x00, 0x00, 0x00, 0x00, 0x00, 0x00, 0x00, 0x00, 0x00, 0x00, 0x00, 0x00, 0x00, 0x00, 0x00, 0x00,
    0x00, 0x00, 0x00, 0x00, 0x00, 0x00, 0x00, 0x00, 0x00, 0x00, 0x00, 0x00, 0x00, 0x00, 0x00, 0x00,
    0x00, 0x00, 0x00, 0x00, 0x00, 0x00, 0x00, 0x00, 0x00, 0x00, 0x00, 0x00, 0x00, 0x00, 0x00, 0x00,
    0x00, 0x00, 0x00, 0x00, 0x00, 0x00, 0x00, 0x00, 0x00, 0x00, 0x1c, 0x57, 0x52, 0x1d, 0x57, 0xff,
    0x1d, 0x57, 0xff, 0x1d, 0x57, 0xff, 0x1d, 0x57, 0xff, 0x1d, 0x57, 0xff, 0x1d, 0x57, 0xe3, 0x3c,
    0x57, 0x2c, 0x00, 0x00, 0x00, 0x00, 0x00, 0x00, 0x00, 0x00, 0x00, 0x00, 0x00, 0x00, 0x00, 0x00,
    0x00, 0x00, 0x00, 0x00, 0x00, 0x00, 0x00, 0x00, 0x00, 0x00, 0x00, 0x00, 0x00, 0x00, 0x00, 0x00,
    0x00, 0x00, 0x00, 0x00, 0x00, 0x00, 0x00, 0x00, 0x00, 0x00, 0x00, 0x00, 0x00, 0x00, 0x00, 0x00,
    0x00, 0x00, 0x00, 0x00, 0x00, 0x00, 0x00, 0x00, 0x00, 0x00, 0x00, 0x00, 0x00, 0x00, 0x00, 0x00,
    0x00, 0x00, 0x00, 0x00, 0x00, 0x00, 0x00, 0x00, 0x00, 0x00, 0x00, 0x00, 0x00, 0x00, 0x00, 0x00,
    0x00, 0x00, 0x00, 0x00, 0x00, 0x00, 0x00, 0x00, 0x00, 0x00, 0x00, 0x00, 0x00, 0x00, 0x00, 0x00,
    0x00, 0x00, 0x00, 0x00, 0x00, 0x00, 0x00, 0x00, 0x00, 0x00, 0x00, 0x00, 0x00, 0x00, 0x00, 0x00,
    0x00, 0x00, 0x00, 0x00, 0x00, 0x00, 0x00, 0x00, 0x00, 0x00, 0x00, 0x00, 0x00, 0x00, 0x00, 0x00,
    0x1d, 0x57, 0xd9, 0x1d, 0x57, 0xff, 0x1d, 0x57, 0xff, 0x1d, 0x57, 0xff, 0x1d, 0x57, 0xff, 0x1d,
    0x57, 0xff, 0x1d, 0x57, 0xff, 0x1d, 0x57, 0xe2, 0xdd, 0x56, 0x0d, 0x00, 0x00, 0x00, 0x00, 0x00,
    0x00, 0x00, 0x00, 0x00, 0x00, 0x00, 0x00, 0x00, 0x00, 0x00, 0x00, 0x00, 0x00, 0x00, 0x00, 0x00,
    0x00, 0x00, 0x00, 0x00, 0x00, 0x00, 0x00, 0x00, 0x00, 0x00, 0x00, 0x00, 0x00, 0x00, 0x00, 0x00,
    0x00, 0x00, 0x00, 0x00, 0x00, 0x00, 0x00, 0x00, 0x00, 0x00, 0x00, 0x00, 0x00, 0x00, 0x00, 0x00,
    0x00, 0x00, 0x00, 0x00, 0x00, 0x00, 0x00, 0x00, 0x00, 0x00, 0x00, 0x00, 0x00, 0x00, 0x00, 0x00,
    0x00, 0x00, 0x00, 0x00, 0x00, 0x00, 0x00, 0x00, 0x00, 0x00, 0x00, 0x00, 0x00, 0x00, 0x00, 0x00,
    0x00, 0x00, 0x00, 0x00, 0x00, 0x00, 0x00, 0x00, 0x00, 0x00, 0x00, 0x00, 0x00, 0x00, 0x00, 0x00,
    0x00, 0x00, 0x00, 0x00, 0x00, 0x00, 0x00, 0x00, 0x00, 0x00, 0x00, 0x00, 0x00, 0x00, 0x00, 0x00,
    0x00, 0x00, 0x00, 0xfd, 0x56, 0x16, 0x1d, 0x57, 0xff, 0x1d, 0x57, 0xff, 0x1d, 0x57, 0xff, 0x1d,
    0x57, 0xff, 0x1d, 0x57, 0xff, 0x1d, 0x57, 0xff, 0x1d, 0x57, 0xff, 0x1d, 0x57, 0xff, 0x1c, 0x57,
    0x94, 0x00, 0x00, 0x00, 0x00, 0x00, 0x00, 0x00, 0x00, 0x00, 0x00, 0x00, 0x00, 0x00, 0x00, 0x00,
    0x00, 0x00, 0x00, 0x00, 0x00, 0x00, 0x00, 0x00, 0x00, 0x00, 0x00, 0x00, 0x00, 0x00, 0x00, 0x00,
    0x00, 0x00, 0x00, 0x00, 0x00, 0x00, 0x00, 0x00, 0x00, 0x00, 0x00, 0x00, 0x00, 0x00, 0x00, 0x00,
    0x00, 0x00, 0x00, 0x00, 0x00, 0x00, 0x00, 0x00, 0x00, 0x00, 0x00, 0x00, 0x00, 0x00, 0x00, 0x00,
    0x00, 0x00, 0x00, 0x00, 0x00, 0x00, 0x00, 0x00, 0x00, 0x00, 0x00, 0x00, 0x00, 0x00, 0x00, 0x00,
    0x00, 0x00, 0x00, 0x00, 0x00, 0x00, 0x00, 0x00, 0x00, 0x00, 0x00, 0x00, 0x00, 0x00, 0x00, 0x00,
    0x00, 0x00, 0x00, 0x00, 0x00, 0x00, 0x00, 0x00, 0x00, 0x00, 0x00, 0x00, 0x00, 0x00, 0x00, 0x00,
    0x00, 0x00, 0x00, 0x00, 0x00, 0x00, 0x00, 0x00, 0x00, 0x1d, 0x57, 0x38, 0x1d, 0x57, 0xff, 0x1d,
    0x57, 0xff, 0x1d, 0x57, 0xff, 0x1d, 0x57, 0xff, 0x1d, 0x57, 0xff, 0x1d, 0x57, 0xff, 0x1d, 0x57,
    0xff, 0x1d, 0x57, 0xff, 0x1d, 0x57, 0xfd, 0x1d, 0x57, 0x29, 0x00, 0x00, 0x00, 0x00, 0x00, 0x00,
    0x00, 0x00, 0x00, 0x00, 0x00, 0x00, 0x00, 0x00, 0x00, 0x00, 0x00, 0x00, 0x00, 0x00, 0x00, 0x00,
    0x00, 0x00, 0x00, 0x00, 0x00, 0x00, 0x00, 0x00, 0x00, 0x00, 0x00, 0x00, 0x00, 0x00, 0x00, 0x00,
    0x00, 0x00, 0x00, 0x00, 0x00, 0x00, 0x00, 0x00, 0x00, 0x00, 0x00, 0x00, 0x00, 0x00, 0x00, 0x00,
    0x00, 0x00, 0x00, 0x00, 0x00, 0x00, 0x00, 0x00, 0x00, 0x00, 0x00, 0x00, 0x00, 0x00, 0x00, 0x00,
    0x00, 0x00, 0x00, 0x00, 0x00, 0x00, 0x00, 0x00, 0x00, 0x00, 0x00, 0x00, 0x00, 0x00, 0x00, 0x00,
    0x00, 0x00, 0x00, 0x00, 0x00, 0x00, 0x00, 0x00, 0x00, 0x00, 0x00, 0x00, 0x00, 0x00, 0x00, 0x00,
    0x00, 0x00, 0x00, 0x00, 0x00, 0x00, 0x00, 0x00, 0x00, 0x00, 0x00, 0x00, 0x00, 0x00, 0x00, 0x1d,
    0x57, 0x43, 0x1d, 0x57, 0xff, 0x1d, 0x57, 0xff, 0x1d, 0x57, 0xff, 0x1d, 0x57, 0xff, 0x1d, 0x57,
    0xff, 0x1d, 0x57, 0xff, 0x1d, 0x57, 0xff, 0x1d, 0x57, 0xff, 0x1d, 0x57, 0xff, 0x1d, 0x57, 0x7a,
    0x00, 0x00, 0x00, 0x00, 0x00, 0x00, 0x00, 0x00, 0x00, 0x00, 0x00, 0x00, 0x00, 0x00, 0x00, 0x00,
    0x00, 0x00, 0x00, 0x00, 0x00, 0x00, 0x00, 0x00, 0x00, 0x00, 0x00, 0x00, 0x00, 0x00, 0x00, 0x00,
    0x00, 0x00, 0x00, 0x00, 0x00, 0x00, 0x00, 0x00, 0x00, 0x00, 0x00, 0x00, 0x00, 0x00, 0x00, 0x00,
    0x00, 0x00, 0x00, 0x00, 0x00, 0x00, 0x00, 0x00, 0x00, 0x00, 0x00, 0x00, 0x00, 0x00, 0x00, 0x00,
    0x00, 0x00, 0x00, 0x00, 0x00, 0x00, 0x00, 0x00, 0x00, 0x00, 0x00, 0x00, 0x00, 0x00, 0x00, 0x00,
    0x00, 0x00, 0x00, 0x00, 0x00, 0x00, 0x00, 0x00, 0x00, 0x00, 0x00, 0x00, 0x00, 0x00, 0x00, 0x00,
    0x00, 0x00, 0x00, 0x00, 0x00, 0x00, 0x00, 0x00, 0x00, 0x00, 0x00, 0x00, 0x00, 0x00, 0x00, 0x00,
    0x00, 0x00, 0x00, 0x00, 0x00, 0x1c, 0x57, 0x4a, 0x1d, 0x57, 0xff, 0x1d, 0x57, 0xff, 0x1d, 0x57,
    0xff, 0x1d, 0x57, 0xff, 0x1d, 0x57, 0xff, 0x1d, 0x57, 0xff, 0x1d, 0x57, 0xff, 0x1d, 0x57, 0xff,
    0x1d, 0x57, 0xff, 0x1d, 0x57, 0xa3, 0x00, 0x00, 0x00, 0x00, 0x00, 0x00, 0x00, 0x00, 0x00, 0x00,
    0x00, 0x00, 0x00, 0x00, 0x00, 0x00, 0x00, 0x00, 0x00, 0x00, 0x00, 0x00, 0x00, 0x00, 0x00, 0x00,
    0x00, 0x00, 0x00, 0x00, 0x00, 0x00, 0x00, 0x00, 0x00, 0x00, 0x00, 0x00, 0x00, 0x00, 0x00, 0x00,
    0x00, 0x00, 0x00, 0x00, 0x00, 0x00, 0x00, 0x00, 0x00, 0x00, 0x00, 0x00, 0x00, 0x00, 0x00, 0x00,
    0x00, 0x00, 0x00, 0x00, 0x00, 0x00, 0x00, 0x00, 0x00, 0x00, 0x00, 0x00, 0x00, 0x00, 0x00, 0x00,
    0x00, 0x00, 0x00, 0x00, 0x00, 0x00, 0x00, 0x00, 0x00, 0x00, 0x00, 0x00, 0x00, 0x00, 0x00, 0x00,
    0x00, 0x00, 0x00, 0x00, 0x00, 0x00, 0x00, 0x00, 0x00, 0x00, 0x00, 0x00, 0x00, 0x00, 0x00, 0x00,
    0x00, 0x00, 0x00, 0x00, 0x00, 0x00, 0x00, 0x00, 0x00, 0x00, 0x00, 0x1d, 0x57, 0x4b, 0x1d, 0x57,
    0xff, 0x1d, 0x57, 0xff, 0x1d, 0x57, 0xff, 0x1d, 0x57, 0xff, 0x1d, 0x57, 0xff, 0x1d, 0x57, 0xff,
    0x1d, 0x57, 0xff, 0x1d, 0x57, 0xff, 0x1d, 0x57, 0xff, 0x1d, 0x57, 0xac, 0x00, 0x00, 0x00, 0x00,
    0x00, 0x00, 0x00, 0x00, 0x00, 0x00, 0x00, 0x00, 0x00, 0x00, 0x00, 0x00, 0x00, 0x00, 0x00, 0x00,
    0x00, 0x00, 0x00, 0x00, 0x00, 0x00, 0x00, 0x00, 0x00, 0x00, 0x00, 0x00, 0x00, 0x00, 0x00, 0x00,
    0x00, 0x00, 0x00, 0x00, 0x00, 0x00, 0x00, 0x00, 0x00, 0x00, 0x00, 0x00, 0x00, 0x00, 0x00, 0x00,
    0x00, 0x00, 0x00, 0x00, 0x00, 0x00, 0x00, 0x00, 0x00, 0x00, 0x00, 0x00, 0x00, 0x00, 0x00, 0x00,
    0x00, 0x00, 0x00, 0x00, 0x00, 0x00, 0x00, 0x00, 0x00, 0x00, 0x00, 0x00, 0x00, 0x00, 0x00, 0x00,
    0x00, 0x00, 0x00, 0x00, 0x00, 0x00, 0x00, 0x00, 0x00, 0x00, 0x00, 0x00, 0x00, 0x00, 0x00, 0x00,
    0x00, 0x00, 0x00, 0x00, 0x00, 0x00, 0x00, 0x00, 0x00, 0x00, 0x00, 0x00, 0x00, 0x00, 0x00, 0x00,
    0x00, 0x1d, 0x57, 0x4b, 0x1d, 0x57, 0xff, 0x1d, 0x57, 0xff, 0x1d, 0x57, 0xff, 0x1d, 0x57, 0xff,
    0x1d, 0x57, 0xff, 0x1d, 0x57, 0xff, 0x1d, 0x57, 0xff, 0x1d, 0x57, 0xff, 0x1d, 0x57, 0xff, 0x1d,
    0x57, 0x97, 0x00, 0x00, 0x00, 0x00, 0x00, 0x00, 0x00, 0x00, 0x00, 0x00, 0x00, 0x00, 0x00, 0x00,
    0x00, 0x00, 0x00, 0x00, 0x00, 0x00, 0x00, 0x00, 0x00, 0x00, 0x00, 0x00, 0x00, 0x00, 0x00, 0x00,
    0x00, 0x00, 0x00, 0x00, 0x00, 0x00, 0x00, 0x00, 0x00, 0x00, 0x00, 0x00, 0x00, 0x00, 0x00, 0x00,
    0x00, 0x00, 0x00, 0x00, 0x00, 0x00, 0x00, 0x00, 0x00, 0x00, 0x00, 0x00, 0x00, 0x00, 0x00, 0x00,
    0x00, 0x00, 0x00, 0x00, 0x00, 0x00, 0x00, 0x00, 0x00, 0x00, 0x00, 0x00, 0x00, 0x00, 0x00, 0x00,
    0x00, 0x00, 0x00, 0x00, 0x00, 0x00, 0x00, 0x00, 0x00, 0x00, 0x00, 0x00, 0x00, 0x00, 0x00, 0x00,
    0x00, 0x00, 0x00, 0x00, 0x00, 0x00, 0x00, 0x00, 0x00, 0x00, 0x00, 0x00, 0x00, 0x00, 0x00, 0x00,
    0x00, 0x00, 0x00, 0x00, 0x00, 0x00, 0x00, 0x1d, 0x57, 0x55, 0x1d, 0x57, 0xff, 0x1d, 0x57, 0xff,
    0x1d, 0x57, 0xff, 0x1d, 0x57, 0xff, 0x1d, 0x57, 0xff, 0x1d, 0x57, 0xff, 0x1d, 0x57, 0xff, 0x1d,
    0x57, 0xff, 0x1d, 0x57, 0xff, 0x1c, 0x57, 0x81, 0x00, 0x00, 0x00, 0x00, 0x00, 0x00, 0x00, 0x00,
    0x00, 0x00, 0x00, 0x00, 0x00, 0x00, 0x00, 0x00, 0x00, 0x00, 0x00, 0x00, 0x00, 0x00, 0x00, 0x00,
    0x00, 0x00, 0x00, 0x00, 0x00, 0x00, 0x00, 0x00, 0x00, 0x00, 0x00, 0x00, 0x00, 0x00, 0x00, 0x00,
    0x00, 0x00, 0x00, 0x00, 0x00, 0x00, 0x00, 0x00, 0x00, 0x00, 0x00, 0x00, 0x00, 0x00, 0x00, 0x00,
    0x00, 0x00, 0x00, 0x00, 0x00, 0x00, 0x00, 0x00, 0x00, 0x00, 0x00, 0x00, 0x00, 0x00, 0x00, 0x00,
    0x00, 0x00, 0x00, 0x00, 0x00, 0x00, 0x00, 0x00, 0x00, 0x00, 0x00, 0x00, 0x00, 0x00, 0x00, 0x00,
    0x00, 0x00, 0x00, 0x00, 0x00, 0x00, 0x00, 0x00, 0x00, 0x00, 0x00, 0x00, 0x00, 0x00, 0x00, 0x00,
    0x00, 0x00, 0x00, 0x00, 0x00, 0x00, 0x00, 0x00, 0x00, 0x00, 0x00, 0x00, 0x00, 0x1d, 0x57, 0x76,
    0x1d, 0x57, 0xff, 0x1d, 0x57, 0xff, 0x1d, 0x57, 0xff, 0x1d, 0x57, 0xff, 0x1d, 0x57, 0xff, 0x1d,
    0x57, 0xff, 0x1d, 0x57, 0xff, 0x1d, 0x57, 0xff, 0x1d, 0x57, 0xff, 0x1d, 0x57, 0x54, 0x00, 0x00,
    0x00, 0x00, 0x00, 0x00, 0x00, 0x00, 0x00, 0x00, 0x00, 0x00, 0x00, 0x00, 0x00, 0x00, 0x00, 0x00,
    0x00, 0x00, 0x00, 0x00, 0x00, 0x00, 0x00, 0x00, 0x00, 0x00, 0x00, 0x00, 0x00, 0x00, 0x00, 0x00,
    0x00, 0x00, 0x00, 0x00, 0x00, 0x00, 0x00, 0x00, 0x00, 0x00, 0x00, 0x00, 0x00, 0x00, 0x00, 0x00,
    0x00, 0x00, 0x00, 0x00, 0x00, 0x00, 0x00, 0x00, 0x00, 0x00, 0x00, 0x00, 0x00, 0x00, 0x00, 0x00,
    0x00, 0x00, 0x00, 0x00, 0x00, 0x00, 0x00, 0x00, 0x00, 0x00, 0x00, 0x00, 0x00, 0x00, 0x00, 0x00,
    0x00, 0x00, 0x00, 0x00, 0x00, 0x00, 0x00, 0x00, 0x00, 0x00, 0x00, 0x00, 0x00, 0x00, 0x00, 0x00,
    0x00, 0x00, 0x00, 0x00, 0x00, 0x00, 0x00, 0x00, 0x00, 0x00, 0x00, 0x00, 0x00, 0x00, 0x00, 0x00,
    0x00, 0x00, 0x00, 0x1d, 0x57, 0xc1, 0x1d, 0x57, 0xff, 0x1d, 0x57, 0xff, 0x1d, 0x57, 0xff, 0x1d,
    0x57, 0xff, 0x1d, 0x57, 0xff, 0x1d, 0x57, 0xff, 0x1d, 0x57, 0xff, 0x1d, 0x57, 0xff, 0x1d, 0x57,
    0xff, 0x3c, 0x5f, 0x1b, 0x00, 0x00, 0x00, 0x00, 0x00, 0x00, 0x00, 0x00, 0x00, 0x00, 0x00, 0x00,
    0x00, 0x00, 0x00, 0x00, 0x00, 0x00, 0x00, 0x00, 0x00, 0x00, 0x00, 0x00, 0x00, 0x00, 0x00, 0x00,
    0x00, 0x00, 0x00, 0x00, 0x00, 0x00, 0x00, 0x00, 0x00, 0x00, 0x00, 0x00, 0x00, 0x00, 0x00, 0x00,
    0x00, 0x00, 0x00, 0x00, 0x00, 0x00, 0x00, 0x00, 0x00, 0x00, 0x00, 0x00, 0x00, 0x00, 0x00, 0x00,
    0x00, 0x00, 0x00, 0x00, 0x00, 0x00, 0x00, 0x00, 0x00, 0x00, 0x00, 0x00, 0x00, 0x00, 0x00, 0x00,
    0x00, 0x00, 0x00, 0x00, 0x00, 0x00, 0x00, 0x00, 0x00, 0x00, 0x00, 0x00, 0x00, 0x00, 0x00, 0x00,
    0x00, 0x00, 0x00, 0x00, 0x00, 0x00, 0x00, 0x00, 0x00, 0x00, 0x00, 0x00, 0x00, 0x00, 0x00, 0x00,
    0x00, 0x00, 0x00, 0x00, 0x00, 0x00, 0x1d, 0x57, 0x4f, 0x1d, 0x57, 0xff, 0x1d, 0x57, 0xff, 0x1d,
    0x57, 0xff, 0x1d, 0x57, 0xff, 0x1d, 0x57, 0xff, 0x1d, 0x57, 0xff, 0x1d, 0x57, 0xff, 0x1d, 0x57,
    0xff, 0x1d, 0x57, 0xff, 0x1d, 0x57, 0xe5, 0x3d, 0x57, 0x13, 0xfd, 0x5e, 0x15, 0xfd, 0x56, 0x16,
    0x1c, 0x5f, 0x18, 0x3c, 0x57, 0x1a, 0x3c, 0x5f, 0x1b, 0xfd, 0x56, 0x1d, 0xfd, 0x5e, 0x1e, 0x1d,
    0x57, 0x20, 0x1c, 0x57, 0x22, 0x3c, 0x57, 0x23, 0x3c, 0x57, 0x25, 0xfd, 0x56, 0x26, 0xfd, 0x5e,
    0x15, 0x00, 0x00, 0x00, 0x00, 0x00, 0x00, 0x00, 0x00, 0x00, 0x00, 0x00, 0x00, 0x00, 0x00, 0x00,
    0x00, 0x00, 0x00, 0x00, 0x00, 0x00, 0x00, 0x00, 0x00, 0x00, 0x00, 0x00, 0x00, 0x00, 0x00, 0x00,
    0x00, 0x00, 0x00, 0x00, 0x00, 0x00, 0x00, 0x00, 0x00, 0x00, 0x00, 0x00, 0x00, 0x00, 0x00, 0x00,
    0x00, 0x00, 0x00, 0x00, 0x00, 0x00, 0x00, 0x00, 0x00, 0x00, 0x00, 0x00, 0x00, 0x00, 0x00, 0x00,
    0x00, 0x00, 0x00, 0x00, 0x00, 0x00, 0x00, 0x00, 0x00, 0x1c, 0x4f, 0x11, 0x1d, 0x57, 0xe6, 0x1d,
    0x57, 0xff, 0x1d, 0x57, 0xff, 0x1d, 0x57, 0xff, 0x1d, 0x57, 0xff, 0x1d, 0x57, 0xff, 0x1d, 0x57,
    0xff, 0x1d, 0x57, 0xff, 0x1d, 0x57, 0xff, 0x1d, 0x57, 0xff, 0x1d, 0x57, 0xff, 0x1d, 0x57, 0xff,
    0x1d, 0x57, 0xff, 0x1d, 0x57, 0xff, 0x1d, 0x57, 0xff, 0x1d, 0x57, 0xff, 0x1d, 0x57, 0xff, 0x1d,
    0x57, 0xff, 0x1d, 0x57, 0xff, 0x1d, 0x57, 0xff, 0x1d, 0x57, 0xff, 0x1d, 0x57, 0xff, 0x1d, 0x57,
    0xff, 0x1d, 0x57, 0xff, 0x1d, 0x57, 0xff, 0x1d, 0x57, 0xd8, 0x1c, 0x57, 0x4a, 0x00, 0x00, 0x00,
    0x00, 0x00, 0x00, 0x00, 0x00, 0x00, 0x00, 0x00, 0x00, 0x00, 0x00, 0x00, 0x00, 0x00, 0x00, 0x00,
    0x00, 0x00, 0x00, 0x00, 0x00, 0x00, 0x00, 0x00, 0x00, 0x00, 0x00, 0x00, 0x00, 0x00, 0x00, 0x00,
    0x00, 0x00, 0x00, 0x00, 0x00, 0x00, 0x00, 0x00, 0x00, 0x00, 0x00, 0x00, 0x00, 0x00, 0x00, 0x00,
    0x00, 0x00, 0x00, 0x00, 0x00, 0x00, 0x00, 0x00, 0x00, 0x00, 0x00, 0x00, 0x3c, 0x57, 0x25, 0x1d,
    0x57, 0xcf, 0x1d, 0x57, 0xff, 0x1d, 0x57, 0xff, 0x1d, 0x57, 0xff, 0x1d, 0x57, 0xff, 0x1d, 0x57,
    0xff, 0x1d, 0x57, 0xff, 0x1d, 0x57, 0xff, 0x1d, 0x57, 0xff, 0x1d, 0x57, 0xff, 0x1d, 0x57, 0xff,
    0x1d, 0x57, 0xff, 0x1d, 0x57, 0xff, 0x1d, 0x57, 0xff, 0x1d, 0x57, 0xff, 0x1d, 0x57, 0xff, 0x1d,
    0x57, 0xff, 0x1d, 0x57, 0xff, 0x1d, 0x57, 0xff, 0x1d, 0x57, 0xff, 0x1d, 0x57, 0xff, 0x1d, 0x57,
    0xff, 0x1d, 0x57, 0xff, 0x1d, 0x57, 0xff, 0x1d, 0x57, 0xff, 0x1d, 0x57, 0xff, 0x1d, 0x57, 0xff,
    0x1d, 0x57, 0xfe, 0x1d, 0x57, 0x79, 0x00, 0x00, 0x00, 0x00, 0x00, 0x00, 0x00, 0x00, 0x00, 0x00,
    0x00, 0x00, 0x00, 0x00, 0x00, 0x00, 0x00, 0x00, 0x00, 0x00, 0x00, 0x00, 0x00, 0x00, 0x00, 0x00,
    0x00, 0x00, 0x00, 0x00, 0x00, 0x00, 0x00, 0x00, 0x00, 0x00, 0x00, 0x00, 0x00, 0x00, 0x00, 0x00,
    0x00, 0x00, 0x00, 0x00, 0x00, 0x00, 0x00, 0x00, 0x00, 0x00, 0x00, 0x00, 0x3c, 0x5f, 0x09, 0x1d,
    0x57, 0x67, 0x1d, 0x57, 0xf2, 0x1d, 0x57, 0xff, 0x1d, 0x57, 0xff, 0x1d, 0x57, 0xff, 0x1d, 0x57,
    0xff, 0x1d, 0x57, 0xff, 0x1d, 0x57, 0xff, 0x1d, 0x57, 0xff, 0x1d, 0x57, 0xff, 0x1d, 0x57, 0xff,
    0x1d, 0x57, 0xff, 0x1d, 0x57, 0xff, 0x1d, 0x57, 0xff, 0x1d, 0x57, 0xff, 0x1d, 0x57, 0xff, 0x1d,
    0x57, 0xff, 0x1d, 0x57, 0xff, 0x1d, 0x57, 0xff, 0x1d, 0x57, 0xff, 0x1d, 0x57, 0xff, 0x1d, 0x57,
    0xff, 0x1d, 0x57, 0xff, 0x1d, 0x57, 0xff, 0x1d, 0x57, 0xff, 0x1d, 0x57, 0xff, 0x1d, 0x57, 0xff,
    0x1d, 0x57, 0xff, 0x1d, 0x57, 0xff, 0x1d, 0x57, 0xff, 0x1d, 0x57, 0xfd, 0x1d, 0x57, 0x29, 0x00,
    0x00, 0x00, 0x00, 0x00, 0x00, 0x00, 0x00, 0x00, 0x00, 0x00, 0x00, 0x00, 0x00, 0x00, 0x00, 0x00,
    0x00, 0x00, 0x00, 0x00, 0x1d, 0x57, 0x17, 0x1d, 0x57, 0x83, 0x1c, 0x57, 0xaf, 0x1d, 0x57, 0xb1,
    0x1d, 0x57, 0xae, 0x1c, 0x57, 0x40, 0x00, 0x00, 0x00, 0x00, 0x00, 0x00, 0x1c, 0x57, 0x51, 0x1d,
    0x57, 0xbd, 0x1d, 0x57, 0xf2, 0x1d, 0x57, 0xff, 0x1d, 0x57, 0xff, 0x1d, 0x57, 0xff, 0x1d, 0x57,
    0xff, 0x1d, 0x57, 0xff, 0x1d, 0x57, 0xff, 0x1d, 0x57, 0xff, 0x1d, 0x57, 0xff, 0x1d, 0x57, 0xff,
    0x1d, 0x57, 0xff, 0x1d, 0x57, 0xff, 0x1d, 0x57, 0xff, 0x1d, 0x57, 0xff, 0x1d, 0x57, 0xff, 0x1d,
    0x57, 0xff, 0x1d, 0x57, 0xff, 0x1d, 0x57, 0xff, 0x1d, 0x57, 0xff, 0x1d, 0x57, 0xff, 0x1d, 0x57,
    0xff, 0x1d, 0x57, 0xff, 0x1d, 0x57, 0xff, 0x1d, 0x57, 0xff, 0x1d, 0x57, 0xff, 0x1d, 0x57, 0xff,
    0x1d, 0x57, 0xff, 0x1d, 0x57, 0xff, 0x1d, 0x57, 0xff, 0x1d, 0x57, 0xff, 0x1d, 0x57, 0xff, 0x1d,
    0x57, 0xff, 0x1d, 0x57, 0xa1, 0x00, 0x00, 0x00, 0x00, 0x00, 0x00, 0x00, 0x00, 0x00, 0x00, 0x00,
    0x00, 0x00, 0x00, 0x00, 0x00, 0x00, 0x00, 0x1d, 0x57, 0x20, 0x1d, 0x57, 0xeb, 0x1d, 0x57, 0xff,
    0x1d, 0x57, 0xff, 0x1d, 0x57, 0xff, 0x1d, 0x57, 0xff, 0x1d, 0x57, 0x60, 0x00, 0x00, 0x00, 0x00,
    0x00, 0x00, 0x1c, 0x57, 0x80, 0x1d, 0x57, 0xff, 0x1d, 0x57, 0xff, 0x1d, 0x57, 0xff, 0x1d, 0x57,
    0xff, 0x1d, 0x57, 0xff, 0x1d, 0x57, 0xff, 0x1d, 0x57, 0xff, 0x1d, 0x57, 0xff, 0x1d, 0x57, 0xff,
    0x1d, 0x57, 0xff, 0x1d, 0x57, 0xff, 0x1d, 0x57, 0xff, 0x1d, 0x57, 0xff, 0x1d, 0x57, 0xff, 0x1d,
    0x57, 0xff, 0x1d, 0x57, 0xff, 0x1d, 0x57, 0xff, 0x1d, 0x57, 0xff, 0x1d, 0x57, 0xff, 0x1d, 0x57,
    0xff, 0x1d, 0x57, 0xff, 0x1d, 0x57, 0xff, 0x1d, 0x57, 0xff, 0x1d, 0x57, 0xff, 0x1d, 0x57, 0xff,
    0x1d, 0x57, 0xff, 0x1d, 0x57, 0xff, 0x1d, 0x57, 0xff, 0x1d, 0x57, 0xff, 0x1d, 0x57, 0xff, 0x1d,
    0x57, 0xff, 0x1d, 0x57, 0xff, 0x1d, 0x57, 0xff, 0x1c, 0x57, 0xd5, 0x00, 0x00, 0x00, 0x00, 0x00,
    0x00, 0x00, 0x00, 0x00, 0x00, 0x00, 0x00, 0x00, 0x00, 0x00, 0x00, 0x00, 0x00, 0x1d, 0x57, 0xa2,
    0x1d, 0x57, 0xff, 0x1d, 0x57, 0xff, 0x1d, 0x57, 0xff, 0x1d, 0x57, 0xff, 0x1d, 0x57, 0xff, 0x1d,
    0x57, 0x60, 0x00, 0x00, 0x00, 0x00, 0x00, 0x00, 0x1c, 0x57, 0x80, 0x1d, 0x57, 0xff, 0x1d, 0x57,
    0xff, 0x1d, 0x57, 0xff, 0x1d, 0x57, 0xff, 0x1d, 0x57, 0xff, 0x1d, 0x57, 0xff, 0x1d, 0x57, 0xff,
    0x1d, 0x57, 0xff, 0x1d, 0x57, 0xff, 0x1d, 0x57, 0xff, 0x1d, 0x57, 0xff, 0x1d, 0x57, 0xff, 0x1d,
    0x57, 0xff, 0x1d, 0x57, 0xff, 0x1d, 0x57, 0xff, 0x1d, 0x57, 0xff, 0x1d, 0x57, 0xff, 0x1d, 0x57,
    0xff, 0x1d, 0x57, 0xff, 0x1d, 0x57, 0xff, 0x1d, 0x57, 0xff, 0x1d, 0x57, 0xff, 0x1d, 0x57, 0xff,
    0x1d, 0x57, 0xff, 0x1d, 0x57, 0xff, 0x1d, 0x57, 0xff, 0x1d, 0x57, 0xff, 0x1d, 0x57, 0xff, 0x1d,
    0x57, 0xff, 0x1d, 0x57, 0xff, 0x1d, 0x57, 0xff, 0x1d, 0x57, 0xff, 0x1d, 0x57, 0xff, 0x1d, 0x57,
    0xce, 0x00, 0x00, 0x00, 0x00, 0x00, 0x00, 0x00, 0x00, 0x00, 0x00, 0x00, 0x00, 0x00, 0x00, 0x00,
    0x00, 0x00, 0x00, 0x1d, 0x57, 0xd7, 0x1d, 0x57, 0xff, 0x1d, 0x57, 0xff, 0x1d, 0x57, 0xff, 0x1d,
    0x57, 0xff, 0x1d, 0x57, 0xff, 0x1d, 0x57, 0x60, 0x00, 0x00, 0x00, 0x00, 0x00, 0x00, 0x1c, 0x57,
    0x80, 0x1d, 0x57, 0xff, 0x1d, 0x57, 0xff, 0x1d, 0x57, 0xff, 0x1d, 0x57, 0xff, 0x1d, 0x57, 0xff,
    0x1d, 0x57, 0xff, 0x1d, 0x57, 0xff, 0x1d, 0x57, 0xff, 0x1d, 0x57, 0xff, 0x1d, 0x57, 0xff, 0x1d,
    0x57, 0xff, 0x1d, 0x57, 0xff, 0x1d, 0x57, 0xff, 0x1d, 0x57, 0xff, 0x1d, 0x57, 0xff, 0x1d, 0x57,
    0xff, 0x1d, 0x57, 0xff, 0x1d, 0x57, 0xff, 0x1d, 0x57, 0xff, 0x1d, 0x57, 0xff, 0x1d, 0x57, 0xff,
    0x1d, 0x57, 0xff, 0x1d, 0x57, 0xff, 0x1d, 0x57, 0xff, 0x1d, 0x57, 0xff, 0x1d, 0x57, 0xff, 0x1d,
    0x57, 0xff, 0x1d, 0x57, 0xff, 0x1d, 0x57, 0xff, 0x1d, 0x57, 0xff, 0x1d, 0x57, 0xff, 0x1d, 0x57,
    0xff, 0x1d, 0x57, 0xff, 0x1c, 0x57, 0xa6, 0x00, 0x00, 0x00, 0x00, 0x00, 0x00, 0x00, 0x00, 0x00,
    0x00, 0x00, 0x00, 0x00, 0x00, 0x00, 0x00, 0x00, 0x00, 0x1d, 0x57, 0xe0, 0x1d, 0x57, 0xff, 0x1d,
    0x57, 0xff, 0x1d, 0x57, 0xff, 0x1d, 0x57, 0xff, 0x1d, 0x57, 0xff, 0x1d, 0x57, 0x60, 0x00, 0x00,
    0x00, 0x00, 0x00, 0x00, 0x1c, 0x57, 0x80, 0x1d, 0x57, 0xff, 0x1d, 0x57, 0xff, 0x1d, 0x57, 0xff,
    0x1d, 0x57, 0xff, 0x1d, 0x57, 0xff, 0x1d, 0x57, 0xff, 0x1d, 0x57, 0xff, 0x1d, 0x57, 0xff, 0x1d,
    0x57, 0xff, 0x1d, 0x57, 0xff, 0x1d, 0x57, 0xff, 0x1d, 0x57, 0xff, 0x1d, 0x57, 0xff, 0x1d, 0x57,
    0xff, 0x1d, 0x57, 0xff, 0x1d, 0x57, 0xff, 0x1d, 0x57, 0xff, 0x1d, 0x57, 0xff, 0x1d, 0x57, 0xff,
    0x1d, 0x57, 0xff, 0x1d, 0x57, 0xff, 0x1d, 0x57, 0xff, 0x1d, 0x57, 0xff, 0x1d, 0x57, 0xff, 0x1d,
    0x57, 0xff, 0x1d, 0x57, 0xff, 0x1d, 0x57, 0xff, 0x1d, 0x57, 0xff, 0x1d, 0x57, 0xff, 0x1d, 0x57,
    0xff, 0x1d, 0x57, 0xff, 0x1d, 0x57, 0xff, 0x1d, 0x57, 0xff, 0x1d, 0x57, 0x76, 0x00, 0x00, 0x00,
    0x00, 0x00, 0x00, 0x00, 0x00, 0x00, 0x00, 0x00, 0x00, 0x00, 0x00, 0x00, 0x00, 0x00, 0x00, 0x1d,
    0x57, 0xe0, 0x1d, 0x57, 0xff, 0x1d, 0x57, 0xff, 0x1d, 0x57, 0xff, 0x1d, 0x57, 0xff, 0x1d, 0x57,
    0xff, 0x1d, 0x57, 0x60, 0x00, 0x00, 0x00, 0x00, 0x00, 0x00, 0x1c, 0x57, 0x80, 0x1d, 0x57, 0xff,
    0x1d, 0x57, 0xff, 0x1d, 0x57, 0xff, 0x1d, 0x57, 0xff, 0x1d, 0x57, 0xff, 0x1d, 0x57, 0xff, 0x1d,
    0x57, 0xff, 0x1d, 0x57, 0xff, 0x1d, 0x57, 0xff, 0x1d, 0x57, 0xff, 0x1d, 0x57, 0xff, 0x1d, 0x57,
    0xff, 0x1d, 0x57, 0xff, 0x1d, 0x57, 0xff, 0x1d, 0x57, 0xff, 0x1d, 0x57, 0xff, 0x1d, 0x57, 0xff,
    0x1d, 0x57, 0xff, 0x1d, 0x57, 0xff, 0x1d, 0x57, 0xff, 0x1d, 0x57, 0xff, 0x1d, 0x57, 0xff, 0x1d,
    0x57, 0xff, 0x1d, 0x57, 0xff, 0x1d, 0x57, 0xff, 0x1d, 0x57, 0xff, 0x1d, 0x57, 0xff, 0x1d, 0x57,
    0xff, 0x1d, 0x57, 0xff, 0x1d, 0x57, 0xff, 0x1d, 0x57, 0xff, 0x1d, 0x57, 0xff, 0x1d, 0x57, 0xff,
    0x1d, 0x57, 0x45, 0x00, 0x00, 0x00, 0x00, 0x00, 0x00, 0x00, 0x00, 0x00, 0x00, 0x00, 0x00, 0x00,
    0x00, 0x00, 0x00, 0x00, 0x00, 0x1d, 0x57, 0xe0, 0x1d, 0x57, 0xff, 0x1d, 0x57, 0xff, 0x1d, 0x57,
    0xff, 0x1d, 0x57, 0xff, 0x1d, 0x57, 0xff, 0x1d, 0x57, 0x60, 0x00, 0x00, 0x00, 0x00, 0x00, 0x00,
    0x1c, 0x57, 0x80, 0x1d, 0x57, 0xff, 0x1d, 0x57, 0xff, 0x1d, 0x57, 0xff, 0x1d, 0x57, 0xff, 0x1d,
    0x57, 0xff, 0x1d, 0x57, 0xff, 0x1d, 0x57, 0xff, 0x1d, 0x57, 0xff, 0x1d, 0x57, 0xff, 0x1d, 0x57,
    0xff, 0x1d, 0x57, 0xff, 0x1d, 0x57, 0xff, 0x1d, 0x57, 0xff, 0x1d, 0x57, 0xff, 0x1d, 0x57, 0xff,
    0x1d, 0x57, 0xff, 0x1d, 0x57, 0xff, 0x1d, 0x57, 0xff, 0x1d, 0x57, 0xff, 0x1d, 0x57, 0xff, 0x1d,
    0x57, 0xff, 0x1d, 0x57, 0xff, 0x1d, 0x57, 0xff, 0x1d, 0x57, 0xff, 0x1d, 0x57, 0xff, 0x1d, 0x57,
    0xff, 0x1d, 0x57, 0xff, 0x1d, 0x57, 0xff, 0x1d, 0x57, 0xff, 0x1d, 0x57, 0xff, 0x1d, 0x57, 0xff,
    0x1d, 0x57, 0xff, 0x1d, 0x57, 0xff, 0xfd, 0x5e, 0x15, 0x00, 0x00, 0x00, 0x00, 0x00, 0x00, 0x00,
    0x00, 0x00, 0x00, 0x00, 0x00, 0x00, 0x00, 0x00, 0x00, 0x00, 0x00, 0x1d, 0x57, 0xe0, 0x1d, 0x57,
    0xff, 0x1d, 0x57, 0xff, 0x1d, 0x57, 0xff, 0x1d, 0x57, 0xff, 0x1d, 0x57, 0xff, 0x1d, 0x57, 0x60,
    0x00, 0x00, 0x00, 0x00, 0x00, 0x00, 0x1c, 0x57, 0x80, 0x1d, 0x57, 0xff, 0x1d, 0x57, 0xff, 0x1d,
    0x57, 0xff, 0x1d, 0x57, 0xff, 0x1d, 0x57, 0xff, 0x1d, 0x57, 0xff, 0x1d, 0x57, 0xff, 0x1d, 0x57,
    0xff, 0x1d, 0x57, 0xff, 0x1d, 0x57, 0xff, 0x1d, 0x57, 0xff, 0x1d, 0x57, 0xff, 0x1d, 0x57, 0xff,
    0x1d, 0x57, 0xff, 0x1d, 0x57, 0xff, 0x1d, 0x57, 0xff, 0x1d, 0x57, 0xff, 0x1d, 0x57, 0xff, 0x1d,
    0x57, 0xff, 0x1d, 0x57, 0xff, 0x1d, 0x57, 0xff, 0x1d, 0x57, 0xff, 0x1d, 0x57, 0xff, 0x1d, 0x57,
    0xff, 0x1d, 0x57, 0xff, 0x1d, 0x57, 0xff, 0x1d, 0x57, 0xff, 0x1d, 0x57, 0xff, 0x1d, 0x57, 0xff,
    0x1d, 0x57, 0xff, 0x1d, 0x57, 0xff, 0x1d, 0x57, 0xff, 0x1d, 0x57, 0xe4, 0x00, 0x00, 0x00, 0x00,
    0x00, 0x00, 0x00, 0x00, 0x00, 0x00, 0x00, 0x00, 0x00, 0x00, 0x00, 0x00, 0x00, 0x00, 0x00, 0x00,
    0x00, 0x1d, 0x57, 0xe0, 0x1d, 0x57, 0xff, 0x1d, 0x57, 0xff, 0x1d, 0x57, 0xff, 0x1d, 0x57, 0xff,
    0x1d, 0x57, 0xff, 0x1d, 0x57, 0x60, 0x00, 0x00, 0x00, 0x00, 0x00, 0x00, 0x1c, 0x57, 0x80, 0x1d,
    0x57, 0xff, 0x1d, 0x57, 0xff, 0x1d, 0x57, 0xff, 0x1d, 0x57, 0xff, 0x1d, 0x57, 0xff, 0x1d, 0x57,
    0xff, 0x1d, 0x57, 0xff, 0x1d, 0x57, 0xff, 0x1d, 0x57, 0xff, 0x1d, 0x57, 0xff, 0x1d, 0x57, 0xff,
    0x1d, 0x57, 0xff, 0x1d, 0x57, 0xff, 0x1d, 0x57, 0xff, 0x1d, 0x57, 0xff, 0x1d, 0x57, 0xff, 0x1d,
    0x57, 0xff, 0x1d, 0x57, 0xff, 0x1d, 0x57, 0xff, 0x1d, 0x57, 0xff, 0x1d, 0x57, 0xff, 0x1d, 0x57,
    0xff, 0x1d, 0x57, 0xff, 0x1d, 0x57, 0xff, 0x1d, 0x57, 0xff, 0x1d, 0x57, 0xff, 0x1d, 0x57, 0xff,
    0x1d, 0x57, 0xff, 0x1d, 0x57, 0xff, 0x1d, 0x57, 0xff, 0x1d, 0x57, 0xff, 0x1d, 0x57, 0xff, 0x1d,
    0x57, 0xb4, 0x00, 0x00, 0x00, 0x00, 0x00, 0x00, 0x00, 0x00, 0x00, 0x00, 0x00, 0x00, 0x00, 0x00,
    0x00, 0x00, 0x00, 0x00, 0x00, 0x00, 0x00, 0x1d, 0x57, 0xe0, 0x1d, 0x57, 0xff, 0x1d, 0x57, 0xff,
    0x1d, 0x57, 0xff, 0x1d, 0x57, 0xff, 0x1d, 0x57, 0xff, 0x1d, 0x57, 0x60, 0x00, 0x00, 0x00, 0x00,
    0x00, 0x00, 0x1c, 0x57, 0x80, 0x1d, 0x57, 0xff, 0x1d, 0x57, 0xff, 0x1d, 0x57, 0xff, 0x1d, 0x57,
    0xff, 0x1d, 0x57, 0xff, 0x1d, 0x57, 0xff, 0x1d, 0x57, 0xff, 0x1d, 0x57, 0xff, 0x1d, 0x57, 0xff,
    0x1d, 0x57, 0xff, 0x1d, 0x57, 0xff, 0x1d, 0x57, 0xff, 0x1d, 0x57, 0xff, 0x1d, 0x57, 0xff, 0x1d,
    0x57, 0xff, 0x1d, 0x57, 0xff, 0x1d, 0x57, 0xff, 0x1d, 0x57, 0xff, 0x1d, 0x57, 0xff, 0x1d, 0x57,
    0xff, 0x1d, 0x57, 0xff, 0x1d, 0x57, 0xff, 0x1d, 0x57, 0xff, 0x1d, 0x57, 0xff, 0x1d, 0x57, 0xff,
    0x1d, 0x57, 0xff, 0x1d, 0x57, 0xff, 0x1d, 0x57, 0xff, 0x1d, 0x57, 0xff, 0x1d, 0x57, 0xff, 0x1d,
    0x57, 0xff, 0x1d, 0x57, 0xff, 0x1d, 0x57, 0x83, 0x00, 0x00, 0x00, 0x00, 0x00, 0x00, 0x00, 0x00,
    0x00, 0x00, 0x00, 0x00, 0x00, 0x00, 0x00, 0x00, 0x00, 0x00, 0x00, 0x00, 0x00, 0x1d, 0x57, 0xe0,
    0x1d, 0x57, 0xff, 0x1d, 0x57, 0xff, 0x1d, 0x57, 0xff, 0x1d, 0x57, 0xff, 0x1d, 0x57, 0xff, 0x1d,
    0x57, 0x60, 0x00, 0x00, 0x00, 0x00, 0x00, 0x00, 0x1c, 0x57, 0x80, 0x1d, 0x57, 0xff, 0x1d, 0x57,
    0xff, 0x1d, 0x57, 0xff, 0x1d, 0x57, 0xff, 0x1d, 0x57, 0xff, 0x1d, 0x57, 0xff, 0x1d, 0x57, 0xff,
    0x1d, 0x57, 0xff, 0x1d, 0x57, 0xff, 0x1d, 0x57, 0xff, 0x1d, 0x57, 0xff, 0x1d, 0x57, 0xff, 0x1d,
    0x57, 0xff, 0x1d, 0x57, 0xff, 0x1d, 0x57, 0xff, 0x1d, 0x57, 0xff, 0x1d, 0x57, 0xff, 0x1d, 0x57,
    0xff, 0x1d, 0x57, 0xff, 0x1d, 0x57, 0xff, 0x1d, 0x57, 0xff, 0x1d, 0x57, 0xff, 0x1d, 0x57, 0xff,
    0x1d, 0x57, 0xff, 0x1d, 0x57, 0xff, 0x1d, 0x57, 0xff, 0x1d, 0x57, 0xff, 0x1d, 0x57, 0xff, 0x1d,
    0x57, 0xff, 0x1d, 0x57, 0xff, 0x1d, 0x57, 0xff, 0x1d, 0x57, 0xff, 0x1c, 0x57, 0x53, 0x00, 0x00,
    0x00, 0x00, 0x00, 0x00, 0x00, 0x00, 0x00, 0x00, 0x00, 0x00, 0x00, 0x00, 0x00, 0x00, 0x00, 0x00,
    0x00, 0x00, 0x00, 0x1d, 0x57, 0xe0, 0x1d, 0x57, 0xff, 0x1d, 0x57, 0xff, 0x1d, 0x57, 0xff, 0x1d,
    0x57, 0xff, 0x1d, 0x57, 0xff, 0x1d, 0x57, 0x60, 0x00, 0x00, 0x00, 0x00, 0x00, 0x00, 0x1c, 0x57,
    0x80, 0x1d, 0x57, 0xff, 0x1d, 0x57, 0xff, 0x1d, 0x57, 0xff, 0x1d, 0x57, 0xff, 0x1d, 0x57, 0xff,
    0x1d, 0x57, 0xff, 0x1d, 0x57, 0xff, 0x1d, 0x57, 0xff, 0x1d, 0x57, 0xff, 0x1d, 0x57, 0xff, 0x1d,
    0x57, 0xff, 0x1d, 0x57, 0xff, 0x1d, 0x57, 0xff, 0x1d, 0x57, 0xff, 0x1d, 0x57, 0xff, 0x1d, 0x57,
    0xff, 0x1d, 0x57, 0xff, 0x1d, 0x57, 0xff, 0x1d, 0x57, 0xff, 0x1d, 0x57, 0xff, 0x1d, 0x57, 0xff,
    0x1d, 0x57, 0xff, 0x1d, 0x57, 0xff, 0x1d, 0x57, 0xff, 0x1d, 0x57, 0xff, 0x1d, 0x57, 0xff, 0x1d,
    0x57, 0xff, 0x1d, 0x57, 0xff, 0x1d, 0x57, 0xff, 0x1d, 0x57, 0xff, 0x1d, 0x57, 0xff, 0x1d, 0x57,
    0xff, 0x1c, 0x57, 0x22, 0x00, 0x00, 0x00, 0x00, 0x00, 0x00, 0x00, 0x00, 0x00, 0x00, 0x00, 0x00,
    0x00, 0x00, 0x00, 0x00, 0x00, 0x00, 0x00, 0x00, 0x00, 0x1d, 0x57, 0xe0, 0x1d, 0x57, 0xff, 0x1d,
    0x57, 0xff, 0x1d, 0x57, 0xff, 0x1d, 0x57, 0xff, 0x1d, 0x57, 0xff, 0x1d, 0x57, 0x60, 0x00, 0x00,
    0x00, 0x00, 0x00, 0x00, 0x1c, 0x57, 0x80, 0x1d, 0x57, 0xff, 0x1d, 0x57, 0xff, 0x1d, 0x57, 0xff,
    0x1d, 0x57, 0xff, 0x1d, 0x57, 0xff, 0x1d, 0x57, 0xff, 0x1d, 0x57, 0xff, 0x1d, 0x57, 0xff, 0x1d,
    0x57, 0xff, 0x1d, 0x57, 0xff, 0x1d, 0x57, 0xff, 0x1d, 0x57, 0xff, 0x1d, 0x57, 0xff, 0x1d, 0x57,
    0xff, 0x1d, 0x57, 0xff, 0x1d, 0x57, 0xff, 0x1d, 0x57, 0xff, 0x1d, 0x57, 0xff, 0x1d, 0x57, 0xff,
    0x1d, 0x57, 0xff, 0x1d, 0x57, 0xff, 0x1d, 0x57, 0xff, 0x1d, 0x57, 0xff, 0x1d, 0x57, 0xff, 0x1d,
    0x57, 0xff, 0x1d, 0x57, 0xff, 0x1d, 0x57, 0xff, 0x1d, 0x57, 0xff, 0x1d, 0x57, 0xff, 0x1d, 0x57,
    0xff, 0x1d, 0x57, 0xff, 0x1c, 0x57, 0xf1, 0xff, 0x07, 0x01, 0x00, 0x00, 0x00, 0x00, 0x00, 0x00,
    0x00, 0x00, 0x00, 0x00, 0x00, 0x00, 0x00, 0x00, 0x00, 0x00, 0x00, 0x00, 0x00, 0x00, 0x00, 0x1d,
    0x57, 0xe0, 0x1d, 0x57, 0xff, 0x1d, 0x57, 0xff, 0x1d, 0x57, 0xff, 0x1d, 0x57, 0xff, 0x1d, 0x57,
    0xff, 0x1d, 0x57, 0x60, 0x00, 0x00, 0x00, 0x00, 0x00, 0x00, 0x1c, 0x57, 0x80, 0x1d, 0x57, 0xff,
    0x1d, 0x57, 0xff, 0x1d, 0x57, 0xff, 0x1d, 0x57, 0xff, 0x1d, 0x57, 0xff, 0x1d, 0x57, 0xff, 0x1d,
    0x57, 0xff, 0x1d, 0x57, 0xff, 0x1d, 0x57, 0xff, 0x1d, 0x57, 0xff, 0x1d, 0x57, 0xff, 0x1d, 0x57,
    0xff, 0x1d, 0x57, 0xff, 0x1d, 0x57, 0xff, 0x1d, 0x57, 0xff, 0x1d, 0x57, 0xff, 0x1d, 0x57, 0xff,
    0x1d, 0x57, 0xff, 0x1d, 0x57, 0xff, 0x1d, 0x57, 0xff, 0x1d, 0x57, 0xff, 0x1d, 0x57, 0xff, 0x1d,
    0x57, 0xff, 0x1d, 0x57, 0xff, 0x1d, 0x57, 0xff, 0x1d, 0x57, 0xff, 0x1d, 0x57, 0xff, 0x1d, 0x57,
    0xff, 0x1d, 0x57, 0xff, 0x1d, 0x57, 0xff, 0x1d, 0x57, 0xff, 0x1d, 0x57, 0xc1, 0x00, 0x00, 0x00,
    0x00, 0x00, 0x00, 0x00, 0x00, 0x00, 0x00, 0x00, 0x00, 0x00, 0x00, 0x00, 0x00, 0x00, 0x00, 0x00,
    0x00, 0x00, 0x00, 0x00, 0x00, 0x1d, 0x57, 0xe0, 0x1d, 0x57, 0xff, 0x1d, 0x57, 0xff, 0x1d, 0x57,
    0xff, 0x1d, 0x57, 0xff, 0x1d, 0x57, 0xff, 0x1d, 0x57, 0x60, 0x00, 0x00, 0x00, 0x00, 0x00, 0x00,
    0x1c, 0x57, 0x80, 0x1d, 0x57, 0xff, 0x1d, 0x57, 0xff, 0x1d, 0x57, 0xff, 0x1d, 0x57, 0xff, 0x1d,
    0x57, 0xff, 0x1d, 0x57, 0xff, 0x1d, 0x57, 0xff, 0x1d, 0x57, 0xff, 0x1d, 0x57, 0xff, 0x1d, 0x57,
    0xff, 0x1d, 0x57, 0xff, 0x1d, 0x57, 0xff, 0x1d, 0x57, 0xff, 0x1d, 0x57, 0xff, 0x1d, 0x57, 0xff,
    0x1d, 0x57, 0xff, 0x1d, 0x57, 0xff, 0x1d, 0x57, 0xff, 0x1d, 0x57, 0xff, 0x1d, 0x57, 0xff, 0x1d,
    0x57, 0xff, 0x1d, 0x57, 0xff, 0x1d, 0x57, 0xff, 0x1d, 0x57, 0xff, 0x1d, 0x57, 0xff, 0x1d, 0x57,
    0xff, 0x1d, 0x57, 0xff, 0x1d, 0x57, 0xff, 0x1d, 0x57, 0xff, 0x1d, 0x57, 0xff, 0x1d, 0x57, 0xff,
    0x1d, 0x57, 0x91, 0x00, 0x00, 0x00, 0x00, 0x00, 0x00, 0x00, 0x00, 0x00, 0x00, 0x00, 0x00, 0x00,
    0x00, 0x00, 0x00, 0x00, 0x00, 0x00, 0x00, 0x00, 0x00, 0x00, 0x00, 0x1d, 0x57, 0xe0, 0x1d, 0x57,
    0xff, 0x1d, 0x57, 0xff, 0x1d, 0x57, 0xff, 0x1d, 0x57, 0xff, 0x1d, 0x57, 0xff, 0x1d, 0x57, 0x60,
    0x00, 0x00, 0x00, 0x00, 0x00, 0x00, 0x1c, 0x57, 0x80, 0x1d, 0x57, 0xff, 0x1d, 0x57, 0xff, 0x1d,
    0x57, 0xff, 0x1d, 0x57, 0xff, 0x1d, 0x57, 0xff, 0x1d, 0x57, 0xff, 0x1d, 0x57, 0xff, 0x1d, 0x57,
    0xff, 0x1d, 0x57, 0xff, 0x1d, 0x57, 0xff, 0x1d, 0x57, 0xff, 0x1d, 0x57, 0xff, 0x1d, 0x57, 0xff,
    0x1d, 0x57, 0xff, 0x1d, 0x57, 0xff, 0x1d, 0x57, 0xff, 0x1d, 0x57, 0xff, 0x1d, 0x57, 0xff, 0x1d,
    0x57, 0xff, 0x1d, 0x57, 0xff, 0x1d, 0x57, 0xff, 0x1d, 0x57, 0xff, 0x1d, 0x57, 0xff, 0x1d, 0x57,
    0xff, 0x1d, 0x57, 0xff, 0x1d, 0x57, 0xff, 0x1d, 0x57, 0xff, 0x1d, 0x57, 0xff, 0x1d, 0x57, 0xff,
    0x1d, 0x57, 0xff, 0x1d, 0x57, 0xff, 0x1d, 0x57, 0x60, 0x00, 0x00, 0x00, 0x00, 0x00, 0x00, 0x00,
    0x00, 0x00, 0x00, 0x00, 0x00, 0x00, 0x00, 0x00, 0x00, 0x00, 0x00, 0x00, 0x00, 0x00, 0x00, 0x00,
    0x00, 0x1d, 0x57, 0xe0, 0x1d, 0x57, 0xff, 0x1d, 0x57, 0xff, 0x1d, 0x57, 0xff, 0x1d, 0x57, 0xff,
    0x1d, 0x57, 0xff, 0x1d, 0x57, 0x60, 0x00, 0x00, 0x00, 0x00, 0x00, 0x00, 0x1c, 0x57, 0x80, 0x1d,
    0x57, 0xff, 0x1d, 0x57, 0xff, 0x1d, 0x57, 0xff, 0x1d, 0x57, 0xff, 0x1d, 0x57, 0xff, 0x1d, 0x57,
    0xff, 0x1d, 0x57, 0xff, 0x1d, 0x57, 0xff, 0x1d, 0x57, 0xff, 0x1d, 0x57, 0xff, 0x1d, 0x57, 0xff,
    0x1d, 0x57, 0xff, 0x1d, 0x57, 0xff, 0x1d, 0x57, 0xff, 0x1d, 0x57, 0xff, 0x1d, 0x57, 0xff, 0x1d,
    0x57, 0xff, 0x1d, 0x57, 0xff, 0x1d, 0x57, 0xff, 0x1d, 0x57, 0xff, 0x1d, 0x57, 0xff, 0x1d, 0x57,
    0xff, 0x1d, 0x57, 0xff, 0x1d, 0x57, 0xff, 0x1d, 0x57, 0xff, 0x1d, 0x57, 0xff, 0x1d, 0x57, 0xff,
    0x1d, 0x57, 0xff, 0x1d, 0x57, 0xff, 0x1d, 0x57, 0xff, 0x1d, 0x57, 0xff, 0x1d, 0x57, 0x30, 0x00,
    0x00, 0x00, 0x00, 0x00, 0x00, 0x00, 0x00, 0x00, 0x00, 0x00, 0x00, 0x00, 0x00, 0x00, 0x00, 0x00,
    0x00, 0x00, 0x00, 0x00, 0x00, 0x00, 0x00, 0x1d, 0x57, 0xe0, 0x1d, 0x57, 0xff, 0x1d, 0x57, 0xff,
    0x1d, 0x57, 0xff, 0x1d, 0x57, 0xff, 0x1d, 0x57, 0xff, 0x1d, 0x57, 0x60, 0x00, 0x00, 0x00, 0x00,
    0x00, 0x00, 0x1c, 0x57, 0x80, 0x1d, 0x57, 0xff, 0x1d, 0x57, 0xff, 0x1d, 0x57, 0xff, 0x1d, 0x57,
    0xff, 0x1d, 0x57, 0xff, 0x1d, 0x57, 0xff, 0x1d, 0x57, 0xff, 0x1d, 0x57, 0xff, 0x1d, 0x57, 0xff,
    0x1d, 0x57, 0xff, 0x1d, 0x57, 0xff, 0x1d, 0x57, 0xff, 0x1d, 0x57, 0xff, 0x1d, 0x57, 0xff, 0x1d,
    0x57, 0xff, 0x1d, 0x57, 0xff, 0x1d, 0x57, 0xff, 0x1d, 0x57, 0xff, 0x1d, 0x57, 0xff, 0x1d, 0x57,
    0xff, 0x1d, 0x57, 0xff, 0x1d, 0x57, 0xff, 0x1d, 0x57, 0xff, 0x1d, 0x57, 0xff, 0x1d, 0x57, 0xff,
    0x1d, 0x57, 0xff, 0x1d, 0x57, 0xff, 0x1d, 0x57, 0xff, 0x1d, 0x57, 0xff, 0x1d, 0x57, 0xff, 0x1d,
    0x57, 0xf9, 0xbb, 0x5e, 0x06, 0x00, 0x00, 0x00, 0x00, 0x00, 0x00, 0x00, 0x00, 0x00, 0x00, 0x00,
    0x00, 0x00, 0x00, 0x00, 0x00, 0x00, 0x00, 0x00, 0x00, 0x00, 0x00, 0x00, 0x00, 0x1d, 0x57, 0xe0,
    0x1d, 0x57, 0xff, 0x1d, 0x57, 0xff, 0x1d, 0x57, 0xff, 0x1d, 0x57, 0xff, 0x1d, 0x57, 0xff, 0x1d,
    0x57, 0x60, 0x00, 0x00, 0x00, 0x00, 0x00, 0x00, 0x1c, 0x57, 0x80, 0x1d, 0x57, 0xff, 0x1d, 0x57,
    0xff, 0x1d, 0x57, 0xff, 0x1d, 0x57, 0xff, 0x1d, 0x57, 0xff, 0x1d, 0x57, 0xff, 0x1d, 0x57, 0xff,
    0x1d, 0x57, 0xff, 0x1d, 0x57, 0xff, 0x1d, 0x57, 0xff, 0x1d, 0x57, 0xff, 0x1d, 0x57, 0xff, 0x1d,
    0x57, 0xff, 0x1d, 0x57, 0xff, 0x1d, 0x57, 0xff, 0x1d, 0x57, 0xff, 0x1d, 0x57, 0xff, 0x1d, 0x57,
    0xff, 0x1d, 0x57, 0xff, 0x1d, 0x57, 0xff, 0x1d, 0x57, 0xff, 0x1d, 0x57, 0xff, 0x1d, 0x57, 0xff,
    0x1d, 0x57, 0xff, 0x1d, 0x57, 0xff, 0x1d, 0x57, 0xff, 0x1d, 0x57, 0xff, 0x1d, 0x57, 0xff, 0x1d,
    0x57, 0xff, 0x1d, 0x57, 0xff, 0x1d, 0x57, 0xcf, 0x00, 0x00, 0x00, 0x00, 0x00, 0x00, 0x00, 0x00,
    0x00, 0x00, 0x00, 0x00, 0x00, 0x00, 0x00, 0x00, 0x00, 0x00, 0x00, 0x00, 0x00, 0x00, 0x00, 0x00,
    0x00, 0x00, 0x00, 0x1d, 0x57, 0xe0, 0x1d, 0x57, 0xff, 0x1d, 0x57, 0xff, 0x1d, 0x57, 0xff, 0x1d,
    0x57, 0xff, 0x1d, 0x57, 0xff, 0x1d, 0x57, 0x60, 0x00, 0x00, 0x00, 0x00, 0x00, 0x00, 0x1c, 0x57,
    0x80, 0x1d, 0x57, 0xff, 0x1d, 0x57, 0xff, 0x1d, 0x57, 0xff, 0x1d, 0x57, 0xff, 0x1d, 0x57, 0xff,
    0x1d, 0x57, 0xff, 0x1d, 0x57, 0xff, 0x1d, 0x57, 0xff, 0x1d, 0x57, 0xff, 0x1d, 0x57, 0xff, 0x1d,
    0x57, 0xff, 0x1d, 0x57, 0xff, 0x1d, 0x57, 0xff, 0x1d, 0x57, 0xff, 0x1d, 0x57, 0xff, 0x1d, 0x57,
    0xff, 0x1d, 0x57, 0xff, 0x1d, 0x57, 0xff, 0x1d, 0x57, 0xff, 0x1d, 0x57, 0xff, 0x1d, 0x57, 0xff,
    0x1d, 0x57, 0xff, 0x1d, 0x57, 0xff, 0x1d, 0x57, 0xff, 0x1d, 0x57, 0xff, 0x1d, 0x57, 0xff, 0x1d,
    0x57, 0xff, 0x1d, 0x57, 0xff, 0x1d, 0x57, 0xff, 0x1d, 0x57, 0xff, 0x1d, 0x57, 0x9e, 0x00, 0x00,
    0x00, 0x00, 0x00, 0x00, 0x00, 0x00, 0x00, 0x00, 0x00, 0x00, 0x00, 0x00, 0x00, 0x00, 0x00, 0x00,
    0x00, 0x00, 0x00, 0x00, 0x00, 0x00, 0x00, 0x00, 0x00, 0x1d, 0x57, 0xe0, 0x1d, 0x57, 0xff, 0x1d,
    0x57, 0xff, 0x1d, 0x57, 0xff, 0x1d, 0x57, 0xff, 0x1d, 0x57, 0xff, 0x1d, 0x57, 0x60, 0x00, 0x00,
    0x00, 0x00, 0x00, 0x00, 0x1c, 0x57, 0x80, 0x1d, 0x57, 0xff, 0x1d, 0x57, 0xff, 0x1d, 0x57, 0xff,
    0x1d, 0x57, 0xff, 0x1d, 0x57, 0xff, 0x1d, 0x57, 0xff, 0x1d, 0x57, 0xff, 0x1d, 0x57, 0xff, 0x1d,
    0x57, 0xff, 0x1d, 0x57, 0xff, 0x1d, 0x57, 0xff, 0x1d, 0x57, 0xff, 0x1d, 0x57, 0xff, 0x1d, 0x57,
    0xff, 0x1d, 0x57, 0xff, 0x1d, 0x57, 0xff, 0x1d, 0x57, 0xff, 0x1d, 0x57, 0xff, 0x1d, 0x57, 0xff,
    0x1d, 0x57, 0xff, 0x1d, 0x57, 0xff, 0x1d, 0x57, 0xff, 0x1d, 0x57, 0xff, 0x1d, 0x57, 0xff, 0x1d,
    0x57, 0xff, 0x1d, 0x57, 0xff, 0x1d, 0x57, 0xff, 0x1d, 0x57, 0xff, 0x1d, 0x57, 0xff, 0x1d, 0x57,
    0xff, 0x1c, 0x57, 0x6e, 0x00, 0x00, 0x00, 0x00, 0x00, 0x00, 0x00, 0x00, 0x00, 0x00, 0x00, 0x00,
    0x00, 0x00, 0x00, 0x00, 0x00, 0x00, 0x00, 0x00, 0x00, 0x00, 0x00, 0x00, 0x00, 0x00, 0x00, 0x1d,
    0x57, 0xe0, 0x1d, 0x57, 0xff, 0x1d, 0x57, 0xff, 0x1d, 0x57, 0xff, 0x1d, 0x57, 0xff, 0x1d, 0x57,
    0xff, 0x1d, 0x57, 0x60, 0x00, 0x00, 0x00, 0x00, 0x00, 0x00, 0x1c, 0x57, 0x80, 0x1d, 0x57, 0xff,
    0x1d, 0x57, 0xff, 0x1d, 0x57, 0xff, 0x1d, 0x57, 0xff, 0x1d, 0x57, 0xff, 0x1d, 0x57, 0xff, 0x1d,
    0x57, 0xff, 0x1d, 0x57, 0xff, 0x1d, 0x57, 0xff, 0x1d, 0x57, 0xff, 0x1d, 0x57, 0xff, 0x1d, 0x57,
    0xff, 0x1d, 0x57, 0xff, 0x1d, 0x57, 0xff, 0x1d, 0x57, 0xff, 0x1d, 0x57, 0xff, 0x1d, 0x57, 0xff,
    0x1d, 0x57, 0xff, 0x1d, 0x57, 0xff, 0x1d, 0x57, 0xff, 0x1d, 0x57, 0xff, 0x1d, 0x57, 0xff, 0x1d,
    0x57, 0xff, 0x1d, 0x57, 0xff, 0x1d, 0x57, 0xff, 0x1d, 0x57, 0xff, 0x1d, 0x57, 0xff, 0x1d, 0x57,
    0xff, 0x1d, 0x57, 0xff, 0x1d, 0x57, 0xff, 0x1d, 0x57, 0x3c, 0x00, 0x00, 0x00, 0x00, 0x00, 0x00,
    0x00, 0x00, 0x00, 0x00, 0x00, 0x00, 0x00, 0x00, 0x00, 0x00, 0x00, 0x00, 0x00, 0x00, 0x00, 0x00,
    0x00, 0x00, 0x00, 0x00, 0x00, 0x1d, 0x57, 0xdb, 0x1d, 0x57, 0xff, 0x1d, 0x57, 0xff, 0x1d, 0x57,
    0xff, 0x1d, 0x57, 0xff, 0x1d, 0x57, 0xff, 0x1d, 0x57, 0x60, 0x00, 0x00, 0x00, 0x00, 0x00, 0x00,
    0x1c, 0x57, 0x80, 0x1d, 0x57, 0xff, 0x1d, 0x57, 0xff, 0x1d, 0x57, 0xff, 0x1d, 0x57, 0xff, 0x1d,
    0x57, 0xff, 0x1d, 0x57, 0xff, 0x1d, 0x57, 0xff, 0x1d, 0x57, 0xff, 0x1d, 0x57, 0xff, 0x1d, 0x57,
    0xff, 0x1d, 0x57, 0xff, 0x1d, 0x57, 0xff, 0x1d, 0x57, 0xff, 0x1d, 0x57, 0xff, 0x1d, 0x57, 0xff,
    0x1d, 0x57, 0xff, 0x1d, 0x57, 0xff, 0x1d, 0x57, 0xff, 0x1d, 0x57, 0xff, 0x1d, 0x57, 0xff, 0x1d,
    0x57, 0xff, 0x1d, 0x57, 0xff, 0x1d, 0x57, 0xff, 0x1d, 0x57, 0xff, 0x1d, 0x57, 0xff, 0x1d, 0x57,
    0xff, 0x1d, 0x57, 0xff, 0x1d, 0x57, 0xff, 0x1d, 0x57, 0xff, 0x1d, 0x57, 0xe6, 0xff, 0x5f, 0x03,
    0x00, 0x00, 0x00, 0x00, 0x00, 0x00, 0x00, 0x00, 0x00, 0x00, 0x00, 0x00, 0x00, 0x00, 0x00, 0x00,
    0x00, 0x00, 0x00, 0x00, 0x00, 0x00, 0x00, 0x00, 0x00, 0x00, 0x00, 0x1c, 0x57, 0xaf, 0x1d, 0x57,
    0xff, 0x1d, 0x57, 0xff, 0x1d, 0x57, 0xff, 0x1d, 0x57, 0xff, 0x1d, 0x57, 0xff, 0x1d, 0x57, 0x60,
    0x00, 0x00, 0x00, 0x00, 0x00, 0x00, 0x1c, 0x57, 0x80, 0x1d, 0x57, 0xff, 0x1d, 0x57, 0xff, 0x1d,
    0x57, 0xff, 0x1d, 0x57, 0xff, 0x1d, 0x57, 0xff, 0x1d, 0x57, 0xff, 0x1d, 0x57, 0xff, 0x1d, 0x57,
    0xff, 0x1d, 0x57, 0xff, 0x1d, 0x57, 0xff, 0x1d, 0x57, 0xff, 0x1d, 0x57, 0xff, 0x1d, 0x57, 0xff,
    0x1d, 0x57, 0xff, 0x1d, 0x57, 0xff, 0x1d, 0x57, 0xff, 0x1d, 0x57, 0xff, 0x1d, 0x57, 0xff, 0x1d,
    0x57, 0xff, 0x1d, 0x57, 0xff, 0x1d, 0x57, 0xff, 0x1d, 0x57, 0xff, 0x1d, 0x57, 0xff, 0x1d, 0x57,
    0xff, 0x1d, 0x57, 0xff, 0x1d, 0x57, 0xff, 0x1d, 0x57, 0xff, 0x1d, 0x57, 0xff, 0x1d, 0x57, 0xff,
    0x1d, 0x57, 0x75, 0x00, 0x00, 0x00, 0x00, 0x00, 0x00, 0x00, 0x00, 0x00, 0x00, 0x00, 0x00, 0x00,
    0x00, 0x00, 0x00, 0x00, 0x00, 0x00, 0x00, 0x00, 0x00, 0x00, 0x00, 0x00, 0x00, 0x00, 0x00, 0x00,
    0x00, 0x1d, 0x57, 0x33, 0x1d, 0x57, 0xfa, 0x1d, 0x57, 0xff, 0x1d, 0x57, 0xff, 0x1d, 0x57, 0xff,
    0x1d, 0x57, 0xff, 0x1d, 0x57, 0x60, 0x00, 0x00, 0x00, 0x00, 0x00, 0x00, 0x1c, 0x57, 0x80, 0x1d,
    0x57, 0xff, 0x1d, 0x57, 0xff, 0x1d, 0x57, 0xff, 0x1d, 0x57, 0xff, 0x1d, 0x57, 0xff, 0x1d, 0x57,
    0xff, 0x1d, 0x57, 0xff, 0x1d, 0x57, 0xff, 0x1d, 0x57, 0xff, 0x1d, 0x57, 0xff, 0x1d, 0x57, 0xff,
    0x1d, 0x57, 0xff, 0x1d, 0x57, 0xff, 0x1d, 0x57, 0xff, 0x1d, 0x57, 0xff, 0x1d, 0x57, 0xff, 0x1d,
    0x57, 0xff, 0x1d, 0x57, 0xff, 0x1d, 0x57, 0xff, 0x1d, 0x57, 0xff, 0x1d, 0x57, 0xff, 0x1d, 0x57,
    0xff, 0x1d, 0x57, 0xff, 0x1d, 0x57, 0xff, 0x1d, 0x57, 0xff, 0x1d, 0x57, 0xff, 0x1d, 0x57, 0xff,
    0x1d, 0x57, 0xff, 0x1d, 0x57, 0x9a, 0x00, 0x00, 0x00, 0x00, 0x00, 0x00, 0x00, 0x00, 0x00, 0x00,
    0x00, 0x00, 0x00, 0x00, 0x00, 0x00, 0x00, 0x00, 0x00, 0x00, 0x00, 0x00, 0x00, 0x00, 0x00, 0x00,
    0x00, 0x00, 0x00, 0x00, 0x00, 0x00, 0x00, 0x00, 0x00, 0x00, 0x1d, 0x57, 0x33, 0x1d, 0x57, 0xad,
    0x1d, 0x57, 0xd9, 0x1c, 0x57, 0xde, 0x1c, 0x57, 0xde, 0x1c, 0x57, 0x53, 0x00, 0x00, 0x00, 0x00,
    0x00, 0x00, 0x1c, 0x57, 0x6f, 0x1c, 0x57, 0xde, 0x1c, 0x57, 0xde, 0x1c, 0x57, 0xde, 0x1c, 0x57,
    0xde, 0x1c, 0x57, 0xde, 0x1c, 0x57, 0xde, 0x1c, 0x57, 0xde, 0x1c, 0x57, 0xde, 0x1c, 0x57, 0xde,
    0x1c, 0x57, 0xde, 0x1c, 0x57, 0xde, 0x1c, 0x57, 0xde, 0x1c, 0x57, 0xde, 0x1c, 0x57, 0xde, 0x1c,
    0x57, 0xde, 0x1c, 0x57, 0xde, 0x1c, 0x57, 0xde, 0x1c, 0x57, 0xde, 0x1c, 0x57, 0xde, 0x1c, 0x57,
    0xde, 0x1c, 0x57, 0xde, 0x1c, 0x57, 0xde, 0x1c, 0x57, 0xde, 0x1c, 0x57, 0xde, 0x1c, 0x57, 0xde,
    0x1d, 0x57, 0xd1, 0x1d, 0x57, 0xa5, 0x1d, 0x57, 0x44, 0x00, 0x00, 0x00, 0x00, 0x00, 0x00, 0x00,
    0x00, 0x00, 0x00, 0x00, 0x00, 0x00, 0x00, 0x00, 0x00, 0x00, 0x00, 0x00, 0x00, 0x00, 0x00, 0x00,
    0x00, 0x00, 0x00, 0x00, 0x00, 0x00, 0x00, 0x00, 0x00, 0x00, 0x00, 0x00, 0x00, 0x00, 0x00, 0x00,
    0x00, 0x00, 0x00, 0x00, 0x00, 0x00, 0x00, 0x00, 0x00, 0x00, 0x00, 0x00, 0x00, 0x00, 0x00, 0x00,
    0x00, 0x00, 0x00, 0x00, 0x00, 0x00, 0x00, 0x00, 0x00, 0x00, 0x00, 0x00, 0x00, 0x00, 0x00, 0x00,
    0x00, 0x00, 0x00, 0x00, 0x00, 0x00, 0x00, 0x00, 0x00, 0x00, 0x00, 0x00, 0x00, 0x00, 0x00, 0x00,
    0x00, 0x00, 0x00, 0x00, 0x00, 0x00, 0x00, 0x00, 0x00, 0x00, 0x00, 0x00, 0x00, 0x00, 0x00, 0x00,
    0x00, 0x00, 0x00, 0x00, 0x00, 0x00, 0x00, 0x00, 0x00, 0x00, 0x00, 0x00, 0x00, 0x00, 0x00, 0x00,
    0x00, 0x00, 0x00, 0x00, 0x00, 0x00, 0x00, 0x00, 0x00, 0x00, 0x00, 0x00, 0x00, 0x00, 0x00, 0x00,
    0x00, 0x00, 0x00, 0x00, 0x00, 0x00, 0x00, 0x00, 0x00, 0x00, 0x00, 0x00, 0x00, 0x00, 0x00, 0x00,
    0x00, 0x00, 0x00, 0x00, 0x00, 0x00, 0x00, 0x00, 0x00, 0x00, 0x00, 0x00, 0x00, 0x00, 0x00, 0x00,
    0x00, 0x00, 0x00, 0x00, 0x00, 0x00, 0x00, 0x00, 0x00, 0x00, 0x00, 0x00, 0x00, 0x00, 0x00, 0x00,
    0x00, 0x00, 0x00, 0x00, 0x00, 0x00, 0x00, 0x00, 0x00, 0x00, 0x00, 0x00, 0x00, 0x00, 0x00, 0x00,
    0x00, 0x00, 0x00, 0x00, 0x00, 0x00, 0x00, 0x00, 0x00, 0x00, 0x00, 0x00, 0x00, 0x00, 0x00, 0x00,
    0x00, 0x00, 0x00, 0x00, 0x00, 0x00, 0x00, 0x00, 0x00, 0x00, 0x00, 0x00, 0x00, 0x00, 0x00, 0x00,
    0x00, 0x00, 0x00, 0x00, 0x00, 0x00, 0x00, 0x00, 0x00, 0x00, 0x00, 0x00, 0x00, 0x00, 0x00, 0x00,
    0x00, 0x00, 0x00, 0x00, 0x00, 0x00, 0x00, 0x00, 0x00, 0x00, 0x00, 0x00, 0x00, 0x00, 0x00, 0x00,
    0x00, 0x00, 0x00, 0x00, 0x00, 0x00, 0x00, 0x00, 0x00, 0x00, 0x00, 0x00, 0x00, 0x00, 0x00, 0x00,
    0x00, 0x00, 0x00, 0x00, 0x00, 0x00, 0x00, 0x00, 0x00, 0x00, 0x00, 0x00, 0x00, 0x00, 0x00, 0x00,
    0x00, 0x00, 0x00, 0x00, 0x00, 0x00, 0x00, 0x00, 0x00, 0x00, 0x00, 0x00, 0x00, 0x00, 0x00, 0x00,
    0x00, 0x00, 0x00, 0x00, 0x00, 0x00, 0x00, 0x00, 0x00, 0x00, 0x00, 0x00, 0x00, 0x00, 0x00, 0x00,
    0x00, 0x00, 0x00, 0x00, 0x00, 0x00, 0x00, 0x00, 0x00, 0x00, 0x00, 0x00, 0x00, 0x00, 0x00, 0x00,
    0x00, 0x00, 0x00, 0x00, 0x00, 0x00, 0x00, 0x00, 0x00, 0x00, 0x00, 0x00, 0x00, 0x00, 0x00, 0x00,
    0x00, 0x00, 0x00, 0x00, 0x00, 0x00, 0x00, 0x00, 0x00, 0x00, 0x00, 0x00, 0x00, 0x00, 0x00, 0x00,
    0x00, 0x00, 0x00, 0x00, 0x00, 0x00, 0x00, 0x00, 0x00, 0x00, 0x00, 0x00, 0x00, 0x00, 0x00, 0x00,
    0x00, 0x00, 0x00, 0x00, 0x00, 0x00, 0x00, 0x00, 0x00, 0x00, 0x00, 0x00, 0x00, 0x00, 0x00, 0x00,
    0x00, 0x00, 0x00, 0x00, 0x00, 0x00, 0x00, 0x00, 0x00, 0x00, 0x00, 0x00, 0x00, 0x00, 0x00, 0x00,
    0x00, 0x00, 0x00, 0x00, 0x00, 0x00, 0x00, 0x00, 0x00, 0x00, 0x00, 0x00, 0x00, 0x00, 0x00, 0x00,
    0x00, 0x00, 0x00, 0x00, 0x00, 0x00, 0x00, 0x00, 0x00, 0x00, 0x00, 0x00, 0x00, 0x00, 0x00, 0x00,
    0x00, 0x00, 0x00, 0x00, 0x00, 0x00, 0x00, 0x00, 0x00, 0x00, 0x00, 0x00, 0x00, 0x00, 0x00, 0x00,
    0x00, 0x00, 0x00, 0x00, 0x00, 0x00, 0x00, 0x00, 0x00, 0x00, 0x00, 0x00, 0x00, 0x00, 0x00, 0x00,
    0x00, 0x00, 0x00, 0x00, 0x00, 0x00, 0x00, 0x00, 0x00, 0x00, 0x00, 0x00, 0x00, 0x00, 0x00, 0x00,
    0x00, 0x00, 0x00, 0x00, 0x00, 0x00, 0x00, 0x00, 0x00, 0x00, 0x00, 0x00, 0x00, 0x00, 0x00, 0x00,
    0x00, 0x00, 0x00, 0x00, 0x00, 0x00, 0x00, 0x00, 0x00, 0x00, 0x00, 0x00, 0x00, 0x00, 0x00, 0x00,
    0x00, 0x00, 0x00, 0x00, 0x00, 0x00, 0x00, 0x00, 0x00, 0x00, 0x00, 0x00, 0x00, 0x00, 0x00, 0x00,
    0x00, 0x00, 0x00, 0x00, 0x00, 0x00, 0x00, 0x00, 0x00, 0x00, 0x00, 0x00, 0x00, 0x00, 0x00, 0x00,
    0x00, 0x00, 0x00, 0x00, 0x00, 0x00, 0x00, 0x00, 0x00, 0x00, 0x00, 0x00, 0x00, 0x00, 0x00, 0x00,
    0x00, 0x00, 0x00, 0x00, 0x00, 0x00, 0x00, 0x00, 0x00, 0x00, 0x00, 0x00, 0x00, 0x00, 0x00, 0x00,
    0x00, 0x00, 0x00, 0x00, 0x00, 0x00, 0x00, 0x00, 0x00, 0x00, 0x00, 0x00, 0x00, 0x00, 0x00, 0x00,
    0x00, 0x00, 0x00, 0x00, 0x00, 0x00, 0x00, 0x00, 0x00, 0x00, 0x00, 0x00,
};
#endif

#if TEXTURE_ARGB8888
static u8 icon_good_argb8888[10000] ALIGNED(4) = {
    0x00, 0x00, 0x00, 0x00, 0x00, 0x00, 0x00, 0x00, 0x00, 0x00, 0x00, 0x00, 0x00, 0x00, 0x00, 0x00,
    0x00, 0x00, 0x00, 0x00, 0x00, 0x00, 0x00, 0x00, 0x00, 0x00, 0x00, 0x00, 0x00, 0x00, 0x00, 0x00,
    0x00, 0x00, 0x00, 0x00, 0x00, 0x00, 0x00, 0x00, 0x00, 0x00, 0x00, 0x00, 0x00, 0x00, 0x00, 0x00,
    0x00, 0x00, 0x00, 0x00, 0x00, 0x00, 0x00, 0x00, 0x00, 0x00, 0x00, 0x00, 0x00, 0x00, 0x00, 0x00,
    0x00, 0x00, 0x00, 0x00, 0x00, 0x00, 0x00, 0x00, 0x00, 0x00, 0x00, 0x00, 0x00, 0x00, 0x00, 0x00,
    0x00, 0x00, 0x00, 0x00, 0x00, 0x00, 0x00, 0x00, 0x00, 0x00, 0x00, 0x00, 0x00, 0x00, 0x00, 0x00,
    0x00, 0x00, 0x00, 0x00, 0x00, 0x00, 0x00, 0x00, 0x00, 0x00, 0x00, 0x00, 0x00, 0x00, 0x00, 0x00,
    0x00, 0x00, 0x00, 0x00, 0x00, 0x00, 0x00, 0x00, 0x00, 0x00, 0x00, 0x00, 0x00, 0x00, 0x00, 0x00,
    0x00, 0x00, 0x00, 0x00, 0x00, 0x00, 0x00, 0x00, 0x00, 0x00, 0x00, 0x00, 0x00, 0x00, 0x00, 0x00,
    0x00, 0x00, 0x00, 0x00, 0x00, 0x00, 0x00, 0x00, 0x00, 0x00, 0x00, 0x00, 0x00, 0x00, 0x00, 0x00,
    0x00, 0x00, 0x00, 0x00, 0x00, 0x00, 0x00, 0x00, 0x00, 0x00, 0x00, 0x00, 0x00, 0x00, 0x00, 0x00,
    0x00, 0x00, 0x00, 0x00, 0x00, 0x00, 0x00, 0x00, 0x00, 0x00, 0x00, 0x00, 0x00, 0x00, 0x00, 0x00,
    0x00, 0x00, 0x00, 0x00, 0x00, 0x00, 0x00, 0x00, 0x00, 0x00, 0x00, 0x00, 0x00, 0x00, 0x00, 0x00,
    0x00, 0x00, 0x00, 0x00, 0x00, 0x00, 0x00, 0x00, 0x00, 0x00, 0x00, 0x00, 0x00, 0x00, 0x00, 0x00,
    0x00, 0x00, 0x00, 0x00, 0x00, 0x00, 0x00, 0x00, 0x00, 0x00, 0x00, 0x00, 0x00, 0x00, 0x00, 0x00,
    0x00, 0x00, 0x00, 0x00, 0x00, 0x00, 0x00, 0x00, 0x00, 0x00, 0x00, 0x00, 0x00, 0x00, 0x00, 0x00,
    0x00, 0x00, 0x00, 0x00, 0x00, 0x00, 0x00, 0x00, 0x00, 0x00, 0x00, 0x00, 0x00, 0x00, 0x00, 0x00,
    0x00, 0x00, 0x00, 0x00, 0x00, 0x00, 0x00, 0x00, 0x00, 0x00, 0x00, 0x00, 0x00, 0x00, 0x00, 0x00,
    0x00, 0x00, 0x00, 0x00, 0x00, 0x00, 0x00, 0x00, 0x00, 0x00, 0x00, 0x00, 0x00, 0x00, 0x00, 0x00,
    0x00, 0x00, 0x00, 0x00, 0x00, 0x00, 0x00, 0x00, 0x00, 0x00, 0x00, 0x00, 0x00, 0x00, 0x00, 0x00,
    0x00, 0x00, 0x00, 0x00, 0x00, 0x00, 0x00, 0x00, 0x00, 0x00, 0x00, 0x00, 0x00, 0x00, 0x00, 0x00,
    0x00, 0x00, 0x00, 0x00, 0x00, 0x00, 0x00, 0x00, 0x00, 0x00, 0x00, 0x00, 0x00, 0x00, 0x00, 0x00,
    0x00, 0x00, 0x00, 0x00, 0x00, 0x00, 0x00, 0x00, 0x00, 0x00, 0x00, 0x00, 0x00, 0x00, 0x00, 0x00,
    0x00, 0x00, 0x00, 0x00, 0x00, 0x00, 0x00, 0x00, 0x00, 0x00, 0x00, 0x00, 0x00, 0x00, 0x00, 0x00,
    0x00, 0x00, 0x00, 0x00, 0x00, 0x00, 0x00, 0x00, 0x00, 0x00, 0x00, 0x00, 0x00, 0x00, 0x00, 0x00,
    0x00, 0x00, 0x00, 0x00, 0x00, 0x00, 0x00, 0x00, 0x00, 0x00, 0x00, 0x00, 0x00, 0x00, 0x00, 0x00,
    0x00, 0x00, 0x00, 0x00, 0x00, 0x00, 0x00, 0x00, 0x00, 0x00, 0x00, 0x00, 0x00, 0x00, 0x00, 0x00,
    0x00, 0x00, 0x00, 0x00, 0x00, 0x00, 0x00, 0x00, 0x00, 0x00, 0x00, 0x00, 0x00, 0x00, 0x00, 0x00,
    0x00, 0x00, 0x00, 0x00, 0x00, 0x00, 0x00, 0x00, 0x00, 0x00, 0x00, 0x00, 0x00, 0x00, 0x00, 0x00,
    0x00, 0x00, 0x00, 0x00, 0x00, 0x00, 0x00, 0x00, 0x00, 0x00, 0x00, 0x00, 0x00, 0x00, 0x00, 0x00,
    0x00, 0x00, 0x00, 0x00, 0x00, 0x00, 0x00, 0x00, 0x00, 0x00, 0x00, 0x00, 0x00, 0x00, 0x00, 0x00,
    0x00, 0x00, 0x00, 0x00, 0x00, 0x00, 0x00, 0x00, 0x00, 0x00, 0x00, 0x00, 0x00, 0x00, 0x00, 0x00,
    0x00, 0x00, 0x00, 0x00, 0x00, 0x00, 0x00, 0x00, 0x00, 0x00, 0x00, 0x00, 0x00, 0x00, 0x00, 0x00,
    0x00, 0x00, 0x00, 0x00, 0x00, 0x00, 0x00, 0x00, 0x00, 0x00, 0x00, 0x00, 0x00, 0x00, 0x00, 0x00,
    0x00, 0x00, 0x00, 0x00, 0x00, 0x00, 0x00, 0x00, 0x00, 0x00, 0x00, 0x00, 0x00, 0x00, 0x00, 0x00,
    0x00, 0x00, 0x00, 0x00, 0x00, 0x00, 0x00, 0x00, 0x00, 0x00, 0x00, 0x00, 0x00, 0x00, 0x00, 0x00,
    0x00, 0x00, 0x00, 0x00, 0x00, 0x00, 0x00, 0x00, 0x00, 0x00, 0x00, 0x00, 0x00, 0x00, 0x00, 0x00,
    0x00, 0x00, 0x00, 0x00, 0x00, 0x00, 0x00, 0x00, 0x00, 0x00, 0x00, 0x00, 0x00, 0x00, 0x00, 0x00,
    0x00, 0x00, 0x00, 0x00, 0x00, 0x00, 0x00, 0x00, 0x00, 0x00, 0x00, 0x00, 0x00, 0x00, 0x00, 0x00,
    0x00, 0x00, 0x00, 0x00, 0x00, 0x00, 0x00, 0x00, 0x00, 0x00, 0x00, 0x00, 0x00, 0x00, 0x00, 0x00,
    0x00, 0x00, 0x00, 0x00, 0x00, 0x00, 0x00, 0x00, 0x00, 0x00, 0x00, 0x00, 0x00, 0x00, 0x00, 0x00,
    0x00, 0x00, 0x00, 0x00, 0x00, 0x00, 0x00, 0x00, 0x00, 0x00, 0x00, 0x00, 0x00, 0x00, 0x00, 0x00,
    0x00, 0x00, 0x00, 0x00, 0x00, 0x00, 0x00, 0x00, 0x00, 0x00, 0x00, 0x00, 0x00, 0x00, 0x00, 0x00,
    0x00, 0x00, 0x00, 0x00, 0x00, 0x00, 0x00, 0x00, 0x00, 0x00, 0x00, 0x00, 0x00, 0x00, 0x00, 0x00,
    0x00, 0x00, 0x00, 0x00, 0x00, 0x00, 0x00, 0x00, 0x00, 0x00, 0x00, 0x00, 0x00, 0x00, 0x00, 0x00,
    0x00, 0x00, 0x00, 0x00, 0x00, 0x00, 0x00, 0x00, 0x00, 0x00, 0x00, 0x00, 0x00, 0x00, 0x00, 0x00,
    0x00, 0x00, 0x00, 0x00, 0x00, 0x00, 0x00, 0x00, 0x00, 0x00, 0x00, 0x00, 0x00, 0x00, 0x00, 0x00,
    0x00, 0x00, 0x00, 0x00, 0x00, 0x00, 0x00, 0x00, 0x00, 0x00, 0x00, 0x00, 0x00, 0x00, 0x00, 0x00,
    0x00, 0x00, 0x00, 0x00, 0xe5, 0xe0, 0x51, 0x62, 0xe4, 0xdf, 0x51, 0xd2, 0xe3, 0xe0, 0x51, 0xf1,
    0xe4, 0xe0, 0x52, 0xdb, 0xe5, 0xe1, 0x51, 0x87, 0xdd, 0xdd, 0x55, 0x0f, 0x00, 0x00, 0x00, 0x00,
    0x00, 0x00, 0x00, 0x00, 0x00, 0x00, 0x00, 0x00, 0x00, 0x00, 0x00, 0x00, 0x00, 0x00, 0x00, 0x00,
    0x00, 0x00, 0x00, 0x00, 0x00, 0x00, 0x00, 0x00, 0x00, 0x00, 0x00, 0x00, 0x00, 0x00, 0x00, 0x00,
    0x00, 0x00, 0x00, 0x00, 0x00, 0x00, 0x00, 0x00, 0x00, 0x00, 0x00, 0x00, 0x00, 0x00, 0x00, 0x00,
    0x00, 0x00, 0x00, 0x00, 0x00, 0x00, 0x00, 0x00, 0x00, 0x00, 0x00, 0x00, 0x00, 0x00, 0x00, 0x00,
    0x00, 0x00, 0x00, 0x00, 0x00, 0x00, 0x00, 0x00, 0x00, 0x00, 0x00, 0x00, 0x00, 0x00, 0x00, 0x00,
    0x00, 0x00, 0x00, 0x00, 0x00, 0x00, 0x00, 0x00, 0x00, 0x00, 0x00, 0x00, 0x00, 0x00, 0x00, 0x00,
    0x00, 0x00, 0x00, 0x00, 0x00, 0x00, 0x00, 0x00, 0x00, 0x00, 0x00, 0x00, 0x00, 0x00, 0x00, 0x00,
    0x00, 0x00, 0x00, 0x00, 0x00, 0x00, 0x00, 0x00, 0x00, 0x00, 0x00, 0x00, 0x00, 0x00, 0x00, 0x00,
    0x00, 0x00, 0x00, 0x00, 0x00, 0x00, 0x00, 0x00, 0x00, 0x00, 0x00, 0x00, 0x00, 0x00, 0x00, 0x00,
    0x00, 0x00, 0x00, 0x00, 0x00, 0x00, 0x00, 0x00, 0x00, 0x00, 0x00, 0x00, 0x00, 0x00, 0x00, 0x00,
    0x00, 0x00, 0x00, 0x00, 0x00, 0x00, 0x00, 0x00, 0xe3, 0xe0, 0x51, 0x52, 0xe4, 0xe0, 0x51, 0xff,
    0xe4, 0xe0, 0x51, 0xff, 0xe4, 0xe0, 0x51, 0xff, 0xe4, 0xe0, 0x51, 0xff, 0xe4, 0xe0, 0x51, 0xff,
    0xe4, 0xe0, 0x51, 0xe3, 0xe2, 0xe2, 0x51, 0x2c, 0x00, 0x00, 0x00, 0x00, 0x00, 0x00, 0x00, 0x00,
    0x00, 0x00, 0x00, 0x00, 0x00, 0x00, 0x00, 0x00, 0x00, 0x00, 0x00, 0x00, 0x00, 0x00, 0x00, 0x00,
    0x00, 0x00, 0x00, 0x00, 0x00, 0x00, 0x00, 0x00, 0x00, 0x00, 0x00, 0x00, 0x00, 0x00, 0x00, 0x00,
    0x00, 0x00, 0x00, 0x00, 0x00, 0x00, 0x00, 0x00, 0x00, 0x00, 0x00, 0x00, 0x00, 0x00, 0x00, 0x00,
    0x00, 0x00, 0x00, 0x00, 0x00, 0x00, 0x00, 0x00, 0x00, 0x00, 0x00, 0x00, 0x00, 0x00, 0x00, 0x00,
    0x00, 0x00, 0x00, 0x00, 0x00, 0x00, 0x00, 0x00, 0x00, 0x00, 0x00, 0x00, 0x00, 0x00, 0x00, 0x00,
    0x00, 0x00, 0x00, 0x00, 0x00, 0x00, 0x00, 0x00, 0x00, 0x00, 0x00, 0x00, 0x00, 0x00, 0x00, 0x00,
    0x00, 0x00, 0x00, 0x00, 0x00, 0x00, 0x00, 0x00, 0x00, 0x00, 0x00, 0x00, 0x00, 0x00, 0x00, 0x00,
    0x00, 0x00, 0x00, 0x00, 0x00, 0x00, 0x00, 0x00, 0x00, 0x00, 0x00, 0x00, 0x00, 0x00, 0x00, 0x00,
    0x00, 0x00, 0x00, 0x00, 0x00, 0x00, 0x00, 0x00, 0x00, 0x00, 0x00, 0x00, 0x00, 0x00, 0x00, 0x00,
    0x00, 0x00, 0x00, 0x00, 0x00, 0x00, 0x00, 0x00, 0x00, 0x00, 0x00, 0x00, 0x00, 0x00, 0x00, 0x00,
    0xe4, 0xe0, 0x51, 0xd9, 0xe4, 0xe0, 0x51, 0xff, 0xe4, 0xe0, 0x51, 0xff, 0xe4, 0xe0, 0x51, 0xff,
    0xe4, 0xe0, 0x51, 0xff, 0xe4, 0xe0, 0x51, 0xff, 0xe4, 0xe0, 0x51, 0xff, 0xe4, 0xe1, 0x51, 0xe2,
    0xeb, 0xd8, 0x4e, 0x0d, 0x00, 0x00, 0x00, 0x00, 0x00, 0x00, 0x00, 0x00, 0x00, 0x00, 0x00, 0x00,
    0x00, 0x00, 0x00, 0x00, 0x00, 0x00, 0x00, 0x00, 0x00, 0x00, 0x00, 0x00, 0x00, 0x00, 0x00, 0x00,
    0x00, 0x00, 0x00, 0x00, 0x00, 0x00, 0x00, 0x00, 0x00, 0x00, 0x00, 0x00, 0x00, 0x00, 0x00, 0x00,
    0x00, 0x00, 0x00, 0x00, 0x00, 0x00, 0x00, 0x00, 0x00, 0x00, 0x00, 0x00, 0x00, 0x00, 0x00, 0x00,
    0x00, 0x00, 0x00, 0x00, 0x00, 0x00, 0x00, 0x00, 0x00, 0x00, 0x00, 0x00, 0x00, 0x00, 0x00, 0x00,
    0x00, 0x00, 0x00, 0x00, 0x00, 0x00, 0x00, 0x00, 0x00, 0x00, 0x00, 0x00, 0x00, 0x00, 0x00, 0x00,
    0x00, 0x00, 0x00, 0x00, 0x00, 0x00, 0x00, 0x00, 0x00, 0x00, 0x00, 0x00, 0x00, 0x00, 0x00, 0x00,
    0x00, 0x00, 0x00, 0x00, 0x00, 0x00, 0x00, 0x00, 0x00, 0x00, 0x00, 0x00, 0x00, 0x00, 0x00, 0x00,
    0x00, 0x00, 0x00, 0x00, 0x00, 0x00, 0x00, 0x00, 0x00, 0x00, 0x00, 0x00, 0x00, 0x00, 0x00, 0x00,
    0x00, 0x00, 0x00, 0x00, 0x00, 0x00, 0x00, 0x00, 0x00, 0x00, 0x00, 0x00, 0x00, 0x00, 0x00, 0x00,
    0x00, 0x00, 0x00, 0x00, 0xe8, 0xdc, 0x51, 0x16, 0xe4, 0xe0, 0x51, 0xff, 0xe4, 0xe0, 0x51, 0xff,
    0xe4, 0xe0, 0x51, 0xff, 0xe4, 0xe0, 0x51, 0xff, 0xe4, 0xe0, 0x51, 0xff, 0xe4, 0xe0, 0x51, 0xff,
    0xe4, 0xe0, 0x51, 0xff, 0xe4, 0xe0, 0x51, 0xff, 0xe3, 0xe0, 0x51, 0x94, 0x00, 0x00, 0x00, 0x00,
    0x00, 0x00, 0x00, 0x00, 0x00, 0x00, 0x00, 0x00, 0x00, 0x00, 0x00, 0x00, 0x00, 0x00, 0x00, 0x00,
    0x00, 0x00, 0x00, 0x00, 0x00, 0x00, 0x00, 0x00, 0x00, 0x00, 0x00, 0x00, 0x00, 0x00, 0x00, 0x00,
    0x00, 0x00, 0x00, 0x00, 0x00, 0x00, 0x00, 0x00, 0x00, 0x00, 0x00, 0x00, 0x00, 0x00, 0x00, 0x00,
    0x00, 0x00, 0x00, 0x00, 0x00, 0x00, 0x00, 0x00, 0x00, 0x00, 0x00, 0x00, 0x00, 0x00, 0x00, 0x00,
    0x00, 0x00, 0x00, 0x00, 0x00, 0x00, 0x00, 0x00, 0x00, 0x00, 0x00, 0x00, 0x00, 0x00, 0x00, 0x00,
    0x00, 0x00, 0x00, 0x00, 0x00, 0x00, 0x00, 0x00, 0x00, 0x00, 0x00, 0x00, 0x00, 0x00, 0x00, 0x00,
    0x00, 0x00, 0x00, 0x00, 0x00, 0x00, 0x00, 0x00, 0x00, 0x00, 0x00, 0x00, 0x00, 0x00, 0x00, 0x00,
    0x00, 0x00, 0x00, 0x00, 0x00, 0x00, 0x00, 0x00, 0x00, 0x00, 0x00, 0x00, 0x00, 0x00, 0x00, 0x00,
    0x00, 0x00, 0x00, 0x00, 0x00, 0x00, 0x00, 0x00, 0x00, 0x00, 0x00, 0x00, 0x00, 0x00, 0x00, 0x00,
    0x00, 0x00, 0x00, 0x00, 0x00, 0x00, 0x00, 0x00, 0x00, 0x00, 0x00, 0x00, 0xe4, 0xdf, 0x52, 0x38,
    0xe4, 0xe0, 0x51, 0xff, 0xe4, 0xe0, 0x51, 0xff, 0xe4, 0xe0, 0x51, 0xff, 0xe4, 0xe0, 0x51, 0xff,
    0xe4, 0xe0, 0x51, 0xff, 0xe4, 0xe0, 0x51, 0xff, 0xe4, 0xe0, 0x51, 0xff, 0xe4, 0xe0, 0x51, 0xff,
    0xe4, 0xe0, 0x51, 0xfd, 0xe6, 0xe0, 0x51, 0x29, 0x00, 0x00, 0x00, 0x00, 0x00, 0x00, 0x00, 0x00,
    0x00, 0x00, 0x00, 0x00, 0x00, 0x00, 0x00, 0x00, 0x00, 0x00, 0x00, 0x00, 0x00, 0x00, 0x00, 0x00,
    0x00, 0x00, 0x00, 0x00, 0x00, 0x00, 0x00, 0x00, 0x00, 0x00, 0x00, 0x00, 0x00, 0x00, 0x00, 0x00,
    0x00, 0x00, 0x00, 0x00, 0x00, 0x00, 0x00, 0x00, 0x00, 0x00, 0x00, 0x00, 0x00, 0x00, 0x00, 0x00,
    0x00, 0x00, 0x00, 0x00, 0x00, 0x00, 0x00, 0x00, 0x00, 0x00, 0x00, 0x00, 0x00, 0x00, 0x00, 0x00,
    0x00, 0x00, 0x00, 0x00, 0x00, 0x00, 0x00, 0x00, 0x00, 0x00, 0x00, 0x00, 0x00, 0x00, 0x00, 0x00,
    0x00, 0x00, 0x00, 0x00, 0x00, 0x00, 0x00, 0x00, 0x00, 0x00, 0x00, 0x00, 0x00, 0x00, 0x00, 0x00,
    0x00, 0x00, 0x00, 0x00, 0x00, 0x00, 0x00, 0x00, 0x00, 0x00, 0x00, 0x00, 0x00, 0x00, 0x00, 0x00,
    0x00, 0x00, 0x00, 0x00, 0x00, 0x00, 0x00, 0x00, 0x00, 0x00, 0x00, 0x00, 0x00, 0x00, 0x00, 0x00,
    0x00, 0x00, 0x00, 0x00, 0x00, 0x00, 0x00, 0x00, 0x00, 0x00, 0x00, 0x00, 0x00, 0x00, 0x00, 0x00,
    0x00, 0x00, 0x00, 0x00, 0xe4, 0xe1, 0x50, 0x43, 0xe4, 0xe0, 0x51, 0xff, 0xe4, 0xe0, 0x51, 0xff,
    0xe4, 0xe0, 0x51, 0xff, 0xe4, 0xe0, 0x51, 0xff, 0xe4, 0xe0, 0x51, 0xff, 0xe4, 0xe0, 0x51, 0xff,
    0xe4, 0xe0, 0x51, 0xff, 0xe4, 0xe0, 0x51, 0xff, 0xe4, 0xe0, 0x51, 0xff, 0xe4, 0xe0, 0x52, 0x7a,
    0x00, 0x00, 0x00, 0x00, 0x00, 0x00, 0x00, 0x00, 0x00, 0x00, 0x00, 0x00, 0x00, 0x00, 0x00, 0x00,
    0x00, 0x00, 0x00, 0x00, 0x00, 0x00, 0x00, 0x00, 0x00, 0x00, 0x00, 0x00, 0x00, 0x00, 0x00, 0x00,
    0x00, 0x00, 0x00, 0x00, 0x00, 0x00, 0x00, 0x00, 0x00, 0x00, 0x00, 0x00, 0x00, 0x00, 0x00, 0x00,
    0x00, 0x00, 0x00, 0x00, 0x00, 0x00, 0x00, 0x00, 0x00, 0x00, 0x00, 0x00, 0x00, 0x00, 0x00, 0x00,
    0x00, 0x00, 0x00, 0x00, 0x00, 0x00, 0x00, 0x00, 0x00, 0x00, 0x00, 0x00, 0x00, 0x00, 0x00, 0x00,
    0x00, 0x00, 0x00, 0x00, 0x00, 0x00, 0x00, 0x00, 0x00, 0x00, 0x00, 0x00, 0x00, 0x00, 0x00, 0x00,
    0x00, 0x00, 0x00, 0x00, 0x00, 0x00, 0x00, 0x00, 0x00, 0x00, 0x00, 0x00, 0x00, 0x00, 0x00, 0x00,
    0x00, 0x00, 0x00, 0x00, 0x00, 0x00, 0x00, 0x00, 0x00, 0x00, 0x00, 0x00, 0x00, 0x00, 0x00, 0x00,
    0x00, 0x00, 0x00, 0x00, 0x00, 0x00, 0x00, 0x00, 0x00, 0x00, 0x00, 0x00, 0x00, 0x00, 0x00, 0x00,
    0x00, 0x00, 0x00, 0x00, 0x00, 0x00, 0x00, 0x00, 0x00, 0x00, 0x00, 0x00, 0xe3, 0xe0, 0x53, 0x4a,
    0xe4, 0xe0, 0x51, 0xff, 0xe4, 0xe0, 0x51, 0xff, 0xe4, 0xe0, 0x51, 0xff, 0xe4, 0xe0, 0x51, 0xff,
    0xe4, 0xe0, 0x51, 0xff, 0xe4, 0xe0, 0x51, 0xff, 0xe4, 0xe0, 0x51, 0xff, 0xe4, 0xe0, 0x51, 0xff,
    0xe4, 0xe0, 0x51, 0xff, 0xe4, 0xe0, 0x51, 0xa3, 0x00, 0x00, 0x00, 0x00, 0x00, 0x00, 0x00, 0x00,
    0x00, 0x00, 0x00, 0x00, 0x00, 0x00, 0x00, 0x00, 0x00, 0x00, 0x00, 0x00, 0x00, 0x00, 0x00, 0x00,
    0x00, 0x00, 0x00, 0x00, 0x00, 0x00, 0x00, 0x00, 0x00, 0x00, 0x00, 0x00, 0x00, 0x00, 0x00, 0x00,
    0x00, 0x00, 0x00, 0x00, 0x00, 0x00, 0x00, 0x00, 0x00, 0x00, 0x00, 0x00, 0x00, 0x00, 0x00, 0x00,
    0x00, 0x00, 0x00, 0x00, 0x00, 0x00, 0x00, 0x00, 0x00, 0x00, 0x00, 0x00, 0x00, 0x00, 0x00, 0x00,
    0x00, 0x00, 0x00, 0x00, 0x00, 0x00, 0x00, 0x00, 0x00, 0x00, 0x00, 0x00, 0x00, 0x00, 0x00, 0x00,
    0x00, 0x00, 0x00, 0x00, 0x00, 0x00, 0x00, 0x00, 0x00, 0x00, 0x00, 0x00, 0x00, 0x00, 0x00, 0x00,
    0x00, 0x00, 0x00, 0x00, 0x00, 0x00, 0x00, 0x00, 0x00, 0x00, 0x00, 0x00, 0x00, 0x00, 0x00, 0x00,
    0x00, 0x00, 0x00, 0x00, 0x00, 0x00, 0x00, 0x00, 0x00, 0x00, 0x00, 0x00, 0x00, 0x00, 0x00, 0x00,
    0x00, 0x00, 0x00, 0x00, 0x00, 0x00, 0x00, 0x00, 0x00, 0x00, 0x00, 0x00, 0x00, 0x00, 0x00, 0x00,
    0x00, 0x00, 0x00, 0x00, 0xe4, 0xe0, 0x52, 0x4b, 0xe4, 0xe0, 0x51, 0xff, 0xe4, 0xe0, 0x51, 0xff,
    0xe4, 0xe0, 0x51, 0xff, 0xe4, 0xe0, 0x51, 0xff, 0xe4, 0xe0, 0x51, 0xff, 0xe4, 0xe0, 0x51, 0xff,
    0xe4, 0xe0, 0x51, 0xff, 0xe4, 0xe0, 0x51, 0xff, 0xe4, 0xe0, 0x51, 0xff, 0xe4, 0xe0, 0x52, 0xac,
    0x00, 0x00, 0x00, 0x00, 0x00, 0x00, 0x00, 0x00, 0x00, 0x00, 0x00, 0x00, 0x00, 0x00, 0x00, 0x00,
    0x00, 0x00, 0x00, 0x00, 0x00, 0x00, 0x00, 0x00, 0x00, 0x00, 0x00, 0x00, 0x00, 0x00, 0x00, 0x00,
    0x00, 0x00, 0x00, 0x00, 0x00, 0x00, 0x00, 0x00, 0x00, 0x00, 0x00, 0x00, 0x00, 0x00, 0x00, 0x00,
    0x00, 0x00, 0x00, 0x00, 0x00, 0x00, 0x00, 0x00, 0x00, 0x00, 0x00, 0x00, 0x00, 0x00, 0x00, 0x00,
    0x00, 0x00, 0x00, 0x00, 0x00, 0x00, 0x00, 0x00, 0x00, 0x00, 0x00, 0x00, 0x00, 0x00, 0x00, 0x00,
    0x00, 0x00, 0x00, 0x00, 0x00, 0x00, 0x00, 0x00, 0x00, 0x00, 0x00, 0x00, 0x00, 0x00, 0x00, 0x00,
    0x00, 0x00, 0x00, 0x00, 0x00, 0x00, 0x00, 0x00, 0x00, 0x00, 0x00, 0x00, 0x00, 0x00, 0x00, 0x00,
    0x00, 0x00, 0x00, 0x00, 0x00, 0x00, 0x00, 0x00, 0x00, 0x00, 0x00, 0x00, 0x00, 0x00, 0x00, 0x00,
    0x00, 0x00, 0x00, 0x00, 0x00, 0x00, 0x00, 0x00, 0x00, 0x00, 0x00, 0x00, 0x00, 0x00, 0x00, 0x00,
    0x00, 0x00, 0x00, 0x00, 0x00, 0x00, 0x00, 0x00, 0x00, 0x00, 0x00, 0x00, 0xe4, 0xe0, 0x52, 0x4b,
    0xe4, 0xe0, 0x51, 0xff, 0xe4, 0xe0, 0x51, 0xff, 0xe4, 0xe0, 0x51, 0xff, 0xe4, 0xe0, 0x51, 0xff,
    0xe4, 0xe0, 0x51, 0xff, 0xe4, 0xe0, 0x51, 0xff, 0xe4, 0xe0, 0x51, 0xff, 0xe4, 0xe0, 0x51, 0xff,
    0xe4, 0xe0, 0x51, 0xff, 0xe4, 0xe1, 0x51, 0x97, 0x00, 0x00, 0x00, 0x00, 0x00, 0x00, 0x00, 0x00,
    0x00, 0x00, 0x00, 0x00, 0x00, 0x00, 0x00, 0x00, 0x00, 0x00, 0x00, 0x00, 0x00, 0x00, 0x00, 0x00,
    0x00, 0x00, 0x00, 0x00, 0x00, 0x00, 0x00, 0x00, 0x00, 0x00, 0x00, 0x00, 0x00, 0x00, 0x00, 0x00,
    0x00, 0x00, 0x00, 0x00, 0x00, 0x00, 0x00, 0x00, 0x00, 0x00, 0x00, 0x00, 0x00, 0x00, 0x00, 0x00,
    0x00, 0x00, 0x00, 0x00, 0x00, 0x00, 0x00, 0x00, 0x00, 0x00, 0x00, 0x00, 0x00, 0x00, 0x00, 0x00,
    0x00, 0x00, 0x00, 0x00, 0x00, 0x00, 0x00, 0x00, 0x00, 0x00, 0x00, 0x00, 0x00, 0x00, 0x00, 0x00,
    0x00, 0x00, 0x00, 0x00, 0x00, 0x00, 0x00, 0x00, 0x00, 0x00, 0x00, 0x00, 0x00, 0x00, 0x00, 0x00,
    0x00, 0x00, 0x00, 0x00, 0x00, 0x00, 0x00, 0x00, 0x00, 0x00, 0x00, 0x00, 0x00, 0x00, 0x00, 0x00,
    0x00, 0x00, 0x00, 0x00, 0x00, 0x00, 0x00, 0x00, 0x00, 0x00, 0x00, 0x00, 0x00, 0x00, 0x00, 0x00,
    0x00, 0x00, 0x00, 0x00, 0x00, 0x00, 0x00, 0x00, 0x00, 0x00, 0x00, 0x00, 0x00, 0x00, 0x00, 0x00,
    0x00, 0x00, 0x00, 0x00, 0xe4, 0xe1, 0x51, 0x55, 0xe4, 0xe0, 0x51, 0xff, 0xe4, 0xe0, 0x51, 0xff,
    0xe4, 0xe0, 0x51, 0xff, 0xe4, 0xe0, 0x51, 0xff, 0xe4, 0xe0, 0x51, 0xff, 0xe4, 0xe0, 0x51, 0xff,
    0xe4, 0xe0, 0x51, 0xff, 0xe4, 0xe0, 0x51, 0xff, 0xe4, 0xe0, 0x51, 0xff, 0xe3, 0xdf, 0x51, 0x81,
    0x00, 0x00, 0x00, 0x00, 0x00, 0x00, 0x00, 0x00, 0x00, 0x00, 0x00, 0x00, 0x00, 0x00, 0x00, 0x00,
    0x00, 0x00, 0x00, 0x00, 0x00, 0x00, 0x00, 0x00, 0x00, 0x00, 0x00, 0x00, 0x00, 0x00, 0x00, 0x00,
    0x00, 0x00, 0x00, 0x00, 0x00, 0x00, 0x00, 0x00, 0x00, 0x00, 0x00, 0x00, 0x00, 0x00, 0x00, 0x00,
    0x00, 0x00, 0x00, 0x00, 0x00, 0x00, 0x00, 0x00, 0x00, 0x00, 0x00, 0x00, 0x00, 0x00, 0x00, 0x00,
    0x00, 0x00, 0x00, 0x00, 0x00, 0x00, 0x00, 0x00, 0x00, 0x00, 0x00, 0x00, 0x00, 0x00, 0x00, 0x00,
    0x00, 0x00, 0x00, 0x00, 0x00, 0x00, 0x00, 0x00, 0x00, 0x00, 0x00, 0x00, 0x00, 0x00, 0x00, 0x00,
    0x00, 0x00, 0x00, 0x00, 0x00, 0x00, 0x00, 0x00, 0x00, 0x00, 0x00, 0x00, 0x00, 0x00, 0x00, 0x00,
    0x00, 0x00, 0x00, 0x00, 0x00, 0x00, 0x00, 0x00, 0x00, 0x00, 0x00, 0x00, 0x00, 0x00, 0x00, 0x00,
    0x00, 0x00, 0x00, 0x00, 0x00, 0x00, 0x00, 0x00, 0x00, 0x00, 0x00, 0x00, 0x00, 0x00, 0x00, 0x00,
    0x00, 0x00, 0x00, 0x00, 0x00, 0x00, 0x00, 0x00, 0x00, 0x00, 0x00, 0x00, 0xe5, 0xe1, 0x50, 0x76,
    0xe4, 0xe0, 0x51, 0xff, 0xe4, 0xe0, 0x51, 0xff, 0xe4, 0xe0, 0x51, 0xff, 0xe4, 0xe0, 0x51, 0xff,
    0xe4, 0xe0, 0x51, 0xff, 0xe4, 0xe0, 0x51, 0xff, 0xe4, 0xe0, 0x51, 0xff, 0xe4, 0xe0, 0x51, 0xff,
    0xe4, 0xe0, 0x51, 0xff, 0xe4, 0xe1, 0x52, 0x54, 0x00, 0x00, 0x00, 0x00, 0x00, 0x00, 0x00, 0x00,
    0x00, 0x00, 0x00, 0x00, 0x00, 0x00, 0x00, 0x00, 0x00, 0x00, 0x00, 0x00, 0x00, 0x00, 0x00, 0x00,
    0x00, 0x00, 0x00, 0x00, 0x00, 0x00, 0x00, 0x00, 0x00, 0x00, 0x00, 0x00, 0x00, 0x00, 0x00, 0x00,
    0x00, 0x00, 0x00, 0x00, 0x00, 0x00, 0x00, 0x00, 0x00, 0x00, 0x00, 0x00, 0x00, 0x00, 0x00, 0x00,
    0x00, 0x00, 0x00, 0x00, 0x00, 0x00, 0x00, 0x00, 0x00, 0x00, 0x00, 0x00, 0x00, 0x00, 0x00, 0x00,
    0x00, 0x00, 0x00, 0x00, 0x00, 0x00, 0x00, 0x00, 0x00, 0x00, 0x00, 0x00, 0x00, 0x00, 0x00, 0x00,
    0x00, 0x00, 0x00, 0x00, 0x00, 0x00, 0x00, 0x00, 0x00, 0x00, 0x00, 0x00, 0x00, 0x00, 0x00, 0x00,
    0x00, 0x00, 0x00, 0x00, 0x00, 0x00, 0x00, 0x00, 0x00, 0x00, 0x00, 0x00, 0x00, 0x00, 0x00, 0x00,
    0x00, 0x00, 0x00, 0x00, 0x00, 0x00, 0x00, 0x00, 0x00, 0x00, 0x00, 0x00, 0x00, 0x00, 0x00, 0x00,
    0x00, 0x00, 0x00, 0x00, 0x00, 0x00, 0x00, 0x00, 0x00, 0x00, 0x00, 0x00, 0x00, 0x00, 0x00, 0x00,
    0x00, 0x00, 0x00, 0x00, 0xe5, 0xe1, 0x51, 0xc1, 0xe4, 0xe0, 0x51, 0xff, 0xe4, 0xe0, 0x51, 0xff,
    0xe4, 0xe0, 0x51, 0xff, 0xe4, 0xe0, 0x51, 0xff, 0xe4, 0xe0, 0x51, 0xff, 0xe4, 0xe0, 0x51, 0xff,
    0xe4, 0xe0, 0x51, 0xff, 0xe4, 0xe0, 0x51, 0xff, 0xe4, 0xe0, 0x51, 0xff, 0xe3, 0xe3, 0x55, 0x1b,
    0x00, 0x00, 0x00, 0x00, 0x00, 0x00, 0x00, 0x00, 0x00, 0x00, 0x00, 0x00, 0x00, 0x00, 0x00, 0x00,
    0x00, 0x00, 0x00, 0x00, 0x00, 0x00, 0x00, 0x00, 0x00, 0x00, 0x00, 0x00, 0x00, 0x00, 0x00, 0x00,
    0x00, 0x00, 0x00, 0x00, 0x00, 0x00, 0x00, 0x00, 0x00, 0x00, 0x00, 0x00, 0x00, 0x00, 0x00, 0x00,
    0x00, 0x00, 0x00, 0x00, 0x00, 0x00, 0x00, 0x00, 0x00, 0x00, 0x00, 0x00, 0x00, 0x00, 0x00, 0x00,
    0x00, 0x00, 0x00, 0x00, 0x00, 0x00, 0x00, 0x00, 0x00, 0x00, 0x00, 0x00, 0x00, 0x00, 0x00, 0x00,
    0x00, 0x00, 0x00, 0x00, 0x00, 0x00, 0x00, 0x00, 0x00, 0x00, 0x00, 0x00, 0x00, 0x00, 0x00, 0x00,
    0x00, 0x00, 0x00, 0x00, 0x00, 0x00, 0x00, 0x00, 0x00, 0x00, 0x00, 0x00, 0x00, 0x00, 0x00, 0x00,
    0x00, 0x00, 0x00, 0x00, 0x00, 0x00, 0x00, 0x00, 0x00, 0x00, 0x00, 0x00, 0x00, 0x00, 0x00, 0x00,
    0x00, 0x00, 0x00, 0x00, 0x00, 0x00, 0x00, 0x00, 0x00, 0x00, 0x00, 0x00, 0x00, 0x00, 0x00, 0x00,
    0x00, 0x00, 0x00, 0x00, 0x00, 0x00, 0x00, 0x00, 0xe5, 0xdf, 0x51, 0x4f, 0xe4, 0xe0, 0x51, 0xff,
    0xe4, 0xe0, 0x51, 0xff, 0xe4, 0xe0, 0x51, 0xff, 0xe4, 0xe0, 0x51, 0xff, 0xe4, 0xe0, 0x51, 0xff,
    0xe4, 0xe0, 0x51, 0xff, 0xe4, 0xe0, 0x51, 0xff, 0xe4, 0xe0, 0x51, 0xff, 0xe4, 0xe0, 0x51, 0xff,
    0xe4, 0xe0, 0x51, 0xe5, 0xe4, 0xe4, 0x51, 0x13, 0xe7, 0xdb, 0x55, 0x15, 0xe8, 0xdc, 0x51, 0x16,
    0xdf, 0xdf, 0x55, 0x18, 0xe2, 0xe2, 0x4e, 0x1a, 0xe3, 0xe3, 0x55, 0x1b, 0xe5, 0xdc, 0x4f, 0x1d,
    0xe6, 0xdd, 0x55, 0x1e, 0xe7, 0xdf, 0x50, 0x20, 0xe1, 0xe1, 0x52, 0x22, 0xe2, 0xe2, 0x50, 0x23,
    0xe3, 0xe3, 0x53, 0x25, 0xe4, 0xdd, 0x51, 0x26, 0xe7, 0xdb, 0x55, 0x15, 0x00, 0x00, 0x00, 0x00,
    0x00, 0x00, 0x00, 0x00, 0x00, 0x00, 0x00, 0x00, 0x00, 0x00, 0x00, 0x00, 0x00, 0x00, 0x00, 0x00,
    0x00, 0x00, 0x00, 0x00, 0x00, 0x00, 0x00, 0x00, 0x00, 0x00, 0x00, 0x00, 0x00, 0x00, 0x00, 0x00,
    0x00, 0x00, 0x00, 0x00, 0x00, 0x00, 0x00, 0x00, 0x00, 0x00, 0x00, 0x00, 0x00, 0x00, 0x00, 0x00,
    0x00, 0x00, 0x00, 0x00, 0x00, 0x00, 0x00, 0x00, 0x00, 0x00, 0x00, 0x00, 0x00, 0x00, 0x00, 0x00,
    0x00, 0x00, 0x00, 0x00, 0x00, 0x00, 0x00, 0x00, 0x00, 0x00, 0x00, 0x00, 0x00, 0x00, 0x00, 0x00,
    0x00, 0x00, 0x00, 0x00, 0x00, 0x00, 0x00, 0x00, 0x00, 0x00, 0x00, 0x00, 0xe1, 0xe1, 0x4b, 0x11,
    0xe4, 0xe0, 0x51, 0xe6, 0xe4, 0xe0, 0x51, 0xff, 0xe4, 0xe0, 0x51, 0xff, 0xe4, 0xe0, 0x51, 0xff,
    0xe4, 0xe0, 0x51, 0xff, 0xe4, 0xe0, 0x51, 0xff, 0xe4, 0xe0, 0x51, 0xff, 0xe4, 0xe0, 0x51, 0xff,
    0xe4, 0xe0, 0x51, 0xff, 0xe4, 0xe0, 0x51, 0xff, 0xe4, 0xe0, 0x51, 0xff, 0xe4, 0xe0, 0x51, 0xff,
    0xe4, 0xe0, 0x51, 0xff, 0xe4, 0xe0, 0x51, 0xff, 0xe4, 0xe0, 0x51, 0xff, 0xe4, 0xe0, 0x51, 0xff,
    0xe4, 0xe0, 0x51, 0xff, 0xe4, 0xe0, 0x51, 0xff, 0xe4, 0xe0, 0x51, 0xff, 0xe4, 0xe0, 0x51, 0xff,
    0xe4, 0xe0, 0x51, 0xff, 0xe4, 0xe0, 0x51, 0xff, 0xe4, 0xe0, 0x51, 0xff, 0xe4, 0xe0, 0x51, 0xff,
    0xe4, 0xe0, 0x51, 0xff, 0xe4, 0xe0, 0x51, 0xd8, 0xe3, 0xe0, 0x53, 0x4a, 0x00, 0x00, 0x00, 0x00,
    0x00, 0x00, 0x00, 0x00, 0x00, 0x00, 0x00, 0x00, 0x00, 0x00, 0x00, 0x00, 0x00, 0x00, 0x00, 0x00,
    0x00, 0x00, 0x00, 0x00, 0x00, 0x00, 0x00, 0x00, 0x00, 0x00, 0x00, 0x00, 0x00, 0x00, 0x00, 0x00,
    0x00, 0x00, 0x00, 0x00, 0x00, 0x00, 0x00, 0x00, 0x00, 0x00, 0x00, 0x00, 0x00, 0x00, 0x00, 0x00,
    0x00, 0x00, 0x00, 0x00, 0x00, 0x00, 0x00, 0x00, 0x00, 0x00, 0x00, 0x00, 0x00, 0x00, 0x00, 0x00,
    0x00, 0x00, 0x00, 0x00, 0x00, 0x00, 0x00, 0x00, 0x00, 0x00, 0x00, 0x00, 0x00, 0x00, 0x00, 0x00,
    0xe3, 0xe3, 0x53, 0x25, 0xe4, 0xe0, 0x51, 0xcf, 0xe4, 0xe0, 0x51, 0xff, 0xe4, 0xe0, 0x51, 0xff,
    0xe4, 0xe0, 0x51, 0xff, 0xe4, 0xe0, 0x51, 0xff, 0xe4, 0xe0, 0x51, 0xff, 0xe4, 0xe0, 0x51, 0xff,
    0xe4, 0xe0, 0x51, 0xff, 0xe4, 0xe0, 0x51, 0xff, 0xe4, 0xe0, 0x51, 0xff, 0xe4, 0xe0, 0x51, 0xff,
    0xe4, 0xe0, 0x51, 0xff, 0xe4, 0xe0, 0x51, 0xff, 0xe4, 0xe0, 0x51, 0xff, 0xe4, 0xe0, 0x51, 0xff,
    0xe4, 0xe0, 0x51, 0xff, 0xe4, 0xe0, 0x51, 0xff, 0xe4, 0xe0, 0x51, 0xff, 0xe4, 0xe0, 0x51, 0xff,
    0xe4, 0xe0, 0x51, 0xff, 0xe4, 0xe0, 0x51, 0xff, 0xe4, 0xe0, 0x51, 0xff, 0xe4, 0xe0, 0x51, 0xff,
    0xe4, 0xe0, 0x51, 0xff, 0xe4, 0xe0, 0x51, 0xff, 0xe4, 0xe0, 0x51, 0xff, 0xe4, 0xe0, 0x51, 0xff,
    0xe4, 0xe0, 0x51, 0xfe, 0xe4, 0xdf, 0x50, 0x79, 0x00, 0x00, 0x00, 0x00, 0x00, 0x00, 0x00, 0x00,
    0x00, 0x00, 0x00, 0x00, 0x00, 0x00, 0x00, 0x00, 0x00, 0x00, 0x00, 0x00, 0x00, 0x00, 0x00, 0x00,
    0x00, 0x00, 0x00, 0x00, 0x00, 0x00, 0x00, 0x00, 0x00, 0x00, 0x00, 0x00, 0x00, 0x00, 0x00, 0x00,
    0x00, 0x00, 0x00, 0x00, 0x00, 0x00, 0x00, 0x00, 0x00, 0x00, 0x00, 0x00, 0x00, 0x00, 0x00, 0x00,
    0x00, 0x00, 0x00, 0x00, 0x00, 0x00, 0x00, 0x00, 0x00, 0x00, 0x00, 0x00, 0x00, 0x00, 0x00, 0x00,
    0xe3, 0xe3, 0x55, 0x09, 0xe4, 0xdf, 0x52, 0x67, 0xe4, 0xe0, 0x51, 0xf2, 0xe4, 0xe0, 0x51, 0xff,
    0xe4, 0xe0, 0x51, 0xff, 0xe4, 0xe0, 0x51, 0xff, 0xe4, 0xe0, 0x51, 0xff, 0xe4, 0xe0, 0x51, 0xff,
    0xe4, 0xe0, 0x51, 0xff, 0xe4, 0xe0, 0x51, 0xff, 0xe4, 0xe0, 0x51, 0xff, 0xe4, 0xe0, 0x51, 0xff,
    0xe4, 0xe0, 0x51, 0xff, 0xe4, 0xe0, 0x51, 0xff, 0xe4, 0xe0, 0x51, 0xff, 0xe4, 0xe0, 0x51, 0xff,
    0xe4, 0xe0, 0x51, 0xff, 0xe4, 0xe0, 0x51, 0xff, 0xe4, 0xe0, 0x51, 0xff, 0xe4, 0xe0, 0x51, 0xff,
    0xe4, 0xe0, 0x51, 0xff, 0xe4, 0xe0, 0x51, 0xff, 0xe4, 0xe0, 0x51, 0xff, 0xe4, 0xe0, 0x51, 0xff,
    0xe4, 0xe0, 0x51, 0xff, 0xe4, 0xe0, 0x51, 0xff, 0xe4, 0xe0, 0x51, 0xff, 0xe4, 0xe0, 0x51, 0xff,
    0xe4, 0xe0, 0x51, 0xff, 0xe4, 0xe0, 0x51, 0xff, 0xe4, 0xe0, 0x51, 0xff, 0xe4, 0xe0, 0x51, 0xfd,
    0xe6, 0xe0, 0x51, 0x29, 0x00, 0x00, 0x00, 0x00, 0x00, 0x00, 0x00, 0x00, 0x00, 0x00, 0x00, 0x00,
    0x00, 0x00, 0x00, 0x00, 0x00, 0x00, 0x00, 0x00, 0x00, 0x00, 0x00, 0x00, 0x00, 0x00, 0x00, 0x00,
    0xe9, 0xde, 0x4e, 0x17, 0xe4, 0xe0, 0x52, 0x83, 0xe3, 0xe0, 0x52, 0xaf, 0xe4, 0xdf, 0x51, 0xb1,
    0xe5, 0xe0, 0x51, 0xae, 0xe3, 0xdf, 0x50, 0x40, 0x00, 0x00, 0x00, 0x00, 0x00, 0x00, 0x00, 0x00,
    0xe3, 0xe0, 0x52, 0x51, 0xe4, 0xe0, 0x51, 0xbd, 0xe4, 0xe0, 0x51, 0xf2, 0xe4, 0xe0, 0x51, 0xff,
    0xe4, 0xe0, 0x51, 0xff, 0xe4, 0xe0, 0x51, 0xff, 0xe4, 0xe0, 0x51, 0xff, 0xe4, 0xe0, 0x51, 0xff,
    0xe4, 0xe0, 0x51, 0xff, 0xe4, 0xe0, 0x51, 0xff, 0xe4, 0xe0, 0x51, 0xff, 0xe4, 0xe0, 0x51, 0xff,
    0xe4, 0xe0, 0x51, 0xff, 0xe4, 0xe0, 0x51, 0xff, 0xe4, 0xe0, 0x51, 0xff, 0xe4, 0xe0, 0x51, 0xff,
    0xe4, 0xe0, 0x51, 0xff, 0xe4, 0xe0, 0x51, 0xff, 0xe4, 0xe0, 0x51, 0xff, 0xe4, 0xe0, 0x51, 0xff,
    0xe4, 0xe0, 0x51, 0xff, 0xe4, 0xe0, 0x51, 0xff, 0xe4, 0xe0, 0x51, 0xff, 0xe4, 0xe0, 0x51, 0xff,
    0xe4, 0xe0, 0x51, 0xff, 0xe4, 0xe0, 0x51, 0xff, 0xe4, 0xe0, 0x51, 0xff, 0xe4, 0xe0, 0x51, 0xff,
    0xe4, 0xe0, 0x51, 0xff, 0xe4, 0xe0, 0x51, 0xff, 0xe4, 0xe0, 0x51, 0xff, 0xe4, 0xe0, 0x51, 0xff,
    0xe4, 0xe0, 0x51, 0xff, 0xe4, 0xe0, 0x51, 0xff, 0xe4, 0xdf, 0x51, 0xa1, 0x00, 0x00, 0x00, 0x00,
    0x00, 0x00, 0x00, 0x00, 0x00, 0x00, 0x00, 0x00, 0x00, 0x00, 0x00, 0x00, 0x00, 0x00, 0x00, 0x00,
    0x00, 0x00, 0x00, 0x00, 0xe7, 0xdf, 0x50, 0x20, 0xe4, 0xe0, 0x51, 0xeb, 0xe4, 0xe0, 0x51, 0xff,
    0xe4, 0xe0, 0x51, 0xff, 0xe4, 0xe0, 0x51, 0xff, 0xe4, 0xe0, 0x51, 0xff, 0xe4, 0xdf, 0x50, 0x60,
    0x00, 0x00, 0x00, 0x00, 0x00, 0x00, 0x00, 0x00, 0xe3, 0xdf, 0x52, 0x80, 0xe4, 0xe0, 0x51, 0xff,
    0xe4, 0xe0, 0x51, 0xff, 0xe4, 0xe0, 0x51, 0xff, 0xe4, 0xe0, 0x51, 0xff, 0xe4, 0xe0, 0x51, 0xff,
    0xe4, 0xe0, 0x51, 0xff, 0xe4, 0xe0, 0x51, 0xff, 0xe4, 0xe0, 0x51, 0xff, 0xe4, 0xe0, 0x51, 0xff,
    0xe4, 0xe0, 0x51, 0xff, 0xe4, 0xe0, 0x51, 0xff, 0xe4, 0xe0, 0x51, 0xff, 0xe4, 0xe0, 0x51, 0xff,
    0xe4, 0xe0, 0x51, 0xff, 0xe4, 0xe0, 0x51, 0xff, 0xe4, 0xe0, 0x51, 0xff, 0xe4, 0xe0, 0x51, 0xff,
    0xe4, 0xe0, 0x51, 0xff, 0xe4, 0xe0, 0x51, 0xff, 0xe4, 0xe0, 0x51, 0xff, 0xe4, 0xe0, 0x51, 0xff,
    0xe4, 0xe0, 0x51, 0xff, 0xe4, 0xe0, 0x51, 0xff, 0xe4, 0xe0, 0x51, 0xff, 0xe4, 0xe0, 0x51, 0xff,
    0xe4, 0xe0, 0x51, 0xff, 0xe4, 0xe0, 0x51, 0xff, 0xe4, 0xe0, 0x51, 0xff, 0xe4, 0xe0, 0x51, 0xff,
    0xe4, 0xe0, 0x51, 0xff, 0xe4, 0xe0, 0x51, 0xff, 0xe4, 0xe0, 0x51, 0xff, 0xe4, 0xe0, 0x51, 0xff,
    0xe3, 0xe0, 0x51, 0xd5, 0x00, 0x00, 0x00, 0x00, 0x00, 0x00, 0x00, 0x00, 0x00, 0x00, 0x00, 0x00,
    0x00, 0x00, 0x00, 0x00, 0x00, 0x00, 0x00, 0x00, 0x00, 0x00, 0x00, 0x00, 0xe4, 0xe0, 0x50, 0xa2,
    0xe4, 0xe0, 0x51, 0xff, 0xe4, 0xe0, 0x51, 0xff, 0xe4, 0xe0, 0x51, 0xff, 0xe4, 0xe0, 0x51, 0xff,
    0xe4, 0xe0, 0x51, 0xff, 0xe4, 0xdf, 0x50, 0x60, 0x00, 0x00, 0x00, 0x00, 0x00, 0x00, 0x00, 0x00,
    0xe3, 0xdf, 0x52, 0x80, 0xe4, 0xe0, 0x51, 0xff, 0xe4, 0xe0, 0x51, 0xff, 0xe4, 0xe0, 0x51, 0xff,
    0xe4, 0xe0, 0x51, 0xff, 0xe4, 0xe0, 0x51, 0xff, 0xe4, 0xe0, 0x51, 0xff, 0xe4, 0xe0, 0x51, 0xff,
    0xe4, 0xe0, 0x51, 0xff, 0xe4, 0xe0, 0x51, 0xff, 0xe4, 0xe0, 0x51, 0xff, 0xe4, 0xe0, 0x51, 0xff,
    0xe4, 0xe0, 0x51, 0xff, 0xe4, 0xe0, 0x51, 0xff, 0xe4, 0xe0, 0x51, 0xff, 0xe4, 0xe0, 0x51, 0xff,
    0xe4, 0xe0, 0x51, 0xff, 0xe4, 0xe0, 0x51, 0xff, 0xe4, 0xe0, 0x51, 0xff, 0xe4, 0xe0, 0x51, 0xff,
    0xe4, 0xe0, 0x51, 0xff, 0xe4, 0xe0, 0x51, 0xff, 0xe4, 0xe0, 0x51, 0xff, 0xe4, 0xe0, 0x51, 0xff,
    0xe4, 0xe0, 0x51, 0xff, 0xe4, 0xe0, 0x51, 0xff, 0xe4, 0xe0, 0x51, 0xff, 0xe4, 0xe0, 0x51, 0xff,
    0xe4, 0xe0, 0x51, 0xff, 0xe4, 0xe0, 0x51, 0xff, 0xe4, 0xe0, 0x51, 0xff, 0xe4, 0xe0, 0x51, 0xff,
    0xe4, 0xe0, 0x51, 0xff, 0xe4, 0xe0, 0x51, 0xff, 0xe4, 0xe0, 0x50, 0xce, 0x00, 0x00, 0x00, 0x00,
    0x00, 0x00, 0x00, 0x00, 0x00, 0x00, 0x00, 0x00, 0x00, 0x00, 0x00, 0x00, 0x00, 0x00, 0x00, 0x00,
    0x00, 0x00, 0x00, 0x00, 0xe4, 0xe0, 0x51, 0xd7, 0xe4, 0xe0, 0x51, 0xff, 0xe4, 0xe0, 0x51, 0xff,
    0xe4, 0xe0, 0x51, 0xff, 0xe4, 0xe0, 0x51, 0xff, 0xe4, 0xe0, 0x51, 0xff, 0xe4, 0xdf, 0x50, 0x60,
    0x00, 0x00, 0x00, 0x00, 0x00, 0x00, 0x00, 0x00, 0xe3, 0xdf, 0x52, 0x80, 0xe4, 0xe0, 0x51, 0xff,
    0xe4, 0xe0, 0x51, 0xff, 0xe4, 0xe0, 0x51, 0xff, 0xe4, 0xe0, 0x51, 0xff, 0xe4, 0xe0, 0x51, 0xff,
    0xe4, 0xe0, 0x51, 0xff, 0xe4, 0xe0, 0x51, 0xff, 0xe4, 0xe0, 0x51, 0xff, 0xe4, 0xe0, 0x51, 0xff,
    0xe4, 0xe0, 0x51, 0xff, 0xe4, 0xe0, 0x51, 0xff, 0xe4, 0xe0, 0x51, 0xff, 0xe4, 0xe0, 0x51, 0xff,
    0xe4, 0xe0, 0x51, 0xff, 0xe4, 0xe0, 0x51, 0xff, 0xe4, 0xe0, 0x51, 0xff, 0xe4, 0xe0, 0x51, 0xff,
    0xe4, 0xe0, 0x51, 0xff, 0xe4, 0xe0, 0x51, 0xff, 0xe4, 0xe0, 0x51, 0xff, 0xe4, 0xe0, 0x51, 0xff,
    0xe4, 0xe0, 0x51, 0xff, 0xe4, 0xe0, 0x51, 0xff, 0xe4, 0xe0, 0x51, 0xff, 0xe4, 0xe0, 0x51, 0xff,
    0xe4, 0xe0, 0x51, 0xff, 0xe4, 0xe0, 0x51, 0xff, 0xe4, 0xe0, 0x51, 0xff, 0xe4, 0xe0, 0x51, 0xff,
    0xe4, 0xe0, 0x51, 0xff, 0xe4, 0xe0, 0x51, 0xff, 0xe4, 0xe0, 0x51, 0xff, 0xe4, 0xe0, 0x51, 0xff,
    0xe3, 0xe0, 0x51, 0xa6, 0x00, 0x00, 0x00, 0x00, 0x00, 0x00, 0x00, 0x00, 0x00, 0x00, 0x00, 0x00,
    0x00, 0x00, 0x00, 0x00, 0x00, 0x00, 0x00, 0x00, 0x00, 0x00, 0x00, 0x00, 0xe4, 0xe0, 0x51, 0xe0,
    0xe4, 0xe0, 0x51, 0xff, 0xe4, 0xe0, 0x51, 0xff, 0xe4, 0xe0, 0x51, 0xff, 0xe4, 0xe0, 0x51, 0xff,
    0xe4, 0xe0, 0x51, 0xff, 0xe4, 0xdf, 0x50, 0x60, 0x00, 0x00, 0x00, 0x00, 0x00, 0x00, 0x00, 0x00,
    0xe3, 0xdf, 0x52, 0x80, 0xe4, 0xe0, 0x51, 0xff, 0xe4, 0xe0, 0x51, 0xff, 0xe4, 0xe0, 0x51, 0xff,
    0xe4, 0xe0, 0x51, 0xff, 0xe4, 0xe0, 0x51, 0xff, 0xe4, 0xe0, 0x51, 0xff, 0xe4, 0xe0, 0x51, 0xff,
    0xe4, 0xe0, 0x51, 0xff, 0xe4, 0xe0, 0x51, 0xff, 0xe4, 0xe0, 0x51, 0xff, 0xe4, 0xe0, 0x51, 0xff,
    0xe4, 0xe0, 0x51, 0xff, 0xe4, 0xe0, 0x51, 0xff, 0xe4, 0xe0, 0x51, 0xff, 0xe4, 0xe0, 0x51, 0xff,
    0xe4, 0xe0, 0x51, 0xff, 0xe4, 0xe0, 0x51, 0xff, 0xe4, 0xe0, 0x51, 0xff, 0xe4, 0xe0, 0x51, 0xff,
    0xe4, 0xe0, 0x51, 0xff, 0xe4, 0xe0, 0x51, 0xff, 0xe4, 0xe0, 0x51, 0xff, 0xe4, 0xe0, 0x51, 0xff,
    0xe4, 0xe0, 0x51, 0xff, 0xe4, 0xe0, 0x51, 0xff, 0xe4, 0xe0, 0x51, 0xff, 0xe4, 0xe0, 0x51, 0xff,
    0xe4, 0xe0, 0x51, 0xff, 0xe4, 0xe0, 0x51, 0xff, 0xe4, 0xe0, 0x51, 0xff, 0xe4, 0xe0, 0x51, 0xff,
    0xe4, 0xe0, 0x51, 0xff, 0xe4, 0xe0, 0x51, 0xff, 0xe5, 0xe1, 0x50, 0x76, 0x00, 0x00, 0x00, 0x00,
    0x00, 0x00, 0x00, 0x00, 0x00, 0x00, 0x00, 0x00, 0x00, 0x00, 0x00, 0x00, 0x00, 0x00, 0x00, 0x00,
    0x00, 0x00, 0x00, 0x00, 0xe4, 0xe0, 0x51, 0xe0, 0xe4, 0xe0, 0x51, 0xff, 0xe4, 0xe0, 0x51, 0xff,
    0xe4, 0xe0, 0x51, 0xff, 0xe4, 0xe0, 0x51, 0xff, 0xe4, 0xe0, 0x51, 0xff, 0xe4, 0xdf, 0x50, 0x60,
    0x00, 0x00, 0x00, 0x00, 0x00, 0x00, 0x00, 0x00, 0xe3, 0xdf, 0x52, 0x80, 0xe4, 0xe0, 0x51, 0xff,
    0xe4, 0xe0, 0x51, 0xff, 0xe4, 0xe0, 0x51, 0xff, 0xe4, 0xe0, 0x51, 0xff, 0xe4, 0xe0, 0x51, 0xff,
    0xe4, 0xe0, 0x51, 0xff, 0xe4, 0xe0, 0x51, 0xff, 0xe4, 0xe0, 0x51, 0xff, 0xe4, 0xe0, 0x51, 0xff,
    0xe4, 0xe0, 0x51, 0xff, 0xe4, 0xe0, 0x51, 0xff, 0xe4, 0xe0, 0x51, 0xff, 0xe4, 0xe0, 0x51, 0xff,
    0xe4, 0xe0, 0x51, 0xff, 0xe4, 0xe0, 0x51, 0xff, 0xe4, 0xe0, 0x51, 0xff, 0xe4, 0xe0, 0x51, 0xff,
    0xe4, 0xe0, 0x51, 0xff, 0xe4, 0xe0, 0x51, 0xff, 0xe4, 0xe0, 0x51, 0xff, 0xe4, 0xe0, 0x51, 0xff,
    0xe4, 0xe0, 0x51, 0xff, 0xe4, 0xe0, 0x51, 0xff, 0xe4, 0xe0, 0x51, 0xff, 0xe4, 0xe0, 0x51, 0xff,
    0xe4, 0xe0, 0x51, 0xff, 0xe4, 0xe0, 0x51, 0xff, 0xe4, 0xe0, 0x51, 0xff, 0xe4, 0xe0, 0x51, 0xff,
    0xe4, 0xe0, 0x51, 0xff, 0xe4, 0xe0, 0x51, 0xff, 0xe4, 0xe0, 0x51, 0xff, 0xe4, 0xe0, 0x51, 0xff,
    0xe5, 0xe1, 0x51, 0x45, 0x00, 0x00, 0x00, 0x00, 0x00, 0x00, 0x00, 0x00, 0x00, 0x00, 0x00, 0x00,
    0x00, 0x00, 0x00, 0x00, 0x00, 0x00, 0x00, 0x00, 0x00, 0x00, 0x00, 0x00, 0xe4, 0xe0, 0x51, 0xe0,
    0xe4, 0xe0, 0x51, 0xff, 0xe4, 0xe0, 0x51, 0xff, 0xe4, 0xe0, 0x51, 0xff, 0xe4, 0xe0, 0x51, 0xff,
    0xe4, 0xe0, 0x51, 0xff, 0xe4, 0xdf, 0x50, 0x60, 0x00, 0x00, 0x00, 0x00, 0x00, 0x00, 0x00, 0x00,
    0xe3, 0xdf, 0x52, 0x80, 0xe4, 0xe0, 0x51, 0xff, 0xe4, 0xe0, 0x51, 0xff, 0xe4, 0xe0, 0x51, 0xff,
    0xe4, 0xe0, 0x51, 0xff, 0xe4, 0xe0, 0x51, 0xff, 0xe4, 0xe0, 0x51, 0xff, 0xe4, 0xe0, 0x51, 0xff,
    0xe4, 0xe0, 0x51, 0xff, 0xe4, 0xe0, 0x51, 0xff, 0xe4, 0xe0, 0x51, 0xff, 0xe4, 0xe0, 0x51, 0xff,
    0xe4, 0xe0, 0x51, 0xff, 0xe4, 0xe0, 0x51, 0xff, 0xe4, 0xe0, 0x51, 0xff, 0xe4, 0xe0, 0x51, 0xff,
    0xe4, 0xe0, 0x51, 0xff, 0xe4, 0xe0, 0x51, 0xff, 0xe4, 0xe0, 0x51, 0xff, 0xe4, 0xe0, 0x51, 0xff,
    0xe4, 0xe0, 0x51, 0xff, 0xe4, 0xe0, 0x51, 0xff, 0xe4, 0xe0, 0x51, 0xff, 0xe4, 0xe0, 0x51, 0xff,
    0xe4, 0xe0, 0x51, 0xff, 0xe4, 0xe0, 0x51, 0xff, 0xe4, 0xe0, 0x51, 0xff, 0xe4, 0xe0, 0x51, 0xff,
    0xe4, 0xe0, 0x51, 0xff, 0xe4, 0xe0, 0x51, 0xff, 0xe4, 0xe0, 0x51, 0xff, 0xe4, 0xe0, 0x51, 0xff,
    0xe4, 0xe0, 0x51, 0xff, 0xe4, 0xe0, 0x51, 0xff, 0xe7, 0xdb, 0x55, 0x15, 0x00, 0x00, 0x00, 0x00,
    0x00, 0x00, 0x00, 0x00, 0x00, 0x00, 0x00, 0x00, 0x00, 0x00, 0x00, 0x00, 0x00, 0x00, 0x00, 0x00,
    0x00, 0x00, 0x00, 0x00, 0xe4, 0xe0, 0x51, 0xe0, 0xe4, 0xe0, 0x51, 0xff, 0xe4, 0xe0, 0x51, 0xff,
    0xe4, 0xe0, 0x51, 0xff, 0xe4, 0xe0, 0x51, 0xff, 0xe4, 0xe0, 0x51, 0xff, 0xe4, 0xdf, 0x50, 0x60,
    0x00, 0x00, 0x00, 0x00, 0x00, 0x00, 0x00, 0x00, 0xe3, 0xdf, 0x52, 0x80, 0xe4, 0xe0, 0x51, 0xff,
    0xe4, 0xe0, 0x51, 0xff, 0xe4, 0xe0, 0x51, 0xff, 0xe4, 0xe0, 0x51, 0xff, 0xe4, 0xe0, 0x51, 0xff,
    0xe4, 0xe0, 0x51, 0xff, 0xe4, 0xe0, 0x51, 0xff, 0xe4, 0xe0, 0x51, 0xff, 0xe4, 0xe0, 0x51, 0xff,
    0xe4, 0xe0, 0x51, 0xff, 0xe4, 0xe0, 0x51, 0xff, 0xe4, 0xe0, 0x51, 0xff, 0xe4, 0xe0, 0x51, 0xff,
    0xe4, 0xe0, 0x51, 0xff, 0xe4, 0xe0, 0x51, 0xff, 0xe4, 0xe0, 0x51, 0xff, 0xe4, 0xe0, 0x51, 0xff,
    0xe4, 0xe0, 0x51, 0xff, 0xe4, 0xe0, 0x51, 0xff, 0xe4, 0xe0, 0x51, 0xff, 0xe4, 0xe0, 0x51, 0xff,
    0xe4, 0xe0, 0x51, 0xff, 0xe4, 0xe0, 0x51, 0xff, 0xe4, 0xe0, 0x51, 0xff, 0xe4, 0xe0, 0x51, 0xff,
    0xe4, 0xe0, 0x51, 0xff, 0xe4, 0xe0, 0x51, 0xff, 0xe4, 0xe0, 0x51, 0xff, 0xe4, 0xe0, 0x51, 0xff,
    0xe4, 0xe0, 0x51, 0xff, 0xe4, 0xe0, 0x51, 0xff, 0xe4, 0xe0, 0x51, 0xff, 0xe4, 0xe0, 0x51, 0xe4,
    0x00, 0x00, 0x00, 0x00, 0x00, 0x00, 0x00, 0x00, 0x00, 0x00, 0x00, 0x00, 0x00, 0x00, 0x00, 0x00,
    0x00, 0x00, 0x00, 0x00, 0x00, 0x00, 0x00, 0x00, 0x00, 0x00, 0x00, 0x00, 0xe4, 0xe0, 0x51, 0xe0,
    0xe4, 0xe0, 0x51, 0xff, 0xe4, 0xe0, 0x51, 0xff, 0xe4, 0xe0, 0x51, 0xff, 0xe4, 0xe0, 0x51, 0xff,
    0xe4, 0xe0, 0x51, 0xff, 0xe4, 0xdf, 0x50, 0x60, 0x00, 0x00, 0x00, 0x00, 0x00, 0x00, 0x00, 0x00,
    0xe3, 0xdf, 0x52, 0x80, 0xe4, 0xe0, 0x51, 0xff, 0xe4, 0xe0, 0x51, 0xff, 0xe4, 0xe0, 0x51, 0xff,
    0xe4, 0xe0, 0x51, 0xff, 0xe4, 0xe0, 0x51, 0xff, 0xe4, 0xe0, 0x51, 0xff, 0xe4, 0xe0, 0x51, 0xff,
    0xe4, 0xe0, 0x51, 0xff, 0xe4, 0xe0, 0x51, 0xff, 0xe4, 0xe0, 0x51, 0xff, 0xe4, 0xe0, 0x51, 0xff,
    0xe4, 0xe0, 0x51, 0xff, 0xe4, 0xe0, 0x51, 0xff, 0xe4, 0xe0, 0x51, 0xff, 0xe4, 0xe0, 0x51, 0xff,
    0xe4, 0xe0, 0x51, 0xff, 0xe4, 0xe0, 0x51, 0xff, 0xe4, 0xe0, 0x51, 0xff, 0xe4, 0xe0, 0x51, 0xff,
    0xe4, 0xe0, 0x51, 0xff, 0xe4, 0xe0, 0x51, 0xff, 0xe4, 0xe0, 0x51, 0xff, 0xe4, 0xe0, 0x51, 0xff,
    0xe4, 0xe0, 0x51, 0xff, 0xe4, 0xe0, 0x51, 0xff, 0xe4, 0xe0, 0x51, 0xff, 0xe4, 0xe0, 0x51, 0xff,
    0xe4, 0xe0, 0x51, 0xff, 0xe4, 0xe0, 0x51, 0xff, 0xe4, 0xe0, 0x51, 0xff, 0xe4, 0xe0, 0x51, 0xff,
    0xe4, 0xe0, 0x51, 0xff, 0xe4, 0xe0, 0x51, 0xb4, 0x00, 0x00, 0x00, 0x00, 0x00, 0x00, 0x00, 0x00,
    0x00, 0x00, 0x00, 0x00, 0x00, 0x00, 0x00, 0x00, 0x00, 0x00, 0x00, 0x00, 0x00, 0x00, 0x00, 0x00,
    0x00, 0x00, 0x00, 0x00, 0xe4, 0xe0, 0x51, 0xe0, 0xe4, 0xe0, 0x51, 0xff, 0xe4, 0xe0, 0x51, 0xff,
    0xe4, 0xe0, 0x51, 0xff, 0xe4, 0xe0, 0x51, 0xff, 0xe4, 0xe0, 0x51, 0xff, 0xe4, 0xdf, 0x50, 0x60,
    0x00, 0x00, 0x00, 0x00, 0x00, 0x00, 0x00, 0x00, 0xe3, 0xdf, 0x52, 0x80, 0xe4, 0xe0, 0x51, 0xff,
    0xe4, 0xe0, 0x51, 0xff, 0xe4, 0xe0, 0x51, 0xff, 0xe4, 0xe0, 0x51, 0xff, 0xe4, 0xe0, 0x51, 0xff,
    0xe4, 0xe0, 0x51, 0xff, 0xe4, 0xe0, 0x51, 0xff, 0xe4, 0xe0, 0x51, 0xff, 0xe4, 0xe0, 0x51, 0xff,
    0xe4, 0xe0, 0x51, 0xff, 0xe4, 0xe0, 0x51, 0xff, 0xe4, 0xe0, 0x51, 0xff, 0xe4, 0xe0, 0x51, 0xff,
    0xe4, 0xe0, 0x51, 0xff, 0xe4, 0xe0, 0x51, 0xff, 0xe4, 0xe0, 0x51, 0xff, 0xe4, 0xe0, 0x51, 0xff,
    0xe4, 0xe0, 0x51, 0xff, 0xe4, 0xe0, 0x51, 0xff, 0xe4, 0xe0, 0x51, 0xff, 0xe4, 0xe0, 0x51, 0xff,
    0xe4, 0xe0, 0x51, 0xff, 0xe4, 0xe0, 0x51, 0xff, 0xe4, 0xe0, 0x51, 0xff, 0xe4, 0xe0, 0x51, 0xff,
    0xe4, 0xe0, 0x51, 0xff, 0xe4, 0xe0, 0x51, 0xff, 0xe4, 0xe0, 0x51, 0xff, 0xe4, 0xe0, 0x51, 0xff,
    0xe4, 0xe0, 0x51, 0xff, 0xe4, 0xe0, 0x51, 0xff, 0xe4, 0xe0, 0x51, 0xff, 0xe4, 0xe0, 0x52, 0x83,
    0x00, 0x00, 0x00, 0x00, 0x00, 0x00, 0x00, 0x00, 0x00, 0x00, 0x00, 0x00, 0x00, 0x00, 0x00, 0x00,
    0x00, 0x00, 0x00, 0x00, 0x00, 0x00, 0x00, 0x00, 0x00, 0x00, 0x00, 0x00, 0xe4, 0xe0, 0x51, 0xe0,
    0xe4, 0xe0, 0x51, 0xff, 0xe4, 0xe0, 0x51, 0xff, 0xe4, 0xe0, 0x51, 0xff, 0xe4, 0xe0, 0x51, 0xff,
    0xe4, 0xe0, 0x51, 0xff, 0xe4, 0xdf, 0x50, 0x60, 0x00, 0x00, 0x00, 0x00, 0x00, 0x00, 0x00, 0x00,
    0xe3, 0xdf, 0x52, 0x80, 0xe4, 0xe0, 0x51, 0xff, 0xe4, 0xe0, 0x51, 0xff, 0xe4, 0xe0, 0x51, 0xff,
    0xe4, 0xe0, 0x51, 0xff, 0xe4, 0xe0, 0x51, 0xff, 0xe4, 0xe0, 0x51, 0xff, 0xe4, 0xe0, 0x51, 0xff,
    0xe4, 0xe0, 0x51, 0xff, 0xe4, 0xe0, 0x51, 0xff, 0xe4, 0xe0, 0x51, 0xff, 0xe4, 0xe0, 0x51, 0xff,
    0xe4, 0xe0, 0x51, 0xff, 0xe4, 0xe0, 0x51, 0xff, 0xe4, 0xe0, 0x51, 0xff, 0xe4, 0xe0, 0x51, 0xff,
    0xe4, 0xe0, 0x51, 0xff, 0xe4, 0xe0, 0x51, 0xff, 0xe4, 0xe0, 0x51, 0xff, 0xe4, 0xe0, 0x51, 0xff,
    0xe4, 0xe0, 0x51, 0xff, 0xe4, 0xe0, 0x51, 0xff, 0xe4, 0xe0, 0x51, 0xff, 0xe4, 0xe0, 0x51, 0xff,
    0xe4, 0xe0, 0x51, 0xff, 0xe4, 0xe0, 0x51, 0xff, 0xe4, 0xe0, 0x51, 0xff, 0xe4, 0xe0, 0x51, 0xff,
    0xe4, 0xe0, 0x51, 0xff, 0xe4, 0xe0, 0x51, 0xff, 0xe4, 0xe0, 0x51, 0xff, 0xe4, 0xe0, 0x51, 0xff,
    0xe4, 0xe0, 0x51, 0xff, 0xe3, 0xe0, 0x50, 0x53, 0x00, 0x00, 0x00, 0x00, 0x00, 0x00, 0x00, 0x00,
    0x00, 0x00, 0x00, 0x00, 0x00, 0x00, 0x00, 0x00, 0x00, 0x00, 0x00, 0x00, 0x00, 0x00, 0x00, 0x00,
    0x00, 0x00, 0x00, 0x00, 0xe4, 0xe0, 0x51, 0xe0, 0xe4, 0xe0, 0x51, 0xff, 0xe4, 0xe0, 0x51, 0xff,
    0xe4, 0xe0, 0x51, 0xff, 0xe4, 0xe0, 0x51, 0xff, 0xe4, 0xe0, 0x51, 0xff, 0xe4, 0xdf, 0x50, 0x60,
    0x00, 0x00, 0x00, 0x00, 0x00, 0x00, 0x00, 0x00, 0xe3, 0xdf, 0x52, 0x80, 0xe4, 0xe0, 0x51, 0xff,
    0xe4, 0xe0, 0x51, 0xff, 0xe4, 0xe0, 0x51, 0xff, 0xe4, 0xe0, 0x51, 0xff, 0xe4, 0xe0, 0x51, 0xff,
    0xe4, 0xe0, 0x51, 0xff, 0xe4, 0xe0, 0x51, 0xff, 0xe4, 0xe0, 0x51, 0xff, 0xe4, 0xe0, 0x51, 0xff,
    0xe4, 0xe0, 0x51, 0xff, 0xe4, 0xe0, 0x51, 0xff, 0xe4, 0xe0, 0x51, 0xff, 0xe4, 0xe0, 0x51, 0xff,
    0xe4, 0xe0, 0x51, 0xff, 0xe4, 0xe0, 0x51, 0xff, 0xe4, 0xe0, 0x51, 0xff, 0xe4, 0xe0, 0x51, 0xff,
    0xe4, 0xe0, 0x51, 0xff, 0xe4, 0xe0, 0x51, 0xff, 0xe4, 0xe0, 0x51, 0xff, 0xe4, 0xe0, 0x51, 0xff,
    0xe4, 0xe0, 0x51, 0xff, 0xe4, 0xe0, 0x51, 0xff, 0xe4, 0xe0, 0x51, 0xff, 0xe4, 0xe0, 0x51, 0xff,
    0xe4, 0xe0, 0x51, 0xff, 0xe4, 0xe0, 0x51, 0xff, 0xe4, 0xe0, 0x51, 0xff, 0xe4, 0xe0, 0x51, 0xff,
    0xe4, 0xe0, 0x51, 0xff, 0xe4, 0xe0, 0x51, 0xff, 0xe4, 0xe0, 0x51, 0xff, 0xe1, 0xe1, 0x52, 0x22,
    0x00, 0x00, 0x00, 0x00, 0x00, 0x00, 0x00, 0x00, 0x00, 0x00, 0x00, 0x00, 0x00, 0x00, 0x00, 0x00,
    0x00, 0x00, 0x00, 0x00, 0x00, 0x00, 0x00, 0x00, 0x00, 0x00, 0x00, 0x00, 0xe4, 0xe0, 0x51, 0xe0,
    0xe4, 0xe0, 0x51, 0xff, 0xe4, 0xe0, 0x51, 0xff, 0xe4, 0xe0, 0x51, 0xff, 0xe4, 0xe0, 0x51, 0xff,
    0xe4, 0xe0, 0x51, 0xff, 0xe4, 0xdf, 0x50, 0x60, 0x00, 0x00, 0x00, 0x00, 0x00, 0x00, 0x00, 0x00,
    0xe3, 0xdf, 0x52, 0x80, 0xe4, 0xe0, 0x51, 0xff, 0xe4, 0xe0, 0x51, 0xff, 0xe4, 0xe0, 0x51, 0xff,
    0xe4, 0xe0, 0x51, 0xff, 0xe4, 0xe0, 0x51, 0xff, 0xe4, 0xe0, 0x51, 0xff, 0xe4, 0xe0, 0x51, 0xff,
    0xe4, 0xe0, 0x51, 0xff, 0xe4, 0xe0, 0x51, 0xff, 0xe4, 0xe0, 0x51, 0xff, 0xe4, 0xe0, 0x51, 0xff,
    0xe4, 0xe0, 0x51, 0xff, 0xe4, 0xe0, 0x51, 0xff, 0xe4, 0xe0, 0x51, 0xff, 0xe4, 0xe0, 0x51, 0xff,
    0xe4, 0xe0, 0x51, 0xff, 0xe4, 0xe0, 0x51, 0xff, 0xe4, 0xe0, 0x51, 0xff, 0xe4, 0xe0, 0x51, 0xff,
    0xe4, 0xe0, 0x51, 0xff, 0xe4, 0xe0, 0x51, 0xff, 0xe4, 0xe0, 0x51, 0xff, 0xe4, 0xe0, 0x51, 0xff,
    0xe4, 0xe0, 0x51, 0xff, 0xe4, 0xe0, 0x51, 0xff, 0xe4, 0xe0, 0x51, 0xff, 0xe4, 0xe0, 0x51, 0xff,
    0xe4, 0xe0, 0x51, 0xff, 0xe4, 0xe0, 0x51, 0xff, 0xe4, 0xe0, 0x51, 0xff, 0xe4, 0xe0, 0x51, 0xff,
    0xe3, 0xe0, 0x51, 0xf1, 0xff, 0xff, 0x00, 0x01, 0x00, 0x00, 0x00, 0x00, 0x00, 0x00, 0x00, 0x00,
    0x00, 0x00, 0x00, 0x00, 0x00, 0x00, 0x00, 0x00, 0x00, 0x00, 0x00, 0x00, 0x00, 0x00, 0x00, 0x00,
    0x00, 0x00, 0x00, 0x00, 0xe4, 0xe0, 0x51, 0xe0, 0xe4, 0xe0, 0x51, 0xff, 0xe4, 0xe0, 0x51, 0xff,
    0xe4, 0xe0, 0x51, 0xff, 0xe4, 0xe0, 0x51, 0xff, 0xe4, 0xe0, 0x51, 0xff, 0xe4, 0xdf, 0x50, 0x60,
    0x00, 0x00, 0x00, 0x00, 0x00, 0x00, 0x00, 0x00, 0xe3, 0xdf, 0x52, 0x80, 0xe4, 0xe0, 0x51, 0xff,
    0xe4, 0xe0, 0x51, 0xff, 0xe4, 0xe0, 0x51, 0xff, 0xe4, 0xe0, 0x51, 0xff, 0xe4, 0xe0, 0x51, 0xff,
    0xe4, 0xe0, 0x51, 0xff, 0xe4, 0xe0, 0x51, 0xff, 0xe4, 0xe0, 0x51, 0xff, 0xe4, 0xe0, 0x51, 0xff,
    0xe4, 0xe0, 0x51, 0xff, 0xe4, 0xe0, 0x51, 0xff, 0xe4, 0xe0, 0x51, 0xff, 0xe4, 0xe0, 0x51, 0xff,
    0xe4, 0xe0, 0x51, 0xff, 0xe4, 0xe0, 0x51, 0xff, 0xe4, 0xe0, 0x51, 0xff, 0xe4, 0xe0, 0x51, 0xff,
    0xe4, 0xe0, 0x51, 0xff, 0xe4, 0xe0, 0x51, 0xff, 0xe4, 0xe0, 0x51, 0xff, 0xe4, 0xe0, 0x51, 0xff,
    0xe4, 0xe0, 0x51, 0xff, 0xe4, 0xe0, 0x51, 0xff, 0xe4, 0xe0, 0x51, 0xff, 0xe4, 0xe0, 0x51, 0xff,
    0xe4, 0xe0, 0x51, 0xff, 0xe4, 0xe0, 0x51, 0xff, 0xe4, 0xe0, 0x51, 0xff, 0xe4, 0xe0, 0x51, 0xff,
    0xe4, 0xe0, 0x51, 0xff, 0xe4, 0xe0, 0x51, 0xff, 0xe5, 0xe1, 0x51, 0xc1, 0x00, 0x00, 0x00, 0x00,
    0x00, 0x00, 0x00, 0x00, 0x00, 0x00, 0x00, 0x00, 0x00, 0x00, 0x00, 0x00, 0x00, 0x00, 0x00, 0x00,
    0x00, 0x00, 0x00, 0x00, 0x00, 0x00, 0x00, 0x00, 0x00, 0x00, 0x00, 0x00, 0xe4, 0xe0, 0x51, 0xe0,
    0xe4, 0xe0, 0x51, 0xff, 0xe4, 0xe0, 0x51, 0xff, 0xe4, 0xe0, 0x51, 0xff, 0xe4, 0xe0, 0x51, 0xff,
    0xe4, 0xe0, 0x51, 0xff, 0xe4, 0xdf, 0x50, 0x60, 0x00, 0x00, 0x00, 0x00, 0x00, 0x00, 0x00, 0x00,
    0xe3, 0xdf, 0x52, 0x80, 0xe4, 0xe0, 0x51, 0xff, 0xe4, 0xe0, 0x51, 0xff, 0xe4, 0xe0, 0x51, 0xff,
    0xe4, 0xe0, 0x51, 0xff, 0xe4, 0xe0, 0x51, 0xff, 0xe4, 0xe0, 0x51, 0xff, 0xe4, 0xe0, 0x51, 0xff,
    0xe4, 0xe0, 0x51, 0xff, 0xe4, 0xe0, 0x51, 0xff, 0xe4, 0xe0, 0x51, 0xff, 0xe4, 0xe0, 0x51, 0xff,
    0xe4, 0xe0, 0x51, 0xff, 0xe4, 0xe0, 0x51, 0xff, 0xe4, 0xe0, 0x51, 0xff, 0xe4, 0xe0, 0x51, 0xff,
    0xe4, 0xe0, 0x51, 0xff, 0xe4, 0xe0, 0x51, 0xff, 0xe4, 0xe0, 0x51, 0xff, 0xe4, 0xe0, 0x51, 0xff,
    0xe4, 0xe0, 0x51, 0xff, 0xe4, 0xe0, 0x51, 0xff, 0xe4, 0xe0, 0x51, 0xff, 0xe4, 0xe0, 0x51, 0xff,
    0xe4, 0xe0, 0x51, 0xff, 0xe4, 0xe0, 0x51, 0xff, 0xe4, 0xe0, 0x51, 0xff, 0xe4, 0xe0, 0x51, 0xff,
    0xe4, 0xe0, 0x51, 0xff, 0xe4, 0xe0, 0x51, 0xff, 0xe4, 0xe0, 0x51, 0xff, 0xe4, 0xe0, 0x51, 0xff,
    0xe5, 0xdf, 0x51, 0x91, 0x00, 0x00, 0x00, 0x00, 0x00, 0x00, 0x00, 0x00, 0x00, 0x00, 0x00, 0x00,
    0x00, 0x00, 0x00, 0x00, 0x00, 0x00, 0x00, 0x00, 0x00, 0x00, 0x00, 0x00, 0x00, 0x00, 0x00, 0x00,
    0x00, 0x00, 0x00, 0x00, 0xe4, 0xe0, 0x51, 0xe0, 0xe4, 0xe0, 0x51, 0xff, 0xe4, 0xe0, 0x51, 0xff,
    0xe4, 0xe0, 0x51, 0xff, 0xe4, 0xe0, 0x51, 0xff, 0xe4, 0xe0, 0x51, 0xff, 0xe4, 0xdf, 0x50, 0x60,
    0x00, 0x00, 0x00, 0x00, 0x00, 0x00, 0x00, 0x00, 0xe3, 0xdf, 0x52, 0x80, 0xe4, 0xe0, 0x51, 0xff,
    0xe4, 0xe0, 0x51, 0xff, 0xe4, 0xe0, 0x51, 0xff, 0xe4, 0xe0, 0x51, 0xff, 0xe4, 0xe0, 0x51, 0xff,
    0xe4, 0xe0, 0x51, 0xff, 0xe4, 0xe0, 0x51, 0xff, 0xe4, 0xe0, 0x51, 0xff, 0xe4, 0xe0, 0x51, 0xff,
    0xe4, 0xe0, 0x51, 0xff, 0xe4, 0xe0, 0x51, 0xff, 0xe4, 0xe0, 0x51, 0xff, 0xe4, 0xe0, 0x51, 0xff,
    0xe4, 0xe0, 0x51, 0xff, 0xe4, 0xe0, 0x51, 0xff, 0xe4, 0xe0, 0x51, 0xff, 0xe4, 0xe0, 0x51, 0xff,
    0xe4, 0xe0, 0x51, 0xff, 0xe4, 0xe0, 0x51, 0xff, 0xe4, 0xe0, 0x51, 0xff, 0xe4, 0xe0, 0x51, 0xff,
    0xe4, 0xe0, 0x51, 0xff, 0xe4, 0xe0, 0x51, 0xff, 0xe4, 0xe0, 0x51, 0xff, 0xe4, 0xe0, 0x51, 0xff,
    0xe4, 0xe0, 0x51, 0xff, 0xe4, 0xe0, 0x51, 0xff, 0xe4, 0xe0, 0x51, 0xff, 0xe4, 0xe0, 0x51, 0xff,
    0xe4, 0xe0, 0x51, 0xff, 0xe4, 0xe0, 0x51, 0xff, 0xe4, 0xdf, 0x50, 0x60, 0x00, 0x00, 0x00, 0x00,
    0x00, 0x00, 0x00, 0x00, 0x00, 0x00, 0x00, 0x00, 0x00, 0x00, 0x00, 0x00, 0x00, 0x00, 0x00, 0x00,
    0x00, 0x00, 0x00, 0x00, 0x00, 0x00, 0x00, 0x00, 0x00, 0x00, 0x00, 0x00, 0xe4, 0xe0, 0x51, 0xe0,
    0xe4, 0xe0, 0x51, 0xff, 0xe4, 0xe0, 0x51, 0xff, 0xe4, 0xe0, 0x51, 0xff, 0xe4, 0xe0, 0x51, 0xff,
    0xe4, 0xe0, 0x51, 0xff, 0xe4, 0xdf, 0x50, 0x60, 0x00, 0x00, 0x00, 0x00, 0x00, 0x00, 0x00, 0x00,
    0xe3, 0xdf, 0x52, 0x80, 0xe4, 0xe0, 0x51, 0xff, 0xe4, 0xe0, 0x51, 0xff, 0xe4, 0xe0, 0x51, 0xff,
    0xe4, 0xe0, 0x51, 0xff, 0xe4, 0xe0, 0x51, 0xff, 0xe4, 0xe0, 0x51, 0xff, 0xe4, 0xe0, 0x51, 0xff,
    0xe4, 0xe0, 0x51, 0xff, 0xe4, 0xe0, 0x51, 0xff, 0xe4, 0xe0, 0x51, 0xff, 0xe4, 0xe0, 0x51, 0xff,
    0xe4, 0xe0, 0x51, 0xff, 0xe4, 0xe0, 0x51, 0xff, 0xe4, 0xe0, 0x51, 0xff, 0xe4, 0xe0, 0x51, 0xff,
    0xe4, 0xe0, 0x51, 0xff, 0xe4, 0xe0, 0x51, 0xff, 0xe4, 0xe0, 0x51, 0xff, 0xe4, 0xe0, 0x51, 0xff,
    0xe4, 0xe0, 0x51, 0xff, 0xe4, 0xe0, 0x51, 0xff, 0xe4, 0xe0, 0x51, 0xff, 0xe4, 0xe0, 0x51, 0xff,
    0xe4, 0xe0, 0x51, 0xff, 0xe4, 0xe0, 0x51, 0xff, 0xe4, 0xe0, 0x51, 0xff, 0xe4, 0xe0, 0x51, 0xff,
    0xe4, 0xe0, 0x51, 0xff, 0xe4, 0xe0, 0x51, 0xff, 0xe4, 0xe0, 0x51, 0xff, 0xe4, 0xe0, 0x51, 0xff,
    0xe4, 0xdf, 0x50, 0x30, 0x00, 0x00, 0x00, 0x00, 0x00, 0x00, 0x00, 0x00, 0x00, 0x00, 0x00, 0x00,
    0x00, 0x00, 0x00, 0x00, 0x00, 0x00, 0x00, 0x00, 0x00, 0x00, 0x00, 0x00, 0x00, 0x00, 0x00, 0x00,
    0x00, 0x00, 0x00, 0x00, 0xe4, 0xe0, 0x51, 0xe0, 0xe4, 0xe0, 0x51, 0xff, 0xe4, 0xe0, 0x51, 0xff,
    0xe4, 0xe0, 0x51, 0xff, 0xe4, 0xe0, 0x51, 0xff, 0xe4, 0xe0, 0x51, 0xff, 0xe4, 0xdf, 0x50, 0x60,
    0x00, 0x00, 0x00, 0x00, 0x00, 0x00, 0x00, 0x00, 0xe3, 0xdf, 0x52, 0x80, 0xe4, 0xe0, 0x51, 0xff,
    0xe4, 0xe0, 0x51, 0xff, 0xe4, 0xe0, 0x51, 0xff, 0xe4, 0xe0, 0x51, 0xff, 0xe4, 0xe0, 0x51, 0xff,
    0xe4, 0xe0, 0x51, 0xff, 0xe4, 0xe0, 0x51, 0xff, 0xe4, 0xe0, 0x51, 0xff, 0xe4, 0xe0, 0x51, 0xff,
    0xe4, 0xe0, 0x51, 0xff, 0xe4, 0xe0, 0x51, 0xff, 0xe4, 0xe0, 0x51, 0xff, 0xe4, 0xe0, 0x51, 0xff,
    0xe4, 0xe0, 0x51, 0xff, 0xe4, 0xe0, 0x51, 0xff, 0xe4, 0xe0, 0x51, 0xff, 0xe4, 0xe0, 0x51, 0xff,
    0xe4, 0xe0, 0x51, 0xff, 0xe4, 0xe0, 0x51, 0xff, 0xe4, 0xe0, 0x51, 0xff, 0xe4, 0xe0, 0x51, 0xff,
    0xe4, 0xe0, 0x51, 0xff, 0xe4, 0xe0, 0x51, 0xff, 0xe4, 0xe0, 0x51, 0xff, 0xe4, 0xe0, 0x51, 0xff,
    0xe4, 0xe0, 0x51, 0xff, 0xe4, 0xe0, 0x51, 0xff, 0xe4, 0xe0, 0x51, 0xff, 0xe4, 0xe0, 0x51, 0xff,
    0xe4, 0xe0, 0x51, 0xff, 0xe4, 0xe0, 0x51, 0xf9, 0xd5, 0xd5, 0x55, 0x06, 0x00, 0x00, 0x00, 0x00,
    0x00, 0x00, 0x00, 0x00, 0x00, 0x00, 0x00, 0x00, 0x00, 0x00, 0x00, 0x00, 0x00, 0x00, 0x00, 0x00,
    0x00, 0x00, 0x00, 0x00, 0x00, 0x00, 0x00, 0x00, 0x00, 0x00, 0x00, 0x00, 0xe4, 0xe0, 0x51, 0xe0,
    0xe4, 0xe0, 0x51, 0xff, 0xe4, 0xe0, 0x51, 0xff, 0xe4, 0xe0, 0x51, 0xff, 0xe4, 0xe0, 0x51, 0xff,
    0xe4, 0xe0, 0x51, 0xff, 0xe4, 0xdf, 0x50, 0x60, 0x00, 0x00, 0x00, 0x00, 0x00, 0x00, 0x00, 0x00,
    0xe3, 0xdf, 0x52, 0x80, 0xe4, 0xe0, 0x51, 0xff, 0xe4, 0xe0, 0x51, 0xff, 0xe4, 0xe0, 0x51, 0xff,
    0xe4, 0xe0, 0x51, 0xff, 0xe4, 0xe0, 0x51, 0xff, 0xe4, 0xe0, 0x51, 0xff, 0xe4, 0xe0, 0x51, 0xff,
    0xe4, 0xe0, 0x51, 0xff, 0xe4, 0xe0, 0x51, 0xff, 0xe4, 0xe0, 0x51, 0xff, 0xe4, 0xe0, 0x51, 0xff,
    0xe4, 0xe0, 0x51, 0xff, 0xe4, 0xe0, 0x51, 0xff, 0xe4, 0xe0, 0x51, 0xff, 0xe4, 0xe0, 0x51, 0xff,
    0xe4, 0xe0, 0x51, 0xff, 0xe4, 0xe0, 0x51, 0xff, 0xe4, 0xe0, 0x51, 0xff, 0xe4, 0xe0, 0x51, 0xff,
    0xe4, 0xe0, 0x51, 0xff, 0xe4, 0xe0, 0x51, 0xff, 0xe4, 0xe0, 0x51, 0xff, 0xe4, 0xe0, 0x51, 0xff,
    0xe4, 0xe0, 0x51, 0xff, 0xe4, 0xe0, 0x51, 0xff, 0xe4, 0xe0, 0x51, 0xff, 0xe4, 0xe0, 0x51, 0xff,
    0xe4, 0xe0, 0x51, 0xff, 0xe4, 0xe0, 0x51, 0xff, 0xe4, 0xe0, 0x51, 0xff, 0xe4, 0xe0, 0x51, 0xcf,
    0x00, 0x00, 0x00, 0x00, 0x00, 0x00, 0x00, 0x00, 0x00, 0x00, 0x00, 0x00, 0x00, 0x00, 0x00, 0x00,
    0x00, 0x00, 0x00, 0x00, 0x00, 0x00, 0x00, 0x00, 0x00, 0x00, 0x00, 0x00, 0x00, 0x00, 0x00, 0x00,
    0x00, 0x00, 0x00, 0x00, 0xe4, 0xe0, 0x51, 0xe0, 0xe4, 0xe0, 0x51, 0xff, 0xe4, 0xe0, 0x51, 0xff,
    0xe4, 0xe0, 0x51, 0xff, 0xe4, 0xe0, 0x51, 0xff, 0xe4, 0xe0, 0x51, 0xff, 0xe4, 0xdf, 0x50, 0x60,
    0x00, 0x00, 0x00, 0x00, 0x00, 0x00, 0x00, 0x00, 0xe3, 0xdf, 0x52, 0x80, 0xe4, 0xe0, 0x51, 0xff,
    0xe4, 0xe0, 0x51, 0xff, 0xe4, 0xe0, 0x51, 0xff, 0xe4, 0xe0, 0x51, 0xff, 0xe4, 0xe0, 0x51, 0xff,
    0xe4, 0xe0, 0x51, 0xff, 0xe4, 0xe0, 0x51, 0xff, 0xe4, 0xe0, 0x51, 0xff, 0xe4, 0xe0, 0x51, 0xff,
    0xe4, 0xe0, 0x51, 0xff, 0xe4, 0xe0, 0x51, 0xff, 0xe4, 0xe0, 0x51, 0xff, 0xe4, 0xe0, 0x51, 0xff,
    0xe4, 0xe0, 0x51, 0xff, 0xe4, 0xe0, 0x51, 0xff, 0xe4, 0xe0, 0x51, 0xff, 0xe4, 0xe0, 0x51, 0xff,
    0xe4, 0xe0, 0x51, 0xff, 0xe4, 0xe0, 0x51, 0xff, 0xe4, 0xe0, 0x51, 0xff, 0xe4, 0xe0, 0x51, 0xff,
    0xe4, 0xe0, 0x51, 0xff, 0xe4, 0xe0, 0x51, 0xff, 0xe4, 0xe0, 0x51, 0xff, 0xe4, 0xe0, 0x51, 0xff,
    0xe4, 0xe0, 0x51, 0xff, 0xe4, 0xe0, 0x51, 0xff, 0xe4, 0xe0, 0x51, 0xff, 0xe4, 0xe0, 0x51, 0xff,
    0xe4, 0xe0, 0x51, 0xff, 0xe4, 0xe0, 0x51, 0x9e, 0x00, 0x00, 0x00, 0x00, 0x00, 0x00, 0x00, 0x00,
    0x00, 0x00, 0x00, 0x00, 0x00, 0x00, 0x00, 0x00, 0x00, 0x00, 0x00, 0x00, 0x00, 0x00, 0x00, 0x00,
    0x00, 0x00, 0x00, 0x00, 0x00, 0x00, 0x00, 0x00, 0x00, 0x00, 0x00, 0x00, 0xe4, 0xe0, 0x51, 0xe0,
    0xe4, 0xe0, 0x51, 0xff, 0xe4, 0xe0, 0x51, 0xff, 0xe4, 0xe0, 0x51, 0xff, 0xe4, 0xe0, 0x51, 0xff,
    0xe4, 0xe0, 0x51, 0xff, 0xe4, 0xdf, 0x50, 0x60, 0x00, 0x00, 0x00, 0x00, 0x00, 0x00, 0x00, 0x00,
    0xe3, 0xdf, 0x52, 0x80, 0xe4, 0xe0, 0x51, 0xff, 0xe4, 0xe0, 0x51, 0xff, 0xe4, 0xe0, 0x51, 0xff,
    0xe4, 0xe0, 0x51, 0xff, 0xe4, 0xe0, 0x51, 0xff, 0xe4, 0xe0, 0x51, 0xff, 0xe4, 0xe0, 0x51, 0xff,
    0xe4, 0xe0, 0x51, 0xff, 0xe4, 0xe0, 0x51, 0xff, 0xe4, 0xe0, 0x51, 0xff, 0xe4, 0xe0, 0x51, 0xff,
    0xe4, 0xe0, 0x51, 0xff, 0xe4, 0xe0, 0x51, 0xff, 0xe4, 0xe0, 0x51, 0xff, 0xe4, 0xe0, 0x51, 0xff,
    0xe4, 0xe0, 0x51, 0xff, 0xe4, 0xe0, 0x51, 0xff, 0xe4, 0xe0, 0x51, 0xff, 0xe4, 0xe0, 0x51, 0xff,
    0xe4, 0xe0, 0x51, 0xff, 0xe4, 0xe0, 0x51, 0xff, 0xe4, 0xe0, 0x51, 0xff, 0xe4, 0xe0, 0x51, 0xff,
    0xe4, 0xe0, 0x51, 0xff, 0xe4, 0xe0, 0x51, 0xff, 0xe4, 0xe0, 0x51, 0xff, 0xe4, 0xe0, 0x51, 0xff,
    0xe4, 0xe0, 0x51, 0xff, 0xe4, 0xe0, 0x51, 0xff, 0xe4, 0xe0, 0x51, 0xff, 0xe3, 0xe1, 0x51, 0x6e,
    0x00, 0x00, 0x00, 0x00, 0x00, 0x00, 0x00, 0x00, 0x00, 0x00, 0x00, 0x00, 0x00, 0x00, 0x00, 0x00,
    0x00, 0x00, 0x00, 0x00, 0x00, 0x00, 0x00, 0x00, 0x00, 0x00, 0x00, 0x00, 0x00, 0x00, 0x00, 0x00,
    0x00, 0x00, 0x00, 0x00, 0xe4, 0xe0, 0x51, 0xe0, 0xe4, 0xe0, 0x51, 0xff, 0xe4, 0xe0, 0x51, 0xff,
    0xe4, 0xe0, 0x51, 0xff, 0xe4, 0xe0, 0x51, 0xff, 0xe4, 0xe0, 0x51, 0xff, 0xe4, 0xdf, 0x50, 0x60,
    0x00, 0x00, 0x00, 0x00, 0x00, 0x00, 0x00, 0x00, 0xe3, 0xdf, 0x52, 0x80, 0xe4, 0xe0, 0x51, 0xff,
    0xe4, 0xe0, 0x51, 0xff, 0xe4, 0xe0, 0x51, 0xff, 0xe4, 0xe0, 0x51, 0xff, 0xe4, 0xe0, 0x51, 0xff,
    0xe4, 0xe0, 0x51, 0xff, 0xe4, 0xe0, 0x51, 0xff, 0xe4, 0xe0, 0x51, 0xff, 0xe4, 0xe0, 0x51, 0xff,
    0xe4, 0xe0, 0x51, 0xff, 0xe4, 0xe0, 0x51, 0xff, 0xe4, 0xe0, 0x51, 0xff, 0xe4, 0xe0, 0x51, 0xff,
    0xe4, 0xe0, 0x51, 0xff, 0xe4, 0xe0, 0x51, 0xff, 0xe4, 0xe0, 0x51, 0xff, 0xe4, 0xe0, 0x51, 0xff,
    0xe4, 0xe0, 0x51, 0xff, 0xe4, 0xe0, 0x51, 0xff, 0xe4, 0xe0, 0x51, 0xff, 0xe4, 0xe0, 0x51, 0xff,
    0xe4, 0xe0, 0x51, 0xff, 0xe4, 0xe0, 0x51, 0xff, 0xe4, 0xe0, 0x51, 0xff, 0xe4, 0xe0, 0x51, 0xff,
    0xe4, 0xe0, 0x51, 0xff, 0xe4, 0xe0, 0x51, 0xff, 0xe4, 0xe0, 0x51, 0xff, 0xe4, 0xe0, 0x51, 0xff,
    0xe4, 0xe0, 0x51, 0xff, 0xe6, 0xe1, 0x51, 0x3c, 0x00, 0x00, 0x00, 0x00, 0x00, 0x00, 0x00, 0x00,
    0x00, 0x00, 0x00, 0x00, 0x00, 0x00, 0x00, 0x00, 0x00, 0x00, 0x00, 0x00, 0x00, 0x00, 0x00, 0x00,
    0x00, 0x00, 0x00, 0x00, 0x00, 0x00, 0x00, 0x00, 0x00, 0x00, 0x00, 0x00, 0xe4, 0xe0, 0x52, 0xdb,
    0xe4, 0xe0, 0x51, 0xff, 0xe4, 0xe0, 0x51, 0xff, 0xe4, 0xe0, 0x51, 0xff, 0xe4, 0xe0, 0x51, 0xff,
    0xe4, 0xe0, 0x51, 0xff, 0xe4, 0xdf, 0x50, 0x60, 0x00, 0x00, 0x00, 0x00, 0x00, 0x00, 0x00, 0x00,
    0xe3, 0xdf, 0x52, 0x80, 0xe4, 0xe0, 0x51, 0xff, 0xe4, 0xe0, 0x51, 0xff, 0xe4, 0xe0, 0x51, 0xff,
    0xe4, 0xe0, 0x51, 0xff, 0xe4, 0xe0, 0x51, 0xff, 0xe4, 0xe0, 0x51, 0xff, 0xe4, 0xe0, 0x51, 0xff,
    0xe4, 0xe0, 0x51, 0xff, 0xe4, 0xe0, 0x51, 0xff, 0xe4, 0xe0, 0x51, 0xff, 0xe4, 0xe0, 0x51, 0xff,
    0xe4, 0xe0, 0x51, 0xff, 0xe4, 0xe0, 0x51, 0xff, 0xe4, 0xe0, 0x51, 0xff, 0xe4, 0xe0, 0x51, 0xff,
    0xe4, 0xe0, 0x51, 0xff, 0xe4, 0xe0, 0x51, 0xff, 0xe4, 0xe0, 0x51, 0xff, 0xe4, 0xe0, 0x51, 0xff,
    0xe4, 0xe0, 0x51, 0xff, 0xe4, 0xe0, 0x51, 0xff, 0xe4, 0xe0, 0x51, 0xff, 0xe4, 0xe0, 0x51, 0xff,
    0xe4, 0xe0, 0x51, 0xff, 0xe4, 0xe0, 0x51, 0xff, 0xe4, 0xe0, 0x51, 0xff, 0xe4, 0xe0, 0x51, 0xff,
    0xe4, 0xe0, 0x51, 0xff, 0xe4, 0xe0, 0x51, 0xff, 0xe4, 0xe0, 0x51, 0xe6, 0xff, 0xff, 0x55, 0x03,
    0x00, 0x00, 0x00, 0x00, 0x00, 0x00, 0x00, 0x00, 0x00, 0x00, 0x00, 0x00, 0x00, 0x00, 0x00, 0x00,
    0x00, 0x00, 0x00, 0x00, 0x00, 0x00, 0x00, 0x00, 0x00, 0x00, 0x00, 0x00, 0x00, 0x00, 0x00, 0x00,
    0x00, 0x00, 0x00, 0x00, 0xe3, 0xe0, 0x52, 0xaf, 0xe4, 0xe0, 0x51, 0xff, 0xe4, 0xe0, 0x51, 0xff,
    0xe4, 0xe0, 0x51, 0xff, 0xe4, 0xe0, 0x51, 0xff, 0xe4, 0xe0, 0x51, 0xff, 0xe4, 0xdf, 0x50, 0x60,
    0x00, 0x00, 0x00, 0x00, 0x00, 0x00, 0x00, 0x00, 0xe3, 0xdf, 0x52, 0x80, 0xe4, 0xe0, 0x51, 0xff,
    0xe4, 0xe0, 0x51, 0xff, 0xe4, 0xe0, 0x51, 0xff, 0xe4, 0xe0, 0x51, 0xff, 0xe4, 0xe0, 0x51, 0xff,
    0xe4, 0xe0, 0x51, 0xff, 0xe4, 0xe0, 0x51, 0xff, 0xe4, 0xe0, 0x51, 0xff, 0xe4, 0xe0, 0x51, 0xff,
    0xe4, 0xe0, 0x51, 0xff, 0xe4, 0xe0, 0x51, 0xff, 0xe4, 0xe0, 0x51, 0xff, 0xe4, 0xe0, 0x51, 0xff,
    0xe4, 0xe0, 0x51, 0xff, 0xe4, 0xe0, 0x51, 0xff, 0xe4, 0xe0, 0x51, 0xff, 0xe4, 0xe0, 0x51, 0xff,
    0xe4, 0xe0, 0x51, 0xff, 0xe4, 0xe0, 0x51, 0xff, 0xe4, 0xe0, 0x51, 0xff, 0xe4, 0xe0, 0x51, 0xff,
    0xe4, 0xe0, 0x51, 0xff, 0xe4, 0xe0, 0x51, 0xff, 0xe4, 0xe0, 0x51, 0xff, 0xe4, 0xe0, 0x51, 0xff,
    0xe4, 0xe0, 0x51, 0xff, 0xe4, 0xe0, 0x51, 0xff, 0xe4, 0xe0, 0x51, 0xff, 0xe4, 0xe0, 0x51, 0xff,
    0xe5, 0xe0, 0x51, 0x75, 0x00, 0x00, 0x00, 0x00, 0x00, 0x00, 0x00, 0x00, 0x00, 0x00, 0x00, 0x00,
    0x00, 0x00, 0x00, 0x00, 0x00, 0x00, 0x00, 0x00, 0x00, 0x00, 0x00, 0x00, 0x00, 0x00, 0x00, 0x00,
    0x00, 0x00, 0x00, 0x00, 0x00, 0x00, 0x00, 0x00, 0x00, 0x00, 0x00, 0x00, 0xe6, 0xe1, 0x50, 0x33,
    0xe4, 0xe0, 0x51, 0xfa, 0xe4, 0xe0, 0x51, 0xff, 0xe4, 0xe0, 0x51, 0xff, 0xe4, 0xe0, 0x51, 0xff,
    0xe4, 0xe0, 0x51, 0xff, 0xe4, 0xdf, 0x50, 0x60, 0x00, 0x00, 0x00, 0x00, 0x00, 0x00, 0x00, 0x00,
    0xe3, 0xdf, 0x52, 0x80, 0xe4, 0xe0, 0x51, 0xff, 0xe4, 0xe0, 0x51, 0xff, 0xe4, 0xe0, 0x51, 0xff,
    0xe4, 0xe0, 0x51, 0xff, 0xe4, 0xe0, 0x51, 0xff, 0xe4, 0xe0, 0x51, 0xff, 0xe4, 0xe0, 0x51, 0xff,
    0xe4, 0xe0, 0x51, 0xff, 0xe4, 0xe0, 0x51, 0xff, 0xe4, 0xe0, 0x51, 0xff, 0xe4, 0xe0, 0x51, 0xff,
    0xe4, 0xe0, 0x51, 0xff, 0xe4, 0xe0, 0x51, 0xff, 0xe4, 0xe0, 0x51, 0xff, 0xe4, 0xe0, 0x51, 0xff,
    0xe4, 0xe0, 0x51, 0xff, 0xe4, 0xe0, 0x51, 0xff, 0xe4, 0xe0, 0x51, 0xff, 0xe4, 0xe0, 0x51, 0xff,
    0xe4, 0xe0, 0x51, 0xff, 0xe4, 0xe0, 0x51, 0xff, 0xe4, 0xe0, 0x51, 0xff, 0xe4, 0xe0, 0x51, 0xff,
    0xe4, 0xe0, 0x51, 0xff, 0xe4, 0xe0, 0x51, 0xff, 0xe4, 0xe0, 0x51, 0xff, 0xe4, 0xe0, 0x51, 0xff,
    0xe4, 0xe0, 0x51, 0xff, 0xe5, 0xe0, 0x51, 0x9a, 0x00, 0x00, 0x00, 0x00, 0x00, 0x00, 0x00, 0x00,
    0x00, 0x00, 0x00, 0x00, 0x00, 0x00, 0x00, 0x00, 0x00, 0x00, 0x00, 0x00, 0x00, 0x00, 0x00, 0x00,
    0x00, 0x00, 0x00, 0x00, 0x00, 0x00, 0x00, 0x00, 0x00, 0x00, 0x00, 0x00, 0x00, 0x00, 0x00, 0x00,
    0x00, 0x00, 0x00, 0x00, 0x00, 0x00, 0x00, 0x00, 0xe6, 0xe1, 0x50, 0x33, 0xe4, 0xe0, 0x51, 0xad,
    0xe4, 0xe0, 0x51, 0xd9, 0xe3, 0xe0, 0x52, 0xde, 0xe3, 0xe0, 0x52, 0xde, 0xe3, 0xe0, 0x50, 0x53,
    0x00, 0x00, 0x00, 0x00, 0x00, 0x00, 0x00, 0x00, 0xe3, 0xe1, 0x50, 0x6f, 0xe3, 0xe0, 0x52, 0xde,
    0xe3, 0xe0, 0x52, 0xde, 0xe3, 0xe0, 0x52, 0xde, 0xe3, 0xe0, 0x52, 0xde, 0xe3, 0xe0, 0x52, 0xde,
    0xe3, 0xe0, 0x52, 0xde, 0xe3, 0xe0, 0x52, 0xde, 0xe3, 0xe0, 0x52, 0xde, 0xe3, 0xe0, 0x52, 0xde,
    0xe3, 0xe0, 0x52, 0xde, 0xe3, 0xe0, 0x52, 0xde, 0xe3, 0xe0, 0x52, 0xde, 0xe3, 0xe0, 0x52, 0xde,
    0xe3, 0xe0, 0x52, 0xde, 0xe3, 0xe0, 0x52, 0xde, 0xe3, 0xe0, 0x52, 0xde, 0xe3, 0xe0, 0x52, 0xde,
    0xe3, 0xe0, 0x52, 0xde, 0xe3, 0xe0, 0x52, 0xde, 0xe3, 0xe0, 0x52, 0xde, 0xe3, 0xe0, 0x52, 0xde,
    0xe3, 0xe0, 0x52, 0xde, 0xe3, 0xe0, 0x52, 0xde, 0xe3, 0xe0, 0x52, 0xde, 0xe3, 0xe0, 0x52, 0xde,
    0xe4, 0xe0, 0x51, 0xd1, 0xe5, 0xe0, 0x50, 0xa5, 0xe5, 0xe1, 0x52, 0x44, 0x00, 0x00, 0x00, 0x00,
    0x00, 0x00, 0x00, 0x00, 0x00, 0x00, 0x00, 0x00, 0x00, 0x00, 0x00, 0x00, 0x00, 0x00, 0x00, 0x00,
    0x00, 0x00, 0x00, 0x00, 0x00, 0x00, 0x00, 0x00, 0x00, 0x00, 0x00, 0x00, 0x00, 0x00, 0x00, 0x00,
    0x00, 0x00, 0x00, 0x00, 0x00, 0x00, 0x00, 0x00, 0x00, 0x00, 0x00, 0x00, 0x00, 0x00, 0x00, 0x00,
    0x00, 0x00, 0x00, 0x00, 0x00, 0x00, 0x00, 0x00, 0x00, 0x00, 0x00, 0x00, 0x00, 0x00, 0x00, 0x00,
    0x00, 0x00, 0x00, 0x00, 0x00, 0x00, 0x00, 0x00, 0x00, 0x00, 0x00, 0x00, 0x00, 0x00, 0x00, 0x00,
    0x00, 0x00, 0x00, 0x00, 0x00, 0x00, 0x00, 0x00, 0x00, 0x00, 0x00, 0x00, 0x00, 0x00, 0x00, 0x00,
    0x00, 0x00, 0x00, 0x00, 0x00, 0x00, 0x00, 0x00, 0x00, 0x00, 0x00, 0x00, 0x00, 0x00, 0x00, 0x00,
    0x00, 0x00, 0x00, 0x00, 0x00, 0x00, 0x00, 0x00, 0x00, 0x00, 0x00, 0x00, 0x00, 0x00, 0x00, 0x00,
    0x00, 0x00, 0x00, 0x00, 0x00, 0x00, 0x00, 0x00, 0x00, 0x00, 0x00, 0x00, 0x00, 0x00, 0x00, 0x00,
    0x00, 0x00, 0x00, 0x00, 0x00, 0x00, 0x00, 0x00, 0x00, 0x00, 0x00, 0x00, 0x00, 0x00, 0x00, 0x00,
    0x00, 0x00, 0x00, 0x00, 0x00, 0x00, 0x00, 0x00, 0x00, 0x00, 0x00, 0x00, 0x00, 0x00, 0x00, 0x00,
    0x00, 0x00, 0x00, 0x00, 0x00, 0x00, 0x00, 0x00, 0x00, 0x00, 0x00, 0x00, 0x00, 0x00, 0x00, 0x00,
    0x00, 0x00, 0x00, 0x00, 0x00, 0x00, 0x00, 0x00, 0x00, 0x00, 0x00, 0x00, 0x00, 0x00, 0x00, 0x00,
    0x00, 0x00, 0x00, 0x00, 0x00, 0x00, 0x00, 0x00, 0x00, 0x00, 0x00, 0x00, 0x00, 0x00, 0x00, 0x00,
    0x00, 0x00, 0x00, 0x00, 0x00, 0x00, 0x00, 0x00, 0x00, 0x00, 0x00, 0x00, 0x00, 0x00, 0x00, 0x00,
    0x00, 0x00, 0x00, 0x00, 0x00, 0x00, 0x00, 0x00, 0x00, 0x00, 0x00, 0x00, 0x00, 0x00, 0x00, 0x00,
    0x00, 0x00, 0x00, 0x00, 0x00, 0x00, 0x00, 0x00, 0x00, 0x00, 0x00, 0x00, 0x00, 0x00, 0x00, 0x00,
    0x00, 0x00, 0x00, 0x00, 0x00, 0x00, 0x00, 0x00, 0x00, 0x00, 0x00, 0x00, 0x00, 0x00, 0x00, 0x00,
    0x00, 0x00, 0x00, 0x00, 0x00, 0x00, 0x00, 0x00, 0x00, 0x00, 0x00, 0x00, 0x00, 0x00, 0x00, 0x00,
    0x00, 0x00, 0x00, 0x00, 0x00, 0x00, 0x00, 0x00, 0x00, 0x00, 0x00, 0x00, 0x00, 0x00, 0x00, 0x00,
    0x00, 0x00, 0x00, 0x00, 0x00, 0x00, 0x00, 0x00, 0x00, 0x00, 0x00, 0x00, 0x00, 0x00, 0x00, 0x00,
    0x00, 0x00, 0x00, 0x00, 0x00, 0x00, 0x00, 0x00, 0x00, 0x00, 0x00, 0x00, 0x00, 0x00, 0x00, 0x00,
    0x00, 0x00, 0x00, 0x00, 0x00, 0x00, 0x00, 0x00, 0x00, 0x00, 0x00, 0x00, 0x00, 0x00, 0x00, 0x00,
    0x00, 0x00, 0x00, 0x00, 0x00, 0x00, 0x00, 0x00, 0x00, 0x00, 0x00, 0x00, 0x00, 0x00, 0x00, 0x00,
    0x00, 0x00, 0x00, 0x00, 0x00, 0x00, 0x00, 0x00, 0x00, 0x00, 0x00, 0x00, 0x00, 0x00, 0x00, 0x00,
    0x00, 0x00, 0x00, 0x00, 0x00, 0x00, 0x00, 0x00, 0x00, 0x00, 0x00, 0x00, 0x00, 0x00, 0x00, 0x00,
    0x00, 0x00, 0x00, 0x00, 0x00, 0x00, 0x00, 0x00, 0x00, 0x00, 0x00, 0x00, 0x00, 0x00, 0x00, 0x00,
    0x00, 0x00, 0x00, 0x00, 0x00, 0x00, 0x00, 0x00, 0x00, 0x00, 0x00, 0x00, 0x00, 0x00, 0x00, 0x00,
    0x00, 0x00, 0x00, 0x00, 0x00, 0x00, 0x00, 0x00, 0x00, 0x00, 0x00, 0x00, 0x00, 0x00, 0x00, 0x00,
    0x00, 0x00, 0x00, 0x00, 0x00, 0x00, 0x00, 0x00, 0x00, 0x00, 0x00, 0x00, 0x00, 0x00, 0x00, 0x00,
    0x00, 0x00, 0x00, 0x00, 0x00, 0x00, 0x00, 0x00, 0x00, 0x00, 0x00, 0x00, 0x00, 0x00, 0x00, 0x00,
    0x00, 0x00, 0x00, 0x00, 0x00, 0x00, 0x00, 0x00, 0x00, 0x00, 0x00, 0x00, 0x00, 0x00, 0x00, 0x00,
    0x00, 0x00, 0x00, 0x00, 0x00, 0x00, 0x00, 0x00, 0x00, 0x00, 0x00, 0x00, 0x00, 0x00, 0x00, 0x00,
    0x00, 0x00, 0x00, 0x00, 0x00, 0x00, 0x00, 0x00, 0x00, 0x00, 0x00, 0x00, 0x00, 0x00, 0x00, 0x00,
    0x00, 0x00, 0x00, 0x00, 0x00, 0x00, 0x00, 0x00, 0x00, 0x00, 0x00, 0x00, 0x00, 0x00, 0x00, 0x00,
    0x00, 0x00, 0x00, 0x00, 0x00, 0x00, 0x00, 0x00, 0x00, 0x00, 0x00, 0x00, 0x00, 0x00, 0x00, 0x00,
    0x00, 0x00, 0x00, 0x00, 0x00, 0x00, 0x00, 0x00, 0x00, 0x00, 0x00, 0x00, 0x00, 0x00, 0x00, 0x00,
    0x00, 0x00, 0x00, 0x00, 0x00, 0x00, 0x00, 0x00, 0x00, 0x00, 0x00, 0x00, 0x00, 0x00, 0x00, 0x00,
    0x00, 0x00, 0x00, 0x00, 0x00, 0x00, 0x00, 0x00, 0x00, 0x00, 0x00, 0x00, 0x00, 0x00, 0x00, 0x00,
    0x00, 0x00, 0x00, 0x00, 0x00, 0x00, 0x00, 0x00, 0x00, 0x00, 0x00, 0x00, 0x00, 0x00, 0x00, 0x00,
    0x00, 0x00, 0x00, 0x00, 0x00, 0x00, 0x00, 0x00, 0x00, 0x00, 0x00, 0x00, 0x00, 0x00, 0x00, 0x00,
    0x00, 0x00, 0x00, 0x00, 0x00, 0x00, 0x00, 0x00, 0x00, 0x00, 0x00, 0x00, 0x00, 0x00, 0x00, 0x00,
    0x00, 0x00, 0x00, 0x00, 0x00, 0x00, 0x00, 0x00, 0x00, 0x00, 0x00, 0x00, 0x00, 0x00, 0x00, 0x00,
    0x00, 0x00, 0x00, 0x00, 0x00, 0x00, 0x00, 0x00, 0x00, 0x00, 0x00, 0x00, 0x00, 0x00, 0x00, 0x00,
    0x00, 0x00, 0x00, 0x00, 0x00, 0x00, 0x00, 0x00, 0x00, 0x00, 0x00, 0x00, 0x00, 0x00, 0x00, 0x00,
    0x00, 0x00, 0x00, 0x00, 0x00, 0x00, 0x00, 0x00, 0x00, 0x00, 0x00, 0x00, 0x00, 0x00, 0x00, 0x00,
    0x00, 0x00, 0x00, 0x00, 0x00, 0x00, 0x00, 0x00, 0x00, 0x00, 0x00, 0x00, 0x00, 0x00, 0x00, 0x00,
    0x00, 0x00, 0x00, 0x00, 0x00, 0x00, 0x00, 0x00, 0x00, 0x00, 0x00, 0x00, 0x00, 0x00, 0x00, 0x00,
    0x00, 0x00, 0x00, 0x00, 0x00, 0x00, 0x00, 0x00, 0x00, 0x00, 0x00, 0x00, 0x00, 0x00, 0x00, 0x00,
    0x00, 0x00, 0x00, 0x00, 0x00, 0x00, 0x00, 0x00, 0x00, 0x00, 0x00, 0x00, 0x00, 0x00, 0x00, 0x00,
    0x00, 0x00, 0x00, 0x00, 0x00, 0x00, 0x00, 0x00, 0x00, 0x00, 0x00, 0x00, 0x00, 0x00, 0x00, 0x00,
    0x00, 0x00, 0x00, 0x00, 0x00, 0x00, 0x00, 0x00, 0x00, 0x00, 0x00, 0x00, 0x00, 0x00, 0x00, 0x00,
};
#endif


#if TEXTURE_A1
static u8 icon_good_a1[350] ALIGNED(4) = {
    0x00, 0x00, 0x00, 0x00, 0x00, 0x00, 0x00,
    0x00, 0x00, 0x00, 0x00, 0x00, 0x00, 0x00,
    0x00, 0x00, 0x00, 0x00, 0x00, 0x00, 0x00,
    0x00, 0x00, 0x00, 0x00, 0x00, 0x00, 0x00,
    0x00, 0x00, 0x03, 0xc0, 0x00, 0x00, 0x00,
    0x00, 0x00, 0x07, 0xe0, 0x00, 0x00, 0x00,
    0x00, 0x00, 0x0f, 0xf0, 0x00, 0x00, 0x00,
    0x00, 0x00, 0x0f, 0xf8, 0x00, 0x00, 0x00,
    0x00, 0x00, 0x0f, 0xf8, 0x00, 0x00, 0x00,
    0x00, 0x00, 0x0f, 0xf8, 0x00, 0x00, 0x00,
    0x00, 0x00, 0x0f, 0xfc, 0x00, 0x00, 0x00,
    0x00, 0x00, 0x0f, 0xfc, 0x00, 0x00, 0x00,
    0x00, 0x00, 0x0f, 0xfc, 0x00, 0x00, 0x00,
    0x00, 0x00, 0x0f, 0xfc, 0x00, 0x00, 0x00,
    0x00, 0x00, 0x0f, 0xf8, 0x00, 0x00, 0x00,
    0x00, 0x00, 0x1f, 0xf8, 0x00, 0x00, 0x00,
    0x00, 0x00, 0x1f, 0xf8, 0x00, 0x00, 0x00,
    0x00, 0x00, 0x3f, 0xff, 0xff, 0xf0, 0x00,
    0x00, 0x00, 0x7f, 0xff, 0xff, 0xf8, 0x00,
    0x00, 0x00, 0xff, 0xff, 0xff, 0xfc, 0x00,
    0x07, 0x87, 0xff, 0xff, 0xff, 0xfe, 0x00,
    0x0f, 0x87, 0xff, 0xff, 0xff, 0xfe, 0x00,
    0x1f, 0x87, 0xff, 0xff, 0xff, 0xfe, 0x00,
    0x1f, 0x87, 0xff, 0xff, 0xff, 0xfe, 0x00,
    0x1f, 0x87, 0xff, 0xff, 0xff, 0xfc, 0x00,
    0x1f, 0x87, 0xff, 0xff, 0xff, 0xfc, 0x00,
    0x1f, 0x87, 0xff, 0xff, 0xff, 0xfc, 0x00,
    0x1f, 0x87, 0xff, 0xff, 0xff, 0xfc, 0x00,
    0x1f, 0x87, 0xff, 0xff, 0xff, 0xfc, 0x00,
    0x1f, 0x87, 0xff, 0xff, 0xff, 0xfc, 0x00,
    0x1f, 0x87, 0xff, 0xff, 0xff, 0xf8, 0x00,
    0x1f, 0x87, 0xff, 0xff, 0xff, 0xf8, 0x00,
    0x1f, 0x87, 0xff, 0xff, 0xff, 0xf8, 0x00,
    0x1f, 0x87, 0xff, 0xff, 0xff, 0xf8, 0x00,
    0x1f, 0x87, 0xff, 0xff, 0xff, 0xf8, 0x00,
    0x1f, 0x87, 0xff, 0xff, 0xff, 0xf0, 0x00,
    0x1f, 0x87, 0xff, 0xff, 0xff, 0xf0, 0x00,
    0x1f, 0x87, 0xff, 0xff, 0xff, 0xf0, 0x00,
    0x1f, 0x87, 0xff, 0xff, 0xff, 0xf0, 0x00,
    0x1f, 0x87, 0xff, 0xff, 0xff, 0xf0, 0x00,
    0x1f, 0x87, 0xff, 0xff, 0xff, 0xe0, 0x00,
    0x1f, 0x87, 0xff, 0xff, 0xff, 0xe0, 0x00,
    0x1f, 0x87, 0xff, 0xff, 0xff, 0xe0, 0x00,
    0x1f, 0x87, 0xff, 0xff, 0xff, 0xc0, 0x00,
    0x0f, 0x87, 0xff, 0xff, 0xff, 0xc0, 0x00,
    0x07, 0x87, 0xff, 0xff, 0xff, 0x00, 0x00,
    0x00, 0x00, 0x00, 0x00, 0x00, 0x00, 0x00,
    0x00, 0x00, 0x00, 0x00, 0x00, 0x00, 0x00,
    0x00, 0x00, 0x00, 0x00, 0x00, 0x00, 0x00,
    0x00, 0x00, 0x00, 0x00, 0x00, 0x00, 0x00,
};
#endif

#if TEXTURE_L2
static u8 icon_good_l2[666] ALIGNED(4) = {
    0x00, 0x00, 0x00, 0x00, 	/*Color of index 0*/
    0xe5, 0xe0, 0x4f, 0x20, 	/*Color of index 1*/
    0xe3, 0xdf, 0x51, 0x76, 	/*Color of index 2*/
    0xe3, 0xe0, 0x51, 0xfc, 	/*Color of index 3*/

    0x00, 0x00, 0x00, 0x00, 0x00, 0x00, 0x00, 0x00, 0x00, 0x00, 0x00, 0x00, 0x00,
    0x00, 0x00, 0x00, 0x00, 0x00, 0x00, 0x00, 0x00, 0x00, 0x00, 0x00, 0x00, 0x00,
    0x00, 0x00, 0x00, 0x00, 0x00, 0x00, 0x00, 0x00, 0x00, 0x00, 0x00, 0x00, 0x00,
    0x00, 0x00, 0x00, 0x00, 0x00, 0x00, 0x00, 0x00, 0x00, 0x00, 0x00, 0x00, 0x00,
    0x00, 0x00, 0x00, 0x00, 0x00, 0x2f, 0xe4, 0x00, 0x00, 0x00, 0x00, 0x00, 0x00,
    0x00, 0x00, 0x00, 0x00, 0x00, 0xbf, 0xfd, 0x00, 0x00, 0x00, 0x00, 0x00, 0x00,
    0x00, 0x00, 0x00, 0x00, 0x00, 0xff, 0xff, 0x40, 0x00, 0x00, 0x00, 0x00, 0x00,
    0x00, 0x00, 0x00, 0x00, 0x01, 0xff, 0xff, 0x80, 0x00, 0x00, 0x00, 0x00, 0x00,
    0x00, 0x00, 0x00, 0x00, 0x01, 0xff, 0xff, 0xd0, 0x00, 0x00, 0x00, 0x00, 0x00,
    0x00, 0x00, 0x00, 0x00, 0x01, 0xff, 0xff, 0xe0, 0x00, 0x00, 0x00, 0x00, 0x00,
    0x00, 0x00, 0x00, 0x00, 0x02, 0xff, 0xff, 0xe0, 0x00, 0x00, 0x00, 0x00, 0x00,
    0x00, 0x00, 0x00, 0x00, 0x01, 0xff, 0xff, 0xf0, 0x00, 0x00, 0x00, 0x00, 0x00,
    0x00, 0x00, 0x00, 0x00, 0x02, 0xff, 0xff, 0xe0, 0x00, 0x00, 0x00, 0x00, 0x00,
    0x00, 0x00, 0x00, 0x00, 0x01, 0xff, 0xff, 0xe0, 0x00, 0x00, 0x00, 0x00, 0x00,
    0x00, 0x00, 0x00, 0x00, 0x02, 0xff, 0xff, 0xe0, 0x00, 0x00, 0x00, 0x00, 0x00,
    0x00, 0x00, 0x00, 0x00, 0x03, 0xff, 0xff, 0xd0, 0x00, 0x00, 0x00, 0x00, 0x00,
    0x00, 0x00, 0x00, 0x00, 0x07, 0xff, 0xff, 0xd5, 0x55, 0x55, 0x54, 0x00, 0x00,
    0x00, 0x00, 0x00, 0x00, 0x1f, 0xff, 0xff, 0xff, 0xff, 0xff, 0xff, 0x40, 0x00,
    0x00, 0x00, 0x00, 0x00, 0x7f, 0xff, 0xff, 0xff, 0xff, 0xff, 0xff, 0xe0, 0x00,
    0x00, 0x00, 0x00, 0x06, 0xff, 0xff, 0xff, 0xff, 0xff, 0xff, 0xff, 0xf4, 0x00,
    0x00, 0x6e, 0xd0, 0xaf, 0xff, 0xff, 0xff, 0xff, 0xff, 0xff, 0xff, 0xf8, 0x00,
    0x01, 0xff, 0xe0, 0xbf, 0xff, 0xff, 0xff, 0xff, 0xff, 0xff, 0xff, 0xfc, 0x00,
    0x02, 0xff, 0xe0, 0xbf, 0xff, 0xff, 0xff, 0xff, 0xff, 0xff, 0xff, 0xfc, 0x00,
    0x03, 0xff, 0xe0, 0xbf, 0xff, 0xff, 0xff, 0xff, 0xff, 0xff, 0xff, 0xf8, 0x00,
    0x03, 0xff, 0xe0, 0xbf, 0xff, 0xff, 0xff, 0xff, 0xff, 0xff, 0xff, 0xf8, 0x00,
    0x03, 0xff, 0xe0, 0xbf, 0xff, 0xff, 0xff, 0xff, 0xff, 0xff, 0xff, 0xf4, 0x00,
    0x03, 0xff, 0xe0, 0xbf, 0xff, 0xff, 0xff, 0xff, 0xff, 0xff, 0xff, 0xf4, 0x00,
    0x03, 0xff, 0xe0, 0xbf, 0xff, 0xff, 0xff, 0xff, 0xff, 0xff, 0xff, 0xf0, 0x00,
    0x03, 0xff, 0xe0, 0xbf, 0xff, 0xff, 0xff, 0xff, 0xff, 0xff, 0xff, 0xe0, 0x00,
    0x03, 0xff, 0xe0, 0xbf, 0xff, 0xff, 0xff, 0xff, 0xff, 0xff, 0xff, 0xe0, 0x00,
    0x03, 0xff, 0xe0, 0xbf, 0xff, 0xff, 0xff, 0xff, 0xff, 0xff, 0xff, 0xe0, 0x00,
    0x03, 0xff, 0xe0, 0xbf, 0xff, 0xff, 0xff, 0xff, 0xff, 0xff, 0xff, 0xd0, 0x00,
    0x03, 0xff, 0xe0, 0xbf, 0xff, 0xff, 0xff, 0xff, 0xff, 0xff, 0xff, 0xd0, 0x00,
    0x03, 0xff, 0xe0, 0xbf, 0xff, 0xff, 0xff, 0xff, 0xff, 0xff, 0xff, 0xc0, 0x00,
    0x03, 0xff, 0xe0, 0xbf, 0xff, 0xff, 0xff, 0xff, 0xff, 0xff, 0xff, 0x80, 0x00,
    0x03, 0xff, 0xe0, 0xbf, 0xff, 0xff, 0xff, 0xff, 0xff, 0xff, 0xff, 0x80, 0x00,
    0x03, 0xff, 0xe0, 0xbf, 0xff, 0xff, 0xff, 0xff, 0xff, 0xff, 0xff, 0x40, 0x00,
    0x03, 0xff, 0xe0, 0xbf, 0xff, 0xff, 0xff, 0xff, 0xff, 0xff, 0xff, 0x40, 0x00,
    0x03, 0xff, 0xe0, 0xbf, 0xff, 0xff, 0xff, 0xff, 0xff, 0xff, 0xff, 0x00, 0x00,
    0x03, 0xff, 0xe0, 0xbf, 0xff, 0xff, 0xff, 0xff, 0xff, 0xff, 0xfe, 0x00, 0x00,
    0x03, 0xff, 0xe0, 0xbf, 0xff, 0xff, 0xff, 0xff, 0xff, 0xff, 0xfe, 0x00, 0x00,
    0x03, 0xff, 0xe0, 0xbf, 0xff, 0xff, 0xff, 0xff, 0xff, 0xff, 0xfd, 0x00, 0x00,
    0x03, 0xff, 0xe0, 0xbf, 0xff, 0xff, 0xff, 0xff, 0xff, 0xff, 0xfd, 0x00, 0x00,
    0x02, 0xff, 0xe0, 0xbf, 0xff, 0xff, 0xff, 0xff, 0xff, 0xff, 0xf8, 0x00, 0x00,
    0x01, 0xff, 0xe0, 0xbf, 0xff, 0xff, 0xff, 0xff, 0xff, 0xff, 0xe0, 0x00, 0x00,
    0x00, 0x6f, 0xd0, 0xbf, 0xff, 0xff, 0xff, 0xff, 0xff, 0xfe, 0x80, 0x00, 0x00,
    0x00, 0x00, 0x00, 0x00, 0x00, 0x00, 0x00, 0x00, 0x00, 0x00, 0x00, 0x00, 0x00,
    0x00, 0x00, 0x00, 0x00, 0x00, 0x00, 0x00, 0x00, 0x00, 0x00, 0x00, 0x00, 0x00,
    0x00, 0x00, 0x00, 0x00, 0x00, 0x00, 0x00, 0x00, 0x00, 0x00, 0x00, 0x00, 0x00,
    0x00, 0x00, 0x00, 0x00, 0x00, 0x00, 0x00, 0x00, 0x00, 0x00, 0x00, 0x00, 0x00,
};
#endif

#if TEXTURE_L4
static u8 icon_good_l4[1314] ALIGNED(4) = {
    0x00, 0x00, 0x00, 0x00, 	/*Color of index 0*/
    0xff, 0xff, 0x00, 0x01, 	/*Color of index 1*/
    0xff, 0xff, 0x55, 0x03, 	/*Color of index 2*/
    0xe1, 0xda, 0x52, 0x09, 	/*Color of index 3*/
    0xe4, 0xdd, 0x52, 0x14, 	/*Color of index 4*/
    0xe3, 0xe0, 0x51, 0x20, 	/*Color of index 5*/
    0xe5, 0xe0, 0x50, 0x2e, 	/*Color of index 6*/
    0xe4, 0xe0, 0x51, 0x40, 	/*Color of index 7*/
    0xe3, 0xe0, 0x51, 0x4f, 	/*Color of index 8*/
    0xe3, 0xdf, 0x50, 0x61, 	/*Color of index 9*/
    0xe3, 0xdf, 0x51, 0x7f, 	/*Color of index 10*/
    0xe4, 0xdf, 0x50, 0x9d, 	/*Color of index 11*/
    0xe4, 0xe0, 0x51, 0xb4, 	/*Color of index 12*/
    0xe3, 0xdf, 0x50, 0xd1, 	/*Color of index 13*/
    0xe3, 0xe0, 0x51, 0xdf, 	/*Color of index 14*/
    0xe3, 0xe0, 0x51, 0xfe, 	/*Color of index 15*/

    0x00, 0x00, 0x00, 0x00, 0x00, 0x00, 0x00, 0x00, 0x00, 0x00, 0x00, 0x00, 0x00, 0x00, 0x00, 0x00,
    0x00, 0x00, 0x00, 0x00, 0x00, 0x00, 0x00, 0x00, 0x00, 0x00, 0x00, 0x00, 0x00, 0x00, 0x00, 0x00,
    0x00, 0x00, 0x00, 0x00, 0x00, 0x00, 0x00, 0x00, 0x00, 0x00, 0x00, 0x00, 0x00, 0x00, 0x00, 0x00,
    0x00, 0x00, 0x00, 0x00, 0x00, 0x00, 0x00, 0x00, 0x00, 0x00, 0x00, 0x00, 0x00, 0x00, 0x00, 0x00,
    0x00, 0x00, 0x00, 0x00, 0x00, 0x00, 0x00, 0x00, 0x00, 0x00, 0x00, 0x00, 0x00, 0x00, 0x00, 0x00,
    0x00, 0x00, 0x00, 0x00, 0x00, 0x00, 0x00, 0x00, 0x00, 0x00, 0x00, 0x00, 0x00, 0x00, 0x00, 0x00,
    0x00, 0x00, 0x00, 0x00, 0x00, 0x00, 0x00, 0x00, 0x00, 0x00, 0x00, 0x00, 0x00, 0x00, 0x09, 0xdf,
    0xea, 0x40, 0x00, 0x00, 0x00, 0x00, 0x00, 0x00, 0x00, 0x00, 0x00, 0x00, 0x00, 0x00, 0x00, 0x00,
    0x00, 0x00, 0x00, 0x00, 0x00, 0x00, 0x00, 0x8f, 0xff, 0xff, 0xe6, 0x00, 0x00, 0x00, 0x00, 0x00,
    0x00, 0x00, 0x00, 0x00, 0x00, 0x00, 0x00, 0x00, 0x00, 0x00, 0x00, 0x00, 0x00, 0x00, 0x00, 0x00,
    0xef, 0xff, 0xff, 0xfe, 0x30, 0x00, 0x00, 0x00, 0x00, 0x00, 0x00, 0x00, 0x00, 0x00, 0x00, 0x00,
    0x00, 0x00, 0x00, 0x00, 0x00, 0x00, 0x00, 0x00, 0x04, 0xff, 0xff, 0xff, 0xff, 0xb0, 0x00, 0x00,
    0x00, 0x00, 0x00, 0x00, 0x00, 0x00, 0x00, 0x00, 0x00, 0x00, 0x00, 0x00, 0x00, 0x00, 0x00, 0x00,
    0x00, 0x07, 0xff, 0xff, 0xff, 0xff, 0xf6, 0x00, 0x00, 0x00, 0x00, 0x00, 0x00, 0x00, 0x00, 0x00,
    0x00, 0x00, 0x00, 0x00, 0x00, 0x00, 0x00, 0x00, 0x00, 0x00, 0x07, 0xff, 0xff, 0xff, 0xff, 0xfa,
    0x00, 0x00, 0x00, 0x00, 0x00, 0x00, 0x00, 0x00, 0x00, 0x00, 0x00, 0x00, 0x00, 0x00, 0x00, 0x00,
    0x00, 0x00, 0x00, 0x08, 0xff, 0xff, 0xff, 0xff, 0xfb, 0x00, 0x00, 0x00, 0x00, 0x00, 0x00, 0x00,
    0x00, 0x00, 0x00, 0x00, 0x00, 0x00, 0x00, 0x00, 0x00, 0x00, 0x00, 0x00, 0x08, 0xff, 0xff, 0xff,
    0xff, 0xfc, 0x00, 0x00, 0x00, 0x00, 0x00, 0x00, 0x00, 0x00, 0x00, 0x00, 0x00, 0x00, 0x00, 0x00,
    0x00, 0x00, 0x00, 0x00, 0x00, 0x08, 0xff, 0xff, 0xff, 0xff, 0xfb, 0x00, 0x00, 0x00, 0x00, 0x00,
    0x00, 0x00, 0x00, 0x00, 0x00, 0x00, 0x00, 0x00, 0x00, 0x00, 0x00, 0x00, 0x00, 0x00, 0x08, 0xff,
    0xff, 0xff, 0xff, 0xfa, 0x00, 0x00, 0x00, 0x00, 0x00, 0x00, 0x00, 0x00, 0x00, 0x00, 0x00, 0x00,
    0x00, 0x00, 0x00, 0x00, 0x00, 0x00, 0x00, 0x0a, 0xff, 0xff, 0xff, 0xff, 0xf8, 0x00, 0x00, 0x00,
    0x00, 0x00, 0x00, 0x00, 0x00, 0x00, 0x00, 0x00, 0x00, 0x00, 0x00, 0x00, 0x00, 0x00, 0x00, 0x00,
    0x0c, 0xff, 0xff, 0xff, 0xff, 0xf5, 0x00, 0x00, 0x00, 0x00, 0x00, 0x00, 0x00, 0x00, 0x00, 0x00,
    0x00, 0x00, 0x00, 0x00, 0x00, 0x00, 0x00, 0x00, 0x00, 0x8f, 0xff, 0xff, 0xff, 0xff, 0xe4, 0x44,
    0x54, 0x55, 0x55, 0x55, 0x65, 0x40, 0x00, 0x00, 0x00, 0x00, 0x00, 0x00, 0x00, 0x00, 0x00, 0x00,
    0x00, 0x04, 0xef, 0xff, 0xff, 0xff, 0xff, 0xff, 0xff, 0xff, 0xff, 0xff, 0xff, 0xff, 0xfe, 0x70,
    0x00, 0x00, 0x00, 0x00, 0x00, 0x00, 0x00, 0x00, 0x00, 0x00, 0x5d, 0xff, 0xff, 0xff, 0xff, 0xff,
    0xff, 0xff, 0xff, 0xff, 0xff, 0xff, 0xff, 0xff, 0xfa, 0x00, 0x00, 0x00, 0x00, 0x00, 0x00, 0x00,
    0x00, 0x00, 0x39, 0xff, 0xff, 0xff, 0xff, 0xff, 0xff, 0xff, 0xff, 0xff, 0xff, 0xff, 0xff, 0xff,
    0xff, 0xff, 0x60, 0x00, 0x00, 0x00, 0x4a, 0xcc, 0xc7, 0x00, 0x8c, 0xff, 0xff, 0xff, 0xff, 0xff,
    0xff, 0xff, 0xff, 0xff, 0xff, 0xff, 0xff, 0xff, 0xff, 0xff, 0xff, 0xb0, 0x00, 0x00, 0x05, 0xef,
    0xff, 0xf9, 0x00, 0xaf, 0xff, 0xff, 0xff, 0xff, 0xff, 0xff, 0xff, 0xff, 0xff, 0xff, 0xff, 0xff,
    0xff, 0xff, 0xff, 0xff, 0xd0, 0x00, 0x00, 0x0b, 0xff, 0xff, 0xf9, 0x00, 0xaf, 0xff, 0xff, 0xff,
    0xff, 0xff, 0xff, 0xff, 0xff, 0xff, 0xff, 0xff, 0xff, 0xff, 0xff, 0xff, 0xff, 0xd0, 0x00, 0x00,
    0x0e, 0xff, 0xff, 0xf9, 0x00, 0xaf, 0xff, 0xff, 0xff, 0xff, 0xff, 0xff, 0xff, 0xff, 0xff, 0xff,
    0xff, 0xff, 0xff, 0xff, 0xff, 0xff, 0xb0, 0x00, 0x00, 0x0e, 0xff, 0xff, 0xf9, 0x00, 0xaf, 0xff,
    0xff, 0xff, 0xff, 0xff, 0xff, 0xff, 0xff, 0xff, 0xff, 0xff, 0xff, 0xff, 0xff, 0xff, 0xff, 0xa0,
    0x00, 0x00, 0x0e, 0xff, 0xff, 0xf9, 0x00, 0xaf, 0xff, 0xff, 0xff, 0xff, 0xff, 0xff, 0xff, 0xff,
    0xff, 0xff, 0xff, 0xff, 0xff, 0xff, 0xff, 0xff, 0x70, 0x00, 0x00, 0x0e, 0xff, 0xff, 0xf9, 0x00,
    0xaf, 0xff, 0xff, 0xff, 0xff, 0xff, 0xff, 0xff, 0xff, 0xff, 0xff, 0xff, 0xff, 0xff, 0xff, 0xff,
    0xff, 0x40, 0x00, 0x00, 0x0e, 0xff, 0xff, 0xf9, 0x00, 0xaf, 0xff, 0xff, 0xff, 0xff, 0xff, 0xff,
    0xff, 0xff, 0xff, 0xff, 0xff, 0xff, 0xff, 0xff, 0xff, 0xfe, 0x00, 0x00, 0x00, 0x0e, 0xff, 0xff,
    0xf9, 0x00, 0xaf, 0xff, 0xff, 0xff, 0xff, 0xff, 0xff, 0xff, 0xff, 0xff, 0xff, 0xff, 0xff, 0xff,
    0xff, 0xff, 0xfc, 0x00, 0x00, 0x00, 0x0e, 0xff, 0xff, 0xf9, 0x00, 0xaf, 0xff, 0xff, 0xff, 0xff,
    0xff, 0xff, 0xff, 0xff, 0xff, 0xff, 0xff, 0xff, 0xff, 0xff, 0xff, 0xfa, 0x00, 0x00, 0x00, 0x0e,
    0xff, 0xff, 0xf9, 0x00, 0xaf, 0xff, 0xff, 0xff, 0xff, 0xff, 0xff, 0xff, 0xff, 0xff, 0xff, 0xff,
    0xff, 0xff, 0xff, 0xff, 0xf8, 0x00, 0x00, 0x00, 0x0e, 0xff, 0xff, 0xf9, 0x00, 0xaf, 0xff, 0xff,
    0xff, 0xff, 0xff, 0xff, 0xff, 0xff, 0xff, 0xff, 0xff, 0xff, 0xff, 0xff, 0xff, 0xf5, 0x00, 0x00,
    0x00, 0x0e, 0xff, 0xff, 0xf9, 0x00, 0xaf, 0xff, 0xff, 0xff, 0xff, 0xff, 0xff, 0xff, 0xff, 0xff,
    0xff, 0xff, 0xff, 0xff, 0xff, 0xff, 0xf1, 0x00, 0x00, 0x00, 0x0e, 0xff, 0xff, 0xf9, 0x00, 0xaf,
    0xff, 0xff, 0xff, 0xff, 0xff, 0xff, 0xff, 0xff, 0xff, 0xff, 0xff, 0xff, 0xff, 0xff, 0xff, 0xc0,
    0x00, 0x00, 0x00, 0x0e, 0xff, 0xff, 0xf9, 0x00, 0xaf, 0xff, 0xff, 0xff, 0xff, 0xff, 0xff, 0xff,
    0xff, 0xff, 0xff, 0xff, 0xff, 0xff, 0xff, 0xff, 0xb0, 0x00, 0x00, 0x00, 0x0e, 0xff, 0xff, 0xf9,
    0x00, 0xaf, 0xff, 0xff, 0xff, 0xff, 0xff, 0xff, 0xff, 0xff, 0xff, 0xff, 0xff, 0xff, 0xff, 0xff,
    0xff, 0x90, 0x00, 0x00, 0x00, 0x0e, 0xff, 0xff, 0xf9, 0x00, 0xaf, 0xff, 0xff, 0xff, 0xff, 0xff,
    0xff, 0xff, 0xff, 0xff, 0xff, 0xff, 0xff, 0xff, 0xff, 0xff, 0x60, 0x00, 0x00, 0x00, 0x0e, 0xff,
    0xff, 0xf9, 0x00, 0xaf, 0xff, 0xff, 0xff, 0xff, 0xff, 0xff, 0xff, 0xff, 0xff, 0xff, 0xff, 0xff,
    0xff, 0xff, 0xff, 0x30, 0x00, 0x00, 0x00, 0x0e, 0xff, 0xff, 0xf9, 0x00, 0xaf, 0xff, 0xff, 0xff,
    0xff, 0xff, 0xff, 0xff, 0xff, 0xff, 0xff, 0xff, 0xff, 0xff, 0xff, 0xfd, 0x00, 0x00, 0x00, 0x00,
    0x0e, 0xff, 0xff, 0xf9, 0x00, 0xaf, 0xff, 0xff, 0xff, 0xff, 0xff, 0xff, 0xff, 0xff, 0xff, 0xff,
    0xff, 0xff, 0xff, 0xff, 0xfb, 0x00, 0x00, 0x00, 0x00, 0x0e, 0xff, 0xff, 0xf9, 0x00, 0xaf, 0xff,
    0xff, 0xff, 0xff, 0xff, 0xff, 0xff, 0xff, 0xff, 0xff, 0xff, 0xff, 0xff, 0xff, 0xf9, 0x00, 0x00,
    0x00, 0x00, 0x0e, 0xff, 0xff, 0xf9, 0x00, 0xaf, 0xff, 0xff, 0xff, 0xff, 0xff, 0xff, 0xff, 0xff,
    0xff, 0xff, 0xff, 0xff, 0xff, 0xff, 0xf7, 0x00, 0x00, 0x00, 0x00, 0x0e, 0xff, 0xff, 0xf9, 0x00,
    0xaf, 0xff, 0xff, 0xff, 0xff, 0xff, 0xff, 0xff, 0xff, 0xff, 0xff, 0xff, 0xff, 0xff, 0xff, 0xe2,
    0x00, 0x00, 0x00, 0x00, 0x0c, 0xff, 0xff, 0xf9, 0x00, 0xaf, 0xff, 0xff, 0xff, 0xff, 0xff, 0xff,
    0xff, 0xff, 0xff, 0xff, 0xff, 0xff, 0xff, 0xff, 0xa0, 0x00, 0x00, 0x00, 0x00, 0x06, 0xff, 0xff,
    0xf9, 0x00, 0xaf, 0xff, 0xff, 0xff, 0xff, 0xff, 0xff, 0xff, 0xff, 0xff, 0xff, 0xff, 0xff, 0xff,
    0xfb, 0x00, 0x00, 0x00, 0x00, 0x00, 0x00, 0x6c, 0xde, 0xe8, 0x00, 0x9e, 0xee, 0xee, 0xee, 0xee,
    0xee, 0xee, 0xee, 0xee, 0xee, 0xee, 0xee, 0xee, 0xdb, 0x80, 0x00, 0x00, 0x00, 0x00, 0x00, 0x00,
    0x00, 0x00, 0x00, 0x00, 0x00, 0x00, 0x00, 0x00, 0x00, 0x00, 0x00, 0x00, 0x00, 0x00, 0x00, 0x00,
    0x00, 0x00, 0x00, 0x00, 0x00, 0x00, 0x00, 0x00, 0x00, 0x00, 0x00, 0x00, 0x00, 0x00, 0x00, 0x00,
    0x00, 0x00, 0x00, 0x00, 0x00, 0x00, 0x00, 0x00, 0x00, 0x00, 0x00, 0x00, 0x00, 0x00, 0x00, 0x00,
    0x00, 0x00, 0x00, 0x00, 0x00, 0x00, 0x00, 0x00, 0x00, 0x00, 0x00, 0x00, 0x00, 0x00, 0x00, 0x00,
    0x00, 0x00, 0x00, 0x00, 0x00, 0x00, 0x00, 0x00, 0x00, 0x00, 0x00, 0x00, 0x00, 0x00, 0x00, 0x00,
    0x00, 0x00, 0x00, 0x00, 0x00, 0x00, 0x00, 0x00, 0x00, 0x00, 0x00, 0x00, 0x00, 0x00, 0x00, 0x00,
    0x00, 0x00,
};
#endif


#if TEXTURE_L8
static u8 icon_good_l8[3524] ALIGNED(4) = {
    0x00, 0x00, 0x00, 0x00, 	/*Color of index 0*/
    0xff, 0xff, 0x00, 0x01, 	/*Color of index 1*/
    0xff, 0xff, 0x55, 0x03, 	/*Color of index 2*/
    0xd5, 0xd5, 0x55, 0x06, 	/*Color of index 3*/
    0xe3, 0xe3, 0x55, 0x09, 	/*Color of index 4*/
    0xeb, 0xd8, 0x4e, 0x0d, 	/*Color of index 5*/
    0xdd, 0xdd, 0x55, 0x0f, 	/*Color of index 6*/
    0xe1, 0xe1, 0x4b, 0x11, 	/*Color of index 7*/
    0xe4, 0xe4, 0x51, 0x13, 	/*Color of index 8*/
    0xe7, 0xdb, 0x55, 0x15, 	/*Color of index 9*/
    0xe8, 0xdc, 0x51, 0x16, 	/*Color of index 10*/
    0xe9, 0xde, 0x4e, 0x17, 	/*Color of index 11*/
    0xdf, 0xdf, 0x55, 0x18, 	/*Color of index 12*/
    0xe3, 0xe3, 0x55, 0x1b, 	/*Color of index 13*/
    0xe2, 0xe2, 0x4e, 0x1a, 	/*Color of index 14*/
    0xe5, 0xdc, 0x4f, 0x1d, 	/*Color of index 15*/
    0xe6, 0xdd, 0x55, 0x1e, 	/*Color of index 16*/
    0xe2, 0xe2, 0x52, 0x23, 	/*Color of index 17*/
    0xe6, 0xde, 0x50, 0x22, 	/*Color of index 18*/
    0xe4, 0xe0, 0x51, 0x2a, 	/*Color of index 19*/
    0xe4, 0xdf, 0x50, 0x30, 	/*Color of index 20*/
    0xe6, 0xe1, 0x50, 0x33, 	/*Color of index 21*/
    0xe4, 0xdf, 0x52, 0x38, 	/*Color of index 22*/
    0xe6, 0xe1, 0x51, 0x3c, 	/*Color of index 23*/
    0xe3, 0xdf, 0x50, 0x40, 	/*Color of index 24*/
    0xe4, 0xe1, 0x51, 0x44, 	/*Color of index 25*/
    0xe3, 0xe0, 0x52, 0x4a, 	/*Color of index 26*/
    0xe5, 0xdf, 0x51, 0x4f, 	/*Color of index 27*/
    0xe3, 0xe0, 0x51, 0x53, 	/*Color of index 28*/
    0xe4, 0xdf, 0x50, 0x60, 	/*Color of index 29*/
    0xe4, 0xdf, 0x51, 0x64, 	/*Color of index 30*/
    0xe3, 0xe1, 0x50, 0x6e, 	/*Color of index 31*/
    0xe5, 0xe0, 0x50, 0x75, 	/*Color of index 32*/
    0xe4, 0xe0, 0x52, 0x7a, 	/*Color of index 33*/
    0xe4, 0xdf, 0x50, 0x79, 	/*Color of index 34*/
    0xe3, 0xdf, 0x51, 0x80, 	/*Color of index 35*/
    0xe4, 0xe0, 0x51, 0x84, 	/*Color of index 36*/
    0xe5, 0xdf, 0x51, 0x91, 	/*Color of index 37*/
    0xe3, 0xe0, 0x51, 0x95, 	/*Color of index 38*/
    0xe4, 0xe0, 0x51, 0x9c, 	/*Color of index 39*/
    0xe4, 0xdf, 0x50, 0xa1, 	/*Color of index 40*/
    0xe4, 0xe0, 0x50, 0xa4, 	/*Color of index 41*/
    0xe3, 0xe0, 0x51, 0xad, 	/*Color of index 42*/
    0xe4, 0xdf, 0x51, 0xb1, 	/*Color of index 43*/
    0xe4, 0xe0, 0x51, 0xb4, 	/*Color of index 44*/
    0xe4, 0xe0, 0x51, 0xbd, 	/*Color of index 45*/
    0xe5, 0xe1, 0x51, 0xc1, 	/*Color of index 46*/
    0xe4, 0xe0, 0x50, 0xce, 	/*Color of index 47*/
    0xe4, 0xdf, 0x51, 0xd1, 	/*Color of index 48*/
    0xe3, 0xe0, 0x51, 0xd6, 	/*Color of index 49*/
    0xe3, 0xe0, 0x51, 0xdd, 	/*Color of index 50*/
    0xe4, 0xe0, 0x51, 0xe1, 	/*Color of index 51*/
    0xe4, 0xe0, 0x51, 0xeb, 	/*Color of index 52*/
    0xe3, 0xe0, 0x51, 0xf1, 	/*Color of index 53*/
    0xe4, 0xe0, 0x51, 0xfe, 	/*Color of index 54*/
    0x00, 0x00, 0x00, 0x00, 	/*Color of index 55*/
    0x00, 0x00, 0x00, 0x00, 	/*Color of index 56*/
    0x00, 0x00, 0x00, 0x00, 	/*Color of index 57*/
    0x00, 0x00, 0x00, 0x00, 	/*Color of index 58*/
    0x00, 0x00, 0x00, 0x00, 	/*Color of index 59*/
    0x00, 0x00, 0x00, 0x00, 	/*Color of index 60*/
    0x00, 0x00, 0x00, 0x00, 	/*Color of index 61*/
    0x00, 0x00, 0x00, 0x00, 	/*Color of index 62*/
    0x00, 0x00, 0x00, 0x00, 	/*Color of index 63*/
    0x00, 0x00, 0x00, 0x00, 	/*Color of index 64*/
    0x00, 0x00, 0x00, 0x00, 	/*Color of index 65*/
    0x00, 0x00, 0x00, 0x00, 	/*Color of index 66*/
    0x00, 0x00, 0x00, 0x00, 	/*Color of index 67*/
    0x00, 0x00, 0x00, 0x00, 	/*Color of index 68*/
    0x00, 0x00, 0x00, 0x00, 	/*Color of index 69*/
    0x00, 0x00, 0x00, 0x00, 	/*Color of index 70*/
    0x00, 0x00, 0x00, 0x00, 	/*Color of index 71*/
    0x00, 0x00, 0x00, 0x00, 	/*Color of index 72*/
    0x00, 0x00, 0x00, 0x00, 	/*Color of index 73*/
    0x00, 0x00, 0x00, 0x00, 	/*Color of index 74*/
    0x00, 0x00, 0x00, 0x00, 	/*Color of index 75*/
    0x00, 0x00, 0x00, 0x00, 	/*Color of index 76*/
    0x00, 0x00, 0x00, 0x00, 	/*Color of index 77*/
    0x00, 0x00, 0x00, 0x00, 	/*Color of index 78*/
    0x00, 0x00, 0x00, 0x00, 	/*Color of index 79*/
    0x00, 0x00, 0x00, 0x00, 	/*Color of index 80*/
    0x00, 0x00, 0x00, 0x00, 	/*Color of index 81*/
    0x00, 0x00, 0x00, 0x00, 	/*Color of index 82*/
    0x00, 0x00, 0x00, 0x00, 	/*Color of index 83*/
    0x00, 0x00, 0x00, 0x00, 	/*Color of index 84*/
    0x00, 0x00, 0x00, 0x00, 	/*Color of index 85*/
    0x00, 0x00, 0x00, 0x00, 	/*Color of index 86*/
    0x00, 0x00, 0x00, 0x00, 	/*Color of index 87*/
    0x00, 0x00, 0x00, 0x00, 	/*Color of index 88*/
    0x00, 0x00, 0x00, 0x00, 	/*Color of index 89*/
    0x00, 0x00, 0x00, 0x00, 	/*Color of index 90*/
    0x00, 0x00, 0x00, 0x00, 	/*Color of index 91*/
    0x00, 0x00, 0x00, 0x00, 	/*Color of index 92*/
    0x00, 0x00, 0x00, 0x00, 	/*Color of index 93*/
    0x00, 0x00, 0x00, 0x00, 	/*Color of index 94*/
    0x00, 0x00, 0x00, 0x00, 	/*Color of index 95*/
    0x00, 0x00, 0x00, 0x00, 	/*Color of index 96*/
    0x00, 0x00, 0x00, 0x00, 	/*Color of index 97*/
    0x00, 0x00, 0x00, 0x00, 	/*Color of index 98*/
    0x00, 0x00, 0x00, 0x00, 	/*Color of index 99*/
    0x00, 0x00, 0x00, 0x00, 	/*Color of index 100*/
    0x00, 0x00, 0x00, 0x00, 	/*Color of index 101*/
    0x00, 0x00, 0x00, 0x00, 	/*Color of index 102*/
    0x00, 0x00, 0x00, 0x00, 	/*Color of index 103*/
    0x00, 0x00, 0x00, 0x00, 	/*Color of index 104*/
    0x00, 0x00, 0x00, 0x00, 	/*Color of index 105*/
    0x00, 0x00, 0x00, 0x00, 	/*Color of index 106*/
    0x00, 0x00, 0x00, 0x00, 	/*Color of index 107*/
    0x00, 0x00, 0x00, 0x00, 	/*Color of index 108*/
    0x00, 0x00, 0x00, 0x00, 	/*Color of index 109*/
    0x00, 0x00, 0x00, 0x00, 	/*Color of index 110*/
    0x00, 0x00, 0x00, 0x00, 	/*Color of index 111*/
    0x00, 0x00, 0x00, 0x00, 	/*Color of index 112*/
    0x00, 0x00, 0x00, 0x00, 	/*Color of index 113*/
    0x00, 0x00, 0x00, 0x00, 	/*Color of index 114*/
    0x00, 0x00, 0x00, 0x00, 	/*Color of index 115*/
    0x00, 0x00, 0x00, 0x00, 	/*Color of index 116*/
    0x00, 0x00, 0x00, 0x00, 	/*Color of index 117*/
    0x00, 0x00, 0x00, 0x00, 	/*Color of index 118*/
    0x00, 0x00, 0x00, 0x00, 	/*Color of index 119*/
    0x00, 0x00, 0x00, 0x00, 	/*Color of index 120*/
    0x00, 0x00, 0x00, 0x00, 	/*Color of index 121*/
    0x00, 0x00, 0x00, 0x00, 	/*Color of index 122*/
    0x00, 0x00, 0x00, 0x00, 	/*Color of index 123*/
    0x00, 0x00, 0x00, 0x00, 	/*Color of index 124*/
    0x00, 0x00, 0x00, 0x00, 	/*Color of index 125*/
    0x00, 0x00, 0x00, 0x00, 	/*Color of index 126*/
    0x00, 0x00, 0x00, 0x00, 	/*Color of index 127*/
    0x00, 0x00, 0x00, 0x00, 	/*Color of index 128*/
    0x00, 0x00, 0x00, 0x00, 	/*Color of index 129*/
    0x00, 0x00, 0x00, 0x00, 	/*Color of index 130*/
    0x00, 0x00, 0x00, 0x00, 	/*Color of index 131*/
    0x00, 0x00, 0x00, 0x00, 	/*Color of index 132*/
    0x00, 0x00, 0x00, 0x00, 	/*Color of index 133*/
    0x00, 0x00, 0x00, 0x00, 	/*Color of index 134*/
    0x00, 0x00, 0x00, 0x00, 	/*Color of index 135*/
    0x00, 0x00, 0x00, 0x00, 	/*Color of index 136*/
    0x00, 0x00, 0x00, 0x00, 	/*Color of index 137*/
    0x00, 0x00, 0x00, 0x00, 	/*Color of index 138*/
    0x00, 0x00, 0x00, 0x00, 	/*Color of index 139*/
    0x00, 0x00, 0x00, 0x00, 	/*Color of index 140*/
    0x00, 0x00, 0x00, 0x00, 	/*Color of index 141*/
    0x00, 0x00, 0x00, 0x00, 	/*Color of index 142*/
    0x00, 0x00, 0x00, 0x00, 	/*Color of index 143*/
    0x00, 0x00, 0x00, 0x00, 	/*Color of index 144*/
    0x00, 0x00, 0x00, 0x00, 	/*Color of index 145*/
    0x00, 0x00, 0x00, 0x00, 	/*Color of index 146*/
    0x00, 0x00, 0x00, 0x00, 	/*Color of index 147*/
    0x00, 0x00, 0x00, 0x00, 	/*Color of index 148*/
    0x00, 0x00, 0x00, 0x00, 	/*Color of index 149*/
    0x00, 0x00, 0x00, 0x00, 	/*Color of index 150*/
    0x00, 0x00, 0x00, 0x00, 	/*Color of index 151*/
    0x00, 0x00, 0x00, 0x00, 	/*Color of index 152*/
    0x00, 0x00, 0x00, 0x00, 	/*Color of index 153*/
    0x00, 0x00, 0x00, 0x00, 	/*Color of index 154*/
    0x00, 0x00, 0x00, 0x00, 	/*Color of index 155*/
    0x00, 0x00, 0x00, 0x00, 	/*Color of index 156*/
    0x00, 0x00, 0x00, 0x00, 	/*Color of index 157*/
    0x00, 0x00, 0x00, 0x00, 	/*Color of index 158*/
    0x00, 0x00, 0x00, 0x00, 	/*Color of index 159*/
    0x00, 0x00, 0x00, 0x00, 	/*Color of index 160*/
    0x00, 0x00, 0x00, 0x00, 	/*Color of index 161*/
    0x00, 0x00, 0x00, 0x00, 	/*Color of index 162*/
    0x00, 0x00, 0x00, 0x00, 	/*Color of index 163*/
    0x00, 0x00, 0x00, 0x00, 	/*Color of index 164*/
    0x00, 0x00, 0x00, 0x00, 	/*Color of index 165*/
    0x00, 0x00, 0x00, 0x00, 	/*Color of index 166*/
    0x00, 0x00, 0x00, 0x00, 	/*Color of index 167*/
    0x00, 0x00, 0x00, 0x00, 	/*Color of index 168*/
    0x00, 0x00, 0x00, 0x00, 	/*Color of index 169*/
    0x00, 0x00, 0x00, 0x00, 	/*Color of index 170*/
    0x00, 0x00, 0x00, 0x00, 	/*Color of index 171*/
    0x00, 0x00, 0x00, 0x00, 	/*Color of index 172*/
    0x00, 0x00, 0x00, 0x00, 	/*Color of index 173*/
    0x00, 0x00, 0x00, 0x00, 	/*Color of index 174*/
    0x00, 0x00, 0x00, 0x00, 	/*Color of index 175*/
    0x00, 0x00, 0x00, 0x00, 	/*Color of index 176*/
    0x00, 0x00, 0x00, 0x00, 	/*Color of index 177*/
    0x00, 0x00, 0x00, 0x00, 	/*Color of index 178*/
    0x00, 0x00, 0x00, 0x00, 	/*Color of index 179*/
    0x00, 0x00, 0x00, 0x00, 	/*Color of index 180*/
    0x00, 0x00, 0x00, 0x00, 	/*Color of index 181*/
    0x00, 0x00, 0x00, 0x00, 	/*Color of index 182*/
    0x00, 0x00, 0x00, 0x00, 	/*Color of index 183*/
    0x00, 0x00, 0x00, 0x00, 	/*Color of index 184*/
    0x00, 0x00, 0x00, 0x00, 	/*Color of index 185*/
    0x00, 0x00, 0x00, 0x00, 	/*Color of index 186*/
    0x00, 0x00, 0x00, 0x00, 	/*Color of index 187*/
    0x00, 0x00, 0x00, 0x00, 	/*Color of index 188*/
    0x00, 0x00, 0x00, 0x00, 	/*Color of index 189*/
    0x00, 0x00, 0x00, 0x00, 	/*Color of index 190*/
    0x00, 0x00, 0x00, 0x00, 	/*Color of index 191*/
    0x00, 0x00, 0x00, 0x00, 	/*Color of index 192*/
    0x00, 0x00, 0x00, 0x00, 	/*Color of index 193*/
    0x00, 0x00, 0x00, 0x00, 	/*Color of index 194*/
    0x00, 0x00, 0x00, 0x00, 	/*Color of index 195*/
    0x00, 0x00, 0x00, 0x00, 	/*Color of index 196*/
    0x00, 0x00, 0x00, 0x00, 	/*Color of index 197*/
    0x00, 0x00, 0x00, 0x00, 	/*Color of index 198*/
    0x00, 0x00, 0x00, 0x00, 	/*Color of index 199*/
    0x00, 0x00, 0x00, 0x00, 	/*Color of index 200*/
    0x00, 0x00, 0x00, 0x00, 	/*Color of index 201*/
    0x00, 0x00, 0x00, 0x00, 	/*Color of index 202*/
    0x00, 0x00, 0x00, 0x00, 	/*Color of index 203*/
    0x00, 0x00, 0x00, 0x00, 	/*Color of index 204*/
    0x00, 0x00, 0x00, 0x00, 	/*Color of index 205*/
    0x00, 0x00, 0x00, 0x00, 	/*Color of index 206*/
    0x00, 0x00, 0x00, 0x00, 	/*Color of index 207*/
    0x00, 0x00, 0x00, 0x00, 	/*Color of index 208*/
    0x00, 0x00, 0x00, 0x00, 	/*Color of index 209*/
    0x00, 0x00, 0x00, 0x00, 	/*Color of index 210*/
    0x00, 0x00, 0x00, 0x00, 	/*Color of index 211*/
    0x00, 0x00, 0x00, 0x00, 	/*Color of index 212*/
    0x00, 0x00, 0x00, 0x00, 	/*Color of index 213*/
    0x00, 0x00, 0x00, 0x00, 	/*Color of index 214*/
    0x00, 0x00, 0x00, 0x00, 	/*Color of index 215*/
    0x00, 0x00, 0x00, 0x00, 	/*Color of index 216*/
    0x00, 0x00, 0x00, 0x00, 	/*Color of index 217*/
    0x00, 0x00, 0x00, 0x00, 	/*Color of index 218*/
    0x00, 0x00, 0x00, 0x00, 	/*Color of index 219*/
    0x00, 0x00, 0x00, 0x00, 	/*Color of index 220*/
    0x00, 0x00, 0x00, 0x00, 	/*Color of index 221*/
    0x00, 0x00, 0x00, 0x00, 	/*Color of index 222*/
    0x00, 0x00, 0x00, 0x00, 	/*Color of index 223*/
    0x00, 0x00, 0x00, 0x00, 	/*Color of index 224*/
    0x00, 0x00, 0x00, 0x00, 	/*Color of index 225*/
    0x00, 0x00, 0x00, 0x00, 	/*Color of index 226*/
    0x00, 0x00, 0x00, 0x00, 	/*Color of index 227*/
    0x00, 0x00, 0x00, 0x00, 	/*Color of index 228*/
    0x00, 0x00, 0x00, 0x00, 	/*Color of index 229*/
    0x00, 0x00, 0x00, 0x00, 	/*Color of index 230*/
    0x00, 0x00, 0x00, 0x00, 	/*Color of index 231*/
    0x00, 0x00, 0x00, 0x00, 	/*Color of index 232*/
    0x00, 0x00, 0x00, 0x00, 	/*Color of index 233*/
    0x00, 0x00, 0x00, 0x00, 	/*Color of index 234*/
    0x00, 0x00, 0x00, 0x00, 	/*Color of index 235*/
    0x00, 0x00, 0x00, 0x00, 	/*Color of index 236*/
    0x00, 0x00, 0x00, 0x00, 	/*Color of index 237*/
    0x00, 0x00, 0x00, 0x00, 	/*Color of index 238*/
    0x00, 0x00, 0x00, 0x00, 	/*Color of index 239*/
    0x00, 0x00, 0x00, 0x00, 	/*Color of index 240*/
    0x00, 0x00, 0x00, 0x00, 	/*Color of index 241*/
    0x00, 0x00, 0x00, 0x00, 	/*Color of index 242*/
    0x00, 0x00, 0x00, 0x00, 	/*Color of index 243*/
    0x00, 0x00, 0x00, 0x00, 	/*Color of index 244*/
    0x00, 0x00, 0x00, 0x00, 	/*Color of index 245*/
    0x00, 0x00, 0x00, 0x00, 	/*Color of index 246*/
    0x00, 0x00, 0x00, 0x00, 	/*Color of index 247*/
    0x00, 0x00, 0x00, 0x00, 	/*Color of index 248*/
    0x00, 0x00, 0x00, 0x00, 	/*Color of index 249*/
    0x00, 0x00, 0x00, 0x00, 	/*Color of index 250*/
    0x00, 0x00, 0x00, 0x00, 	/*Color of index 251*/
    0x00, 0x00, 0x00, 0x00, 	/*Color of index 252*/
    0x00, 0x00, 0x00, 0x00, 	/*Color of index 253*/
    0x00, 0x00, 0x00, 0x00, 	/*Color of index 254*/
    0x00, 0x00, 0x00, 0x00, 	/*Color of index 255*/

    0x00, 0x00, 0x00, 0x00, 0x00, 0x00, 0x00, 0x00, 0x00, 0x00, 0x00, 0x00, 0x00, 0x00, 0x00, 0x00,
    0x00, 0x00, 0x00, 0x00, 0x00, 0x00, 0x00, 0x00, 0x00, 0x00, 0x00, 0x00, 0x00, 0x00, 0x00, 0x00,
    0x00, 0x00, 0x00, 0x00, 0x00, 0x00, 0x00, 0x00, 0x00, 0x00, 0x00, 0x00, 0x00, 0x00, 0x00, 0x00,
    0x00, 0x00, 0x00, 0x00, 0x00, 0x00, 0x00, 0x00, 0x00, 0x00, 0x00, 0x00, 0x00, 0x00, 0x00, 0x00,
    0x00, 0x00, 0x00, 0x00, 0x00, 0x00, 0x00, 0x00, 0x00, 0x00, 0x00, 0x00, 0x00, 0x00, 0x00, 0x00,
    0x00, 0x00, 0x00, 0x00, 0x00, 0x00, 0x00, 0x00, 0x00, 0x00, 0x00, 0x00, 0x00, 0x00, 0x00, 0x00,
    0x00, 0x00, 0x00, 0x00, 0x00, 0x00, 0x00, 0x00, 0x00, 0x00, 0x00, 0x00, 0x00, 0x00, 0x00, 0x00,
    0x00, 0x00, 0x00, 0x00, 0x00, 0x00, 0x00, 0x00, 0x00, 0x00, 0x00, 0x00, 0x00, 0x00, 0x00, 0x00,
    0x00, 0x00, 0x00, 0x00, 0x00, 0x00, 0x00, 0x00, 0x00, 0x00, 0x00, 0x00, 0x00, 0x00, 0x00, 0x00,
    0x00, 0x00, 0x00, 0x00, 0x00, 0x00, 0x00, 0x00, 0x00, 0x00, 0x00, 0x00, 0x00, 0x00, 0x00, 0x00,
    0x00, 0x00, 0x00, 0x00, 0x00, 0x00, 0x00, 0x00, 0x00, 0x00, 0x00, 0x00, 0x00, 0x00, 0x00, 0x00,
    0x00, 0x00, 0x00, 0x00, 0x00, 0x00, 0x00, 0x00, 0x00, 0x00, 0x00, 0x00, 0x00, 0x00, 0x00, 0x00,
    0x00, 0x00, 0x00, 0x00, 0x00, 0x00, 0x00, 0x00, 0x00, 0x00, 0x00, 0x00, 0x00, 0x00, 0x00, 0x00,
    0x00, 0x00, 0x00, 0x00, 0x00, 0x00, 0x00, 0x00, 0x00, 0x00, 0x00, 0x00, 0x00, 0x1e, 0x30, 0x35,
    0x32, 0x24, 0x06, 0x00, 0x00, 0x00, 0x00, 0x00, 0x00, 0x00, 0x00, 0x00, 0x00, 0x00, 0x00, 0x00,
    0x00, 0x00, 0x00, 0x00, 0x00, 0x00, 0x00, 0x00, 0x00, 0x00, 0x00, 0x00, 0x00, 0x00, 0x00, 0x00,
    0x00, 0x00, 0x00, 0x00, 0x00, 0x00, 0x00, 0x00, 0x00, 0x00, 0x00, 0x00, 0x00, 0x00, 0x1c, 0x36,
    0x36, 0x36, 0x36, 0x36, 0x33, 0x13, 0x00, 0x00, 0x00, 0x00, 0x00, 0x00, 0x00, 0x00, 0x00, 0x00,
    0x00, 0x00, 0x00, 0x00, 0x00, 0x00, 0x00, 0x00, 0x00, 0x00, 0x00, 0x00, 0x00, 0x00, 0x00, 0x00,
    0x00, 0x00, 0x00, 0x00, 0x00, 0x00, 0x00, 0x00, 0x00, 0x00, 0x00, 0x00, 0x00, 0x00, 0x00, 0x00,
    0x31, 0x36, 0x36, 0x36, 0x36, 0x36, 0x36, 0x33, 0x05, 0x00, 0x00, 0x00, 0x00, 0x00, 0x00, 0x00,
    0x00, 0x00, 0x00, 0x00, 0x00, 0x00, 0x00, 0x00, 0x00, 0x00, 0x00, 0x00, 0x00, 0x00, 0x00, 0x00,
    0x00, 0x00, 0x00, 0x00, 0x00, 0x00, 0x00, 0x00, 0x00, 0x00, 0x00, 0x00, 0x00, 0x00, 0x00, 0x00,
    0x00, 0x0a, 0x36, 0x36, 0x36, 0x36, 0x36, 0x36, 0x36, 0x36, 0x26, 0x00, 0x00, 0x00, 0x00, 0x00,
    0x00, 0x00, 0x00, 0x00, 0x00, 0x00, 0x00, 0x00, 0x00, 0x00, 0x00, 0x00, 0x00, 0x00, 0x00, 0x00,
    0x00, 0x00, 0x00, 0x00, 0x00, 0x00, 0x00, 0x00, 0x00, 0x00, 0x00, 0x00, 0x00, 0x00, 0x00, 0x00,
    0x00, 0x00, 0x00, 0x16, 0x36, 0x36, 0x36, 0x36, 0x36, 0x36, 0x36, 0x36, 0x36, 0x13, 0x00, 0x00,
    0x00, 0x00, 0x00, 0x00, 0x00, 0x00, 0x00, 0x00, 0x00, 0x00, 0x00, 0x00, 0x00, 0x00, 0x00, 0x00,
    0x00, 0x00, 0x00, 0x00, 0x00, 0x00, 0x00, 0x00, 0x00, 0x00, 0x00, 0x00, 0x00, 0x00, 0x00, 0x00,
    0x00, 0x00, 0x00, 0x00, 0x00, 0x19, 0x36, 0x36, 0x36, 0x36, 0x36, 0x36, 0x36, 0x36, 0x36, 0x21,
    0x00, 0x00, 0x00, 0x00, 0x00, 0x00, 0x00, 0x00, 0x00, 0x00, 0x00, 0x00, 0x00, 0x00, 0x00, 0x00,
    0x00, 0x00, 0x00, 0x00, 0x00, 0x00, 0x00, 0x00, 0x00, 0x00, 0x00, 0x00, 0x00, 0x00, 0x00, 0x00,
    0x00, 0x00, 0x00, 0x00, 0x00, 0x00, 0x00, 0x1a, 0x36, 0x36, 0x36, 0x36, 0x36, 0x36, 0x36, 0x36,
    0x36, 0x29, 0x00, 0x00, 0x00, 0x00, 0x00, 0x00, 0x00, 0x00, 0x00, 0x00, 0x00, 0x00, 0x00, 0x00,
    0x00, 0x00, 0x00, 0x00, 0x00, 0x00, 0x00, 0x00, 0x00, 0x00, 0x00, 0x00, 0x00, 0x00, 0x00, 0x00,
    0x00, 0x00, 0x00, 0x00, 0x00, 0x00, 0x00, 0x00, 0x00, 0x1a, 0x36, 0x36, 0x36, 0x36, 0x36, 0x36,
    0x36, 0x36, 0x36, 0x2a, 0x00, 0x00, 0x00, 0x00, 0x00, 0x00, 0x00, 0x00, 0x00, 0x00, 0x00, 0x00,
    0x00, 0x00, 0x00, 0x00, 0x00, 0x00, 0x00, 0x00, 0x00, 0x00, 0x00, 0x00, 0x00, 0x00, 0x00, 0x00,
    0x00, 0x00, 0x00, 0x00, 0x00, 0x00, 0x00, 0x00, 0x00, 0x00, 0x00, 0x1a, 0x36, 0x36, 0x36, 0x36,
    0x36, 0x36, 0x36, 0x36, 0x36, 0x26, 0x00, 0x00, 0x00, 0x00, 0x00, 0x00, 0x00, 0x00, 0x00, 0x00,
    0x00, 0x00, 0x00, 0x00, 0x00, 0x00, 0x00, 0x00, 0x00, 0x00, 0x00, 0x00, 0x00, 0x00, 0x00, 0x00,
    0x00, 0x00, 0x00, 0x00, 0x00, 0x00, 0x00, 0x00, 0x00, 0x00, 0x00, 0x00, 0x00, 0x1c, 0x36, 0x36,
    0x36, 0x36, 0x36, 0x36, 0x36, 0x36, 0x36, 0x23, 0x00, 0x00, 0x00, 0x00, 0x00, 0x00, 0x00, 0x00,
    0x00, 0x00, 0x00, 0x00, 0x00, 0x00, 0x00, 0x00, 0x00, 0x00, 0x00, 0x00, 0x00, 0x00, 0x00, 0x00,
    0x00, 0x00, 0x00, 0x00, 0x00, 0x00, 0x00, 0x00, 0x00, 0x00, 0x00, 0x00, 0x00, 0x00, 0x00, 0x20,
    0x36, 0x36, 0x36, 0x36, 0x36, 0x36, 0x36, 0x36, 0x36, 0x1c, 0x00, 0x00, 0x00, 0x00, 0x00, 0x00,
    0x00, 0x00, 0x00, 0x00, 0x00, 0x00, 0x00, 0x00, 0x00, 0x00, 0x00, 0x00, 0x00, 0x00, 0x00, 0x00,
    0x00, 0x00, 0x00, 0x00, 0x00, 0x00, 0x00, 0x00, 0x00, 0x00, 0x00, 0x00, 0x00, 0x00, 0x00, 0x00,
    0x00, 0x2e, 0x36, 0x36, 0x36, 0x36, 0x36, 0x36, 0x36, 0x36, 0x36, 0x0d, 0x00, 0x00, 0x00, 0x00,
    0x00, 0x00, 0x00, 0x00, 0x00, 0x00, 0x00, 0x00, 0x00, 0x00, 0x00, 0x00, 0x00, 0x00, 0x00, 0x00,
    0x00, 0x00, 0x00, 0x00, 0x00, 0x00, 0x00, 0x00, 0x00, 0x00, 0x00, 0x00, 0x00, 0x00, 0x00, 0x00,
    0x00, 0x00, 0x1b, 0x36, 0x36, 0x36, 0x36, 0x36, 0x36, 0x36, 0x36, 0x36, 0x33, 0x08, 0x09, 0x0a,
    0x0c, 0x0e, 0x0d, 0x0f, 0x10, 0x12, 0x11, 0x11, 0x13, 0x12, 0x09, 0x00, 0x00, 0x00, 0x00, 0x00,
    0x00, 0x00, 0x00, 0x00, 0x00, 0x00, 0x00, 0x00, 0x00, 0x00, 0x00, 0x00, 0x00, 0x00, 0x00, 0x00,
    0x00, 0x00, 0x00, 0x07, 0x33, 0x36, 0x36, 0x36, 0x36, 0x36, 0x36, 0x36, 0x36, 0x36, 0x36, 0x36,
    0x36, 0x36, 0x36, 0x36, 0x36, 0x36, 0x36, 0x36, 0x36, 0x36, 0x36, 0x36, 0x36, 0x31, 0x1a, 0x00,
    0x00, 0x00, 0x00, 0x00, 0x00, 0x00, 0x00, 0x00, 0x00, 0x00, 0x00, 0x00, 0x00, 0x00, 0x00, 0x00,
    0x00, 0x00, 0x00, 0x00, 0x11, 0x30, 0x36, 0x36, 0x36, 0x36, 0x36, 0x36, 0x36, 0x36, 0x36, 0x36,
    0x36, 0x36, 0x36, 0x36, 0x36, 0x36, 0x36, 0x36, 0x36, 0x36, 0x36, 0x36, 0x36, 0x36, 0x36, 0x36,
    0x36, 0x22, 0x00, 0x00, 0x00, 0x00, 0x00, 0x00, 0x00, 0x00, 0x00, 0x00, 0x00, 0x00, 0x00, 0x00,
    0x00, 0x00, 0x00, 0x00, 0x04, 0x1e, 0x35, 0x36, 0x36, 0x36, 0x36, 0x36, 0x36, 0x36, 0x36, 0x36,
    0x36, 0x36, 0x36, 0x36, 0x36, 0x36, 0x36, 0x36, 0x36, 0x36, 0x36, 0x36, 0x36, 0x36, 0x36, 0x36,
    0x36, 0x36, 0x36, 0x36, 0x13, 0x00, 0x00, 0x00, 0x00, 0x00, 0x00, 0x00, 0x0b, 0x24, 0x2a, 0x2b,
    0x2a, 0x18, 0x00, 0x00, 0x1c, 0x2d, 0x35, 0x36, 0x36, 0x36, 0x36, 0x36, 0x36, 0x36, 0x36, 0x36,
    0x36, 0x36, 0x36, 0x36, 0x36, 0x36, 0x36, 0x36, 0x36, 0x36, 0x36, 0x36, 0x36, 0x36, 0x36, 0x36,
    0x36, 0x36, 0x36, 0x36, 0x36, 0x36, 0x28, 0x00, 0x00, 0x00, 0x00, 0x00, 0x00, 0x12, 0x34, 0x36,
    0x36, 0x36, 0x36, 0x1d, 0x00, 0x00, 0x23, 0x36, 0x36, 0x36, 0x36, 0x36, 0x36, 0x36, 0x36, 0x36,
    0x36, 0x36, 0x36, 0x36, 0x36, 0x36, 0x36, 0x36, 0x36, 0x36, 0x36, 0x36, 0x36, 0x36, 0x36, 0x36,
    0x36, 0x36, 0x36, 0x36, 0x36, 0x36, 0x36, 0x36, 0x31, 0x00, 0x00, 0x00, 0x00, 0x00, 0x00, 0x28,
    0x36, 0x36, 0x36, 0x36, 0x36, 0x1d, 0x00, 0x00, 0x23, 0x36, 0x36, 0x36, 0x36, 0x36, 0x36, 0x36,
    0x36, 0x36, 0x36, 0x36, 0x36, 0x36, 0x36, 0x36, 0x36, 0x36, 0x36, 0x36, 0x36, 0x36, 0x36, 0x36,
    0x36, 0x36, 0x36, 0x36, 0x36, 0x36, 0x36, 0x36, 0x36, 0x36, 0x2f, 0x00, 0x00, 0x00, 0x00, 0x00,
    0x00, 0x31, 0x36, 0x36, 0x36, 0x36, 0x36, 0x1d, 0x00, 0x00, 0x23, 0x36, 0x36, 0x36, 0x36, 0x36,
    0x36, 0x36, 0x36, 0x36, 0x36, 0x36, 0x36, 0x36, 0x36, 0x36, 0x36, 0x36, 0x36, 0x36, 0x36, 0x36,
    0x36, 0x36, 0x36, 0x36, 0x36, 0x36, 0x36, 0x36, 0x36, 0x36, 0x36, 0x36, 0x29, 0x00, 0x00, 0x00,
    0x00, 0x00, 0x00, 0x33, 0x36, 0x36, 0x36, 0x36, 0x36, 0x1d, 0x00, 0x00, 0x23, 0x36, 0x36, 0x36,
    0x36, 0x36, 0x36, 0x36, 0x36, 0x36, 0x36, 0x36, 0x36, 0x36, 0x36, 0x36, 0x36, 0x36, 0x36, 0x36,
    0x36, 0x36, 0x36, 0x36, 0x36, 0x36, 0x36, 0x36, 0x36, 0x36, 0x36, 0x36, 0x36, 0x36, 0x20, 0x00,
    0x00, 0x00, 0x00, 0x00, 0x00, 0x33, 0x36, 0x36, 0x36, 0x36, 0x36, 0x1d, 0x00, 0x00, 0x23, 0x36,
    0x36, 0x36, 0x36, 0x36, 0x36, 0x36, 0x36, 0x36, 0x36, 0x36, 0x36, 0x36, 0x36, 0x36, 0x36, 0x36,
    0x36, 0x36, 0x36, 0x36, 0x36, 0x36, 0x36, 0x36, 0x36, 0x36, 0x36, 0x36, 0x36, 0x36, 0x36, 0x36,
    0x19, 0x00, 0x00, 0x00, 0x00, 0x00, 0x00, 0x33, 0x36, 0x36, 0x36, 0x36, 0x36, 0x1d, 0x00, 0x00,
    0x23, 0x36, 0x36, 0x36, 0x36, 0x36, 0x36, 0x36, 0x36, 0x36, 0x36, 0x36, 0x36, 0x36, 0x36, 0x36,
    0x36, 0x36, 0x36, 0x36, 0x36, 0x36, 0x36, 0x36, 0x36, 0x36, 0x36, 0x36, 0x36, 0x36, 0x36, 0x36,
    0x36, 0x36, 0x09, 0x00, 0x00, 0x00, 0x00, 0x00, 0x00, 0x33, 0x36, 0x36, 0x36, 0x36, 0x36, 0x1d,
    0x00, 0x00, 0x23, 0x36, 0x36, 0x36, 0x36, 0x36, 0x36, 0x36, 0x36, 0x36, 0x36, 0x36, 0x36, 0x36,
    0x36, 0x36, 0x36, 0x36, 0x36, 0x36, 0x36, 0x36, 0x36, 0x36, 0x36, 0x36, 0x36, 0x36, 0x36, 0x36,
    0x36, 0x36, 0x36, 0x33, 0x00, 0x00, 0x00, 0x00, 0x00, 0x00, 0x00, 0x33, 0x36, 0x36, 0x36, 0x36,
    0x36, 0x1d, 0x00, 0x00, 0x23, 0x36, 0x36, 0x36, 0x36, 0x36, 0x36, 0x36, 0x36, 0x36, 0x36, 0x36,
    0x36, 0x36, 0x36, 0x36, 0x36, 0x36, 0x36, 0x36, 0x36, 0x36, 0x36, 0x36, 0x36, 0x36, 0x36, 0x36,
    0x36, 0x36, 0x36, 0x36, 0x36, 0x2c, 0x00, 0x00, 0x00, 0x00, 0x00, 0x00, 0x00, 0x33, 0x36, 0x36,
    0x36, 0x36, 0x36, 0x1d, 0x00, 0x00, 0x23, 0x36, 0x36, 0x36, 0x36, 0x36, 0x36, 0x36, 0x36, 0x36,
    0x36, 0x36, 0x36, 0x36, 0x36, 0x36, 0x36, 0x36, 0x36, 0x36, 0x36, 0x36, 0x36, 0x36, 0x36, 0x36,
    0x36, 0x36, 0x36, 0x36, 0x36, 0x36, 0x36, 0x24, 0x00, 0x00, 0x00, 0x00, 0x00, 0x00, 0x00, 0x33,
    0x36, 0x36, 0x36, 0x36, 0x36, 0x1d, 0x00, 0x00, 0x23, 0x36, 0x36, 0x36, 0x36, 0x36, 0x36, 0x36,
    0x36, 0x36, 0x36, 0x36, 0x36, 0x36, 0x36, 0x36, 0x36, 0x36, 0x36, 0x36, 0x36, 0x36, 0x36, 0x36,
    0x36, 0x36, 0x36, 0x36, 0x36, 0x36, 0x36, 0x36, 0x36, 0x1c, 0x00, 0x00, 0x00, 0x00, 0x00, 0x00,
    0x00, 0x33, 0x36, 0x36, 0x36, 0x36, 0x36, 0x1d, 0x00, 0x00, 0x23, 0x36, 0x36, 0x36, 0x36, 0x36,
    0x36, 0x36, 0x36, 0x36, 0x36, 0x36, 0x36, 0x36, 0x36, 0x36, 0x36, 0x36, 0x36, 0x36, 0x36, 0x36,
    0x36, 0x36, 0x36, 0x36, 0x36, 0x36, 0x36, 0x36, 0x36, 0x36, 0x36, 0x11, 0x00, 0x00, 0x00, 0x00,
    0x00, 0x00, 0x00, 0x33, 0x36, 0x36, 0x36, 0x36, 0x36, 0x1d, 0x00, 0x00, 0x23, 0x36, 0x36, 0x36,
    0x36, 0x36, 0x36, 0x36, 0x36, 0x36, 0x36, 0x36, 0x36, 0x36, 0x36, 0x36, 0x36, 0x36, 0x36, 0x36,
    0x36, 0x36, 0x36, 0x36, 0x36, 0x36, 0x36, 0x36, 0x36, 0x36, 0x36, 0x36, 0x35, 0x01, 0x00, 0x00,
    0x00, 0x00, 0x00, 0x00, 0x00, 0x33, 0x36, 0x36, 0x36, 0x36, 0x36, 0x1d, 0x00, 0x00, 0x23, 0x36,
    0x36, 0x36, 0x36, 0x36, 0x36, 0x36, 0x36, 0x36, 0x36, 0x36, 0x36, 0x36, 0x36, 0x36, 0x36, 0x36,
    0x36, 0x36, 0x36, 0x36, 0x36, 0x36, 0x36, 0x36, 0x36, 0x36, 0x36, 0x36, 0x36, 0x36, 0x2e, 0x00,
    0x00, 0x00, 0x00, 0x00, 0x00, 0x00, 0x00, 0x33, 0x36, 0x36, 0x36, 0x36, 0x36, 0x1d, 0x00, 0x00,
    0x23, 0x36, 0x36, 0x36, 0x36, 0x36, 0x36, 0x36, 0x36, 0x36, 0x36, 0x36, 0x36, 0x36, 0x36, 0x36,
    0x36, 0x36, 0x36, 0x36, 0x36, 0x36, 0x36, 0x36, 0x36, 0x36, 0x36, 0x36, 0x36, 0x36, 0x36, 0x36,
    0x25, 0x00, 0x00, 0x00, 0x00, 0x00, 0x00, 0x00, 0x00, 0x33, 0x36, 0x36, 0x36, 0x36, 0x36, 0x1d,
    0x00, 0x00, 0x23, 0x36, 0x36, 0x36, 0x36, 0x36, 0x36, 0x36, 0x36, 0x36, 0x36, 0x36, 0x36, 0x36,
    0x36, 0x36, 0x36, 0x36, 0x36, 0x36, 0x36, 0x36, 0x36, 0x36, 0x36, 0x36, 0x36, 0x36, 0x36, 0x36,
    0x36, 0x36, 0x1d, 0x00, 0x00, 0x00, 0x00, 0x00, 0x00, 0x00, 0x00, 0x33, 0x36, 0x36, 0x36, 0x36,
    0x36, 0x1d, 0x00, 0x00, 0x23, 0x36, 0x36, 0x36, 0x36, 0x36, 0x36, 0x36, 0x36, 0x36, 0x36, 0x36,
    0x36, 0x36, 0x36, 0x36, 0x36, 0x36, 0x36, 0x36, 0x36, 0x36, 0x36, 0x36, 0x36, 0x36, 0x36, 0x36,
    0x36, 0x36, 0x36, 0x36, 0x14, 0x00, 0x00, 0x00, 0x00, 0x00, 0x00, 0x00, 0x00, 0x33, 0x36, 0x36,
    0x36, 0x36, 0x36, 0x1d, 0x00, 0x00, 0x23, 0x36, 0x36, 0x36, 0x36, 0x36, 0x36, 0x36, 0x36, 0x36,
    0x36, 0x36, 0x36, 0x36, 0x36, 0x36, 0x36, 0x36, 0x36, 0x36, 0x36, 0x36, 0x36, 0x36, 0x36, 0x36,
    0x36, 0x36, 0x36, 0x36, 0x36, 0x36, 0x03, 0x00, 0x00, 0x00, 0x00, 0x00, 0x00, 0x00, 0x00, 0x33,
    0x36, 0x36, 0x36, 0x36, 0x36, 0x1d, 0x00, 0x00, 0x23, 0x36, 0x36, 0x36, 0x36, 0x36, 0x36, 0x36,
    0x36, 0x36, 0x36, 0x36, 0x36, 0x36, 0x36, 0x36, 0x36, 0x36, 0x36, 0x36, 0x36, 0x36, 0x36, 0x36,
    0x36, 0x36, 0x36, 0x36, 0x36, 0x36, 0x36, 0x2f, 0x00, 0x00, 0x00, 0x00, 0x00, 0x00, 0x00, 0x00,
    0x00, 0x33, 0x36, 0x36, 0x36, 0x36, 0x36, 0x1d, 0x00, 0x00, 0x23, 0x36, 0x36, 0x36, 0x36, 0x36,
    0x36, 0x36, 0x36, 0x36, 0x36, 0x36, 0x36, 0x36, 0x36, 0x36, 0x36, 0x36, 0x36, 0x36, 0x36, 0x36,
    0x36, 0x36, 0x36, 0x36, 0x36, 0x36, 0x36, 0x36, 0x36, 0x28, 0x00, 0x00, 0x00, 0x00, 0x00, 0x00,
    0x00, 0x00, 0x00, 0x33, 0x36, 0x36, 0x36, 0x36, 0x36, 0x1d, 0x00, 0x00, 0x23, 0x36, 0x36, 0x36,
    0x36, 0x36, 0x36, 0x36, 0x36, 0x36, 0x36, 0x36, 0x36, 0x36, 0x36, 0x36, 0x36, 0x36, 0x36, 0x36,
    0x36, 0x36, 0x36, 0x36, 0x36, 0x36, 0x36, 0x36, 0x36, 0x36, 0x36, 0x1f, 0x00, 0x00, 0x00, 0x00,
    0x00, 0x00, 0x00, 0x00, 0x00, 0x33, 0x36, 0x36, 0x36, 0x36, 0x36, 0x1d, 0x00, 0x00, 0x23, 0x36,
    0x36, 0x36, 0x36, 0x36, 0x36, 0x36, 0x36, 0x36, 0x36, 0x36, 0x36, 0x36, 0x36, 0x36, 0x36, 0x36,
    0x36, 0x36, 0x36, 0x36, 0x36, 0x36, 0x36, 0x36, 0x36, 0x36, 0x36, 0x36, 0x36, 0x17, 0x00, 0x00,
    0x00, 0x00, 0x00, 0x00, 0x00, 0x00, 0x00, 0x32, 0x36, 0x36, 0x36, 0x36, 0x36, 0x1d, 0x00, 0x00,
    0x23, 0x36, 0x36, 0x36, 0x36, 0x36, 0x36, 0x36, 0x36, 0x36, 0x36, 0x36, 0x36, 0x36, 0x36, 0x36,
    0x36, 0x36, 0x36, 0x36, 0x36, 0x36, 0x36, 0x36, 0x36, 0x36, 0x36, 0x36, 0x36, 0x36, 0x33, 0x02,
    0x00, 0x00, 0x00, 0x00, 0x00, 0x00, 0x00, 0x00, 0x00, 0x2a, 0x36, 0x36, 0x36, 0x36, 0x36, 0x1d,
    0x00, 0x00, 0x23, 0x36, 0x36, 0x36, 0x36, 0x36, 0x36, 0x36, 0x36, 0x36, 0x36, 0x36, 0x36, 0x36,
    0x36, 0x36, 0x36, 0x36, 0x36, 0x36, 0x36, 0x36, 0x36, 0x36, 0x36, 0x36, 0x36, 0x36, 0x36, 0x36,
    0x20, 0x00, 0x00, 0x00, 0x00, 0x00, 0x00, 0x00, 0x00, 0x00, 0x00, 0x15, 0x36, 0x36, 0x36, 0x36,
    0x36, 0x1d, 0x00, 0x00, 0x23, 0x36, 0x36, 0x36, 0x36, 0x36, 0x36, 0x36, 0x36, 0x36, 0x36, 0x36,
    0x36, 0x36, 0x36, 0x36, 0x36, 0x36, 0x36, 0x36, 0x36, 0x36, 0x36, 0x36, 0x36, 0x36, 0x36, 0x36,
    0x36, 0x27, 0x00, 0x00, 0x00, 0x00, 0x00, 0x00, 0x00, 0x00, 0x00, 0x00, 0x00, 0x00, 0x15, 0x2a,
    0x32, 0x32, 0x32, 0x1c, 0x00, 0x00, 0x1f, 0x32, 0x32, 0x32, 0x32, 0x32, 0x32, 0x32, 0x32, 0x32,
    0x32, 0x32, 0x32, 0x32, 0x32, 0x32, 0x32, 0x32, 0x32, 0x32, 0x32, 0x32, 0x32, 0x32, 0x32, 0x32,
    0x30, 0x29, 0x19, 0x00, 0x00, 0x00, 0x00, 0x00, 0x00, 0x00, 0x00, 0x00, 0x00, 0x00, 0x00, 0x00,
    0x00, 0x00, 0x00, 0x00, 0x00, 0x00, 0x00, 0x00, 0x00, 0x00, 0x00, 0x00, 0x00, 0x00, 0x00, 0x00,
    0x00, 0x00, 0x00, 0x00, 0x00, 0x00, 0x00, 0x00, 0x00, 0x00, 0x00, 0x00, 0x00, 0x00, 0x00, 0x00,
    0x00, 0x00, 0x00, 0x00, 0x00, 0x00, 0x00, 0x00, 0x00, 0x00, 0x00, 0x00, 0x00, 0x00, 0x00, 0x00,
    0x00, 0x00, 0x00, 0x00, 0x00, 0x00, 0x00, 0x00, 0x00, 0x00, 0x00, 0x00, 0x00, 0x00, 0x00, 0x00,
    0x00, 0x00, 0x00, 0x00, 0x00, 0x00, 0x00, 0x00, 0x00, 0x00, 0x00, 0x00, 0x00, 0x00, 0x00, 0x00,
    0x00, 0x00, 0x00, 0x00, 0x00, 0x00, 0x00, 0x00, 0x00, 0x00, 0x00, 0x00, 0x00, 0x00, 0x00, 0x00,
    0x00, 0x00, 0x00, 0x00, 0x00, 0x00, 0x00, 0x00, 0x00, 0x00, 0x00, 0x00, 0x00, 0x00, 0x00, 0x00,
    0x00, 0x00, 0x00, 0x00, 0x00, 0x00, 0x00, 0x00, 0x00, 0x00, 0x00, 0x00, 0x00, 0x00, 0x00, 0x00,
    0x00, 0x00, 0x00, 0x00, 0x00, 0x00, 0x00, 0x00, 0x00, 0x00, 0x00, 0x00, 0x00, 0x00, 0x00, 0x00,
    0x00, 0x00, 0x00, 0x00, 0x00, 0x00, 0x00, 0x00, 0x00, 0x00, 0x00, 0x00, 0x00, 0x00, 0x00, 0x00,
    0x00, 0x00, 0x00, 0x00, 0x00, 0x00, 0x00, 0x00, 0x00, 0x00, 0x00, 0x00, 0x00, 0x00, 0x00, 0x00,
    0x00, 0x00, 0x00, 0x00, 0x00, 0x00, 0x00, 0x00, 0x00, 0x00, 0x00, 0x00, 0x00, 0x00, 0x00, 0x00,
    0x00, 0x00, 0x00, 0x00,
};
#endif


#if TEXTURE_A2
static u8 icon_good_a2[650] ALIGNED(4) = {
    0x00, 0x00, 0x00, 0x00, 0x00, 0x00, 0x00, 0x00, 0x00, 0x00, 0x00, 0x00, 0x00,
    0x00, 0x00, 0x00, 0x00, 0x00, 0x00, 0x00, 0x00, 0x00, 0x00, 0x00, 0x00, 0x00,
    0x00, 0x00, 0x00, 0x00, 0x00, 0x00, 0x00, 0x00, 0x00, 0x00, 0x00, 0x00, 0x00,
    0x00, 0x00, 0x00, 0x00, 0x00, 0x00, 0x00, 0x00, 0x00, 0x00, 0x00, 0x00, 0x00,
    0x00, 0x00, 0x00, 0x00, 0x00, 0x1f, 0xe0, 0x00, 0x00, 0x00, 0x00, 0x00, 0x00,
    0x00, 0x00, 0x00, 0x00, 0x00, 0x7f, 0xfc, 0x00, 0x00, 0x00, 0x00, 0x00, 0x00,
    0x00, 0x00, 0x00, 0x00, 0x00, 0xff, 0xff, 0x00, 0x00, 0x00, 0x00, 0x00, 0x00,
    0x00, 0x00, 0x00, 0x00, 0x00, 0xff, 0xff, 0x80, 0x00, 0x00, 0x00, 0x00, 0x00,
    0x00, 0x00, 0x00, 0x00, 0x00, 0xff, 0xff, 0xc0, 0x00, 0x00, 0x00, 0x00, 0x00,
    0x00, 0x00, 0x00, 0x00, 0x01, 0xff, 0xff, 0xd0, 0x00, 0x00, 0x00, 0x00, 0x00,
    0x00, 0x00, 0x00, 0x00, 0x01, 0xff, 0xff, 0xe0, 0x00, 0x00, 0x00, 0x00, 0x00,
    0x00, 0x00, 0x00, 0x00, 0x01, 0xff, 0xff, 0xe0, 0x00, 0x00, 0x00, 0x00, 0x00,
    0x00, 0x00, 0x00, 0x00, 0x01, 0xff, 0xff, 0xe0, 0x00, 0x00, 0x00, 0x00, 0x00,
    0x00, 0x00, 0x00, 0x00, 0x01, 0xff, 0xff, 0xe0, 0x00, 0x00, 0x00, 0x00, 0x00,
    0x00, 0x00, 0x00, 0x00, 0x01, 0xff, 0xff, 0xd0, 0x00, 0x00, 0x00, 0x00, 0x00,
    0x00, 0x00, 0x00, 0x00, 0x03, 0xff, 0xff, 0xc0, 0x00, 0x00, 0x00, 0x00, 0x00,
    0x00, 0x00, 0x00, 0x00, 0x07, 0xff, 0xff, 0xc0, 0x00, 0x00, 0x00, 0x00, 0x00,
    0x00, 0x00, 0x00, 0x00, 0x0f, 0xff, 0xff, 0xff, 0xff, 0xff, 0xff, 0x40, 0x00,
    0x00, 0x00, 0x00, 0x00, 0x3f, 0xff, 0xff, 0xff, 0xff, 0xff, 0xff, 0xd0, 0x00,
    0x00, 0x00, 0x00, 0x01, 0xff, 0xff, 0xff, 0xff, 0xff, 0xff, 0xff, 0xf0, 0x00,
    0x00, 0x2a, 0x90, 0x6f, 0xff, 0xff, 0xff, 0xff, 0xff, 0xff, 0xff, 0xf8, 0x00,
    0x00, 0xff, 0xd0, 0xbf, 0xff, 0xff, 0xff, 0xff, 0xff, 0xff, 0xff, 0xfc, 0x00,
    0x02, 0xff, 0xd0, 0xbf, 0xff, 0xff, 0xff, 0xff, 0xff, 0xff, 0xff, 0xfc, 0x00,
    0x03, 0xff, 0xd0, 0xbf, 0xff, 0xff, 0xff, 0xff, 0xff, 0xff, 0xff, 0xf8, 0x00,
    0x03, 0xff, 0xd0, 0xbf, 0xff, 0xff, 0xff, 0xff, 0xff, 0xff, 0xff, 0xf4, 0x00,
    0x03, 0xff, 0xd0, 0xbf, 0xff, 0xff, 0xff, 0xff, 0xff, 0xff, 0xff, 0xf4, 0x00,
    0x03, 0xff, 0xd0, 0xbf, 0xff, 0xff, 0xff, 0xff, 0xff, 0xff, 0xff, 0xf0, 0x00,
    0x03, 0xff, 0xd0, 0xbf, 0xff, 0xff, 0xff, 0xff, 0xff, 0xff, 0xff, 0xf0, 0x00,
    0x03, 0xff, 0xd0, 0xbf, 0xff, 0xff, 0xff, 0xff, 0xff, 0xff, 0xff, 0xe0, 0x00,
    0x03, 0xff, 0xd0, 0xbf, 0xff, 0xff, 0xff, 0xff, 0xff, 0xff, 0xff, 0xe0, 0x00,
    0x03, 0xff, 0xd0, 0xbf, 0xff, 0xff, 0xff, 0xff, 0xff, 0xff, 0xff, 0xd0, 0x00,
    0x03, 0xff, 0xd0, 0xbf, 0xff, 0xff, 0xff, 0xff, 0xff, 0xff, 0xff, 0xc0, 0x00,
    0x03, 0xff, 0xd0, 0xbf, 0xff, 0xff, 0xff, 0xff, 0xff, 0xff, 0xff, 0xc0, 0x00,
    0x03, 0xff, 0xd0, 0xbf, 0xff, 0xff, 0xff, 0xff, 0xff, 0xff, 0xff, 0xc0, 0x00,
    0x03, 0xff, 0xd0, 0xbf, 0xff, 0xff, 0xff, 0xff, 0xff, 0xff, 0xff, 0x80, 0x00,
    0x03, 0xff, 0xd0, 0xbf, 0xff, 0xff, 0xff, 0xff, 0xff, 0xff, 0xff, 0x40, 0x00,
    0x03, 0xff, 0xd0, 0xbf, 0xff, 0xff, 0xff, 0xff, 0xff, 0xff, 0xff, 0x00, 0x00,
    0x03, 0xff, 0xd0, 0xbf, 0xff, 0xff, 0xff, 0xff, 0xff, 0xff, 0xff, 0x00, 0x00,
    0x03, 0xff, 0xd0, 0xbf, 0xff, 0xff, 0xff, 0xff, 0xff, 0xff, 0xff, 0x00, 0x00,
    0x03, 0xff, 0xd0, 0xbf, 0xff, 0xff, 0xff, 0xff, 0xff, 0xff, 0xfe, 0x00, 0x00,
    0x03, 0xff, 0xd0, 0xbf, 0xff, 0xff, 0xff, 0xff, 0xff, 0xff, 0xfd, 0x00, 0x00,
    0x03, 0xff, 0xd0, 0xbf, 0xff, 0xff, 0xff, 0xff, 0xff, 0xff, 0xfc, 0x00, 0x00,
    0x03, 0xff, 0xd0, 0xbf, 0xff, 0xff, 0xff, 0xff, 0xff, 0xff, 0xfc, 0x00, 0x00,
    0x02, 0xff, 0xd0, 0xbf, 0xff, 0xff, 0xff, 0xff, 0xff, 0xff, 0xf4, 0x00, 0x00,
    0x00, 0xff, 0xd0, 0xbf, 0xff, 0xff, 0xff, 0xff, 0xff, 0xff, 0xe0, 0x00, 0x00,
    0x00, 0x2f, 0xd0, 0x7f, 0xff, 0xff, 0xff, 0xff, 0xff, 0xfe, 0x40, 0x00, 0x00,
    0x00, 0x00, 0x00, 0x00, 0x00, 0x00, 0x00, 0x00, 0x00, 0x00, 0x00, 0x00, 0x00,
    0x00, 0x00, 0x00, 0x00, 0x00, 0x00, 0x00, 0x00, 0x00, 0x00, 0x00, 0x00, 0x00,
    0x00, 0x00, 0x00, 0x00, 0x00, 0x00, 0x00, 0x00, 0x00, 0x00, 0x00, 0x00, 0x00,
    0x00, 0x00, 0x00, 0x00, 0x00, 0x00, 0x00, 0x00, 0x00, 0x00, 0x00, 0x00, 0x00,
};
#endif

#if TEXTURE_A4
static u8 icon_good_a4[1250] ALIGNED(4) = {
    0x00, 0x00, 0x00, 0x00, 0x00, 0x00, 0x00, 0x00, 0x00, 0x00, 0x00, 0x00, 0x00, 0x00, 0x00, 0x00,
    0x00, 0x00, 0x00, 0x00, 0x00, 0x00, 0x00, 0x00, 0x00, 0x00, 0x00, 0x00, 0x00, 0x00, 0x00, 0x00,
    0x00, 0x00, 0x00, 0x00, 0x00, 0x00, 0x00, 0x00, 0x00, 0x00, 0x00, 0x00, 0x00, 0x00, 0x00, 0x00,
    0x00, 0x00, 0x00, 0x00, 0x00, 0x00, 0x00, 0x00, 0x00, 0x00, 0x00, 0x00, 0x00, 0x00, 0x00, 0x00,
    0x00, 0x00, 0x00, 0x00, 0x00, 0x00, 0x00, 0x00, 0x00, 0x00, 0x00, 0x00, 0x00, 0x00, 0x00, 0x00,
    0x00, 0x00, 0x00, 0x00, 0x00, 0x00, 0x00, 0x00, 0x00, 0x00, 0x00, 0x00, 0x00, 0x00, 0x00, 0x00,
    0x00, 0x00, 0x00, 0x00, 0x00, 0x00, 0x00, 0x00, 0x00, 0x00, 0x00, 0x00, 0x00, 0x00, 0x06, 0xdf,
    0xd8, 0x00, 0x00, 0x00, 0x00, 0x00, 0x00, 0x00, 0x00, 0x00, 0x00, 0x00, 0x00, 0x00, 0x00, 0x00,
    0x00, 0x00, 0x00, 0x00, 0x00, 0x00, 0x00, 0x5f, 0xff, 0xff, 0xe2, 0x00, 0x00, 0x00, 0x00, 0x00,
    0x00, 0x00, 0x00, 0x00, 0x00, 0x00, 0x00, 0x00, 0x00, 0x00, 0x00, 0x00, 0x00, 0x00, 0x00, 0x00,
    0xdf, 0xff, 0xff, 0xfe, 0x00, 0x00, 0x00, 0x00, 0x00, 0x00, 0x00, 0x00, 0x00, 0x00, 0x00, 0x00,
    0x00, 0x00, 0x00, 0x00, 0x00, 0x00, 0x00, 0x00, 0x01, 0xff, 0xff, 0xff, 0xff, 0x90, 0x00, 0x00,
    0x00, 0x00, 0x00, 0x00, 0x00, 0x00, 0x00, 0x00, 0x00, 0x00, 0x00, 0x00, 0x00, 0x00, 0x00, 0x00,
    0x00, 0x03, 0xff, 0xff, 0xff, 0xff, 0xf2, 0x00, 0x00, 0x00, 0x00, 0x00, 0x00, 0x00, 0x00, 0x00,
    0x00, 0x00, 0x00, 0x00, 0x00, 0x00, 0x00, 0x00, 0x00, 0x00, 0x04, 0xff, 0xff, 0xff, 0xff, 0xf7,
    0x00, 0x00, 0x00, 0x00, 0x00, 0x00, 0x00, 0x00, 0x00, 0x00, 0x00, 0x00, 0x00, 0x00, 0x00, 0x00,
    0x00, 0x00, 0x00, 0x04, 0xff, 0xff, 0xff, 0xff, 0xfa, 0x00, 0x00, 0x00, 0x00, 0x00, 0x00, 0x00,
    0x00, 0x00, 0x00, 0x00, 0x00, 0x00, 0x00, 0x00, 0x00, 0x00, 0x00, 0x00, 0x04, 0xff, 0xff, 0xff,
    0xff, 0xfa, 0x00, 0x00, 0x00, 0x00, 0x00, 0x00, 0x00, 0x00, 0x00, 0x00, 0x00, 0x00, 0x00, 0x00,
    0x00, 0x00, 0x00, 0x00, 0x00, 0x04, 0xff, 0xff, 0xff, 0xff, 0xf9, 0x00, 0x00, 0x00, 0x00, 0x00,
    0x00, 0x00, 0x00, 0x00, 0x00, 0x00, 0x00, 0x00, 0x00, 0x00, 0x00, 0x00, 0x00, 0x00, 0x05, 0xff,
    0xff, 0xff, 0xff, 0xf8, 0x00, 0x00, 0x00, 0x00, 0x00, 0x00, 0x00, 0x00, 0x00, 0x00, 0x00, 0x00,
    0x00, 0x00, 0x00, 0x00, 0x00, 0x00, 0x00, 0x07, 0xff, 0xff, 0xff, 0xff, 0xf5, 0x00, 0x00, 0x00,
    0x00, 0x00, 0x00, 0x00, 0x00, 0x00, 0x00, 0x00, 0x00, 0x00, 0x00, 0x00, 0x00, 0x00, 0x00, 0x00,
    0x0c, 0xff, 0xff, 0xff, 0xff, 0xf1, 0x00, 0x00, 0x00, 0x00, 0x00, 0x00, 0x00, 0x00, 0x00, 0x00,
    0x00, 0x00, 0x00, 0x00, 0x00, 0x00, 0x00, 0x00, 0x00, 0x4f, 0xff, 0xff, 0xff, 0xff, 0xe1, 0x11,
    0x11, 0x11, 0x12, 0x22, 0x22, 0x10, 0x00, 0x00, 0x00, 0x00, 0x00, 0x00, 0x00, 0x00, 0x00, 0x00,
    0x00, 0x01, 0xef, 0xff, 0xff, 0xff, 0xff, 0xff, 0xff, 0xff, 0xff, 0xff, 0xff, 0xff, 0xfd, 0x40,
    0x00, 0x00, 0x00, 0x00, 0x00, 0x00, 0x00, 0x00, 0x00, 0x00, 0x2c, 0xff, 0xff, 0xff, 0xff, 0xff,
    0xff, 0xff, 0xff, 0xff, 0xff, 0xff, 0xff, 0xff, 0xf7, 0x00, 0x00, 0x00, 0x00, 0x00, 0x00, 0x00,
    0x00, 0x00, 0x06, 0xff, 0xff, 0xff, 0xff, 0xff, 0xff, 0xff, 0xff, 0xff, 0xff, 0xff, 0xff, 0xff,
    0xff, 0xff, 0x20, 0x00, 0x00, 0x00, 0x18, 0xab, 0xa4, 0x00, 0x5b, 0xff, 0xff, 0xff, 0xff, 0xff,
    0xff, 0xff, 0xff, 0xff, 0xff, 0xff, 0xff, 0xff, 0xff, 0xff, 0xff, 0xa0, 0x00, 0x00, 0x02, 0xef,
    0xff, 0xf6, 0x00, 0x8f, 0xff, 0xff, 0xff, 0xff, 0xff, 0xff, 0xff, 0xff, 0xff, 0xff, 0xff, 0xff,
    0xff, 0xff, 0xff, 0xff, 0xd0, 0x00, 0x00, 0x0a, 0xff, 0xff, 0xf6, 0x00, 0x8f, 0xff, 0xff, 0xff,
    0xff, 0xff, 0xff, 0xff, 0xff, 0xff, 0xff, 0xff, 0xff, 0xff, 0xff, 0xff, 0xff, 0xc0, 0x00, 0x00,
    0x0d, 0xff, 0xff, 0xf6, 0x00, 0x8f, 0xff, 0xff, 0xff, 0xff, 0xff, 0xff, 0xff, 0xff, 0xff, 0xff,
    0xff, 0xff, 0xff, 0xff, 0xff, 0xff, 0xa0, 0x00, 0x00, 0x0e, 0xff, 0xff, 0xf6, 0x00, 0x8f, 0xff,
    0xff, 0xff, 0xff, 0xff, 0xff, 0xff, 0xff, 0xff, 0xff, 0xff, 0xff, 0xff, 0xff, 0xff, 0xff, 0x70,
    0x00, 0x00, 0x0e, 0xff, 0xff, 0xf6, 0x00, 0x8f, 0xff, 0xff, 0xff, 0xff, 0xff, 0xff, 0xff, 0xff,
    0xff, 0xff, 0xff, 0xff, 0xff, 0xff, 0xff, 0xff, 0x40, 0x00, 0x00, 0x0e, 0xff, 0xff, 0xf6, 0x00,
    0x8f, 0xff, 0xff, 0xff, 0xff, 0xff, 0xff, 0xff, 0xff, 0xff, 0xff, 0xff, 0xff, 0xff, 0xff, 0xff,
    0xff, 0x10, 0x00, 0x00, 0x0e, 0xff, 0xff, 0xf6, 0x00, 0x8f, 0xff, 0xff, 0xff, 0xff, 0xff, 0xff,
    0xff, 0xff, 0xff, 0xff, 0xff, 0xff, 0xff, 0xff, 0xff, 0xfe, 0x00, 0x00, 0x00, 0x0e, 0xff, 0xff,
    0xf6, 0x00, 0x8f, 0xff, 0xff, 0xff, 0xff, 0xff, 0xff, 0xff, 0xff, 0xff, 0xff, 0xff, 0xff, 0xff,
    0xff, 0xff, 0xfb, 0x00, 0x00, 0x00, 0x0e, 0xff, 0xff, 0xf6, 0x00, 0x8f, 0xff, 0xff, 0xff, 0xff,
    0xff, 0xff, 0xff, 0xff, 0xff, 0xff, 0xff, 0xff, 0xff, 0xff, 0xff, 0xf8, 0x00, 0x00, 0x00, 0x0e,
    0xff, 0xff, 0xf6, 0x00, 0x8f, 0xff, 0xff, 0xff, 0xff, 0xff, 0xff, 0xff, 0xff, 0xff, 0xff, 0xff,
    0xff, 0xff, 0xff, 0xff, 0xf5, 0x00, 0x00, 0x00, 0x0e, 0xff, 0xff, 0xf6, 0x00, 0x8f, 0xff, 0xff,
    0xff, 0xff, 0xff, 0xff, 0xff, 0xff, 0xff, 0xff, 0xff, 0xff, 0xff, 0xff, 0xff, 0xf2, 0x00, 0x00,
    0x00, 0x0e, 0xff, 0xff, 0xf6, 0x00, 0x8f, 0xff, 0xff, 0xff, 0xff, 0xff, 0xff, 0xff, 0xff, 0xff,
    0xff, 0xff, 0xff, 0xff, 0xff, 0xff, 0xf0, 0x00, 0x00, 0x00, 0x0e, 0xff, 0xff, 0xf6, 0x00, 0x8f,
    0xff, 0xff, 0xff, 0xff, 0xff, 0xff, 0xff, 0xff, 0xff, 0xff, 0xff, 0xff, 0xff, 0xff, 0xff, 0xc0,
    0x00, 0x00, 0x00, 0x0e, 0xff, 0xff, 0xf6, 0x00, 0x8f, 0xff, 0xff, 0xff, 0xff, 0xff, 0xff, 0xff,
    0xff, 0xff, 0xff, 0xff, 0xff, 0xff, 0xff, 0xff, 0x90, 0x00, 0x00, 0x00, 0x0e, 0xff, 0xff, 0xf6,
    0x00, 0x8f, 0xff, 0xff, 0xff, 0xff, 0xff, 0xff, 0xff, 0xff, 0xff, 0xff, 0xff, 0xff, 0xff, 0xff,
    0xff, 0x60, 0x00, 0x00, 0x00, 0x0e, 0xff, 0xff, 0xf6, 0x00, 0x8f, 0xff, 0xff, 0xff, 0xff, 0xff,
    0xff, 0xff, 0xff, 0xff, 0xff, 0xff, 0xff, 0xff, 0xff, 0xff, 0x30, 0x00, 0x00, 0x00, 0x0e, 0xff,
    0xff, 0xf6, 0x00, 0x8f, 0xff, 0xff, 0xff, 0xff, 0xff, 0xff, 0xff, 0xff, 0xff, 0xff, 0xff, 0xff,
    0xff, 0xff, 0xff, 0x00, 0x00, 0x00, 0x00, 0x0e, 0xff, 0xff, 0xf6, 0x00, 0x8f, 0xff, 0xff, 0xff,
    0xff, 0xff, 0xff, 0xff, 0xff, 0xff, 0xff, 0xff, 0xff, 0xff, 0xff, 0xfc, 0x00, 0x00, 0x00, 0x00,
    0x0e, 0xff, 0xff, 0xf6, 0x00, 0x8f, 0xff, 0xff, 0xff, 0xff, 0xff, 0xff, 0xff, 0xff, 0xff, 0xff,
    0xff, 0xff, 0xff, 0xff, 0xf9, 0x00, 0x00, 0x00, 0x00, 0x0e, 0xff, 0xff, 0xf6, 0x00, 0x8f, 0xff,
    0xff, 0xff, 0xff, 0xff, 0xff, 0xff, 0xff, 0xff, 0xff, 0xff, 0xff, 0xff, 0xff, 0xf6, 0x00, 0x00,
    0x00, 0x00, 0x0e, 0xff, 0xff, 0xf6, 0x00, 0x8f, 0xff, 0xff, 0xff, 0xff, 0xff, 0xff, 0xff, 0xff,
    0xff, 0xff, 0xff, 0xff, 0xff, 0xff, 0xf3, 0x00, 0x00, 0x00, 0x00, 0x0d, 0xff, 0xff, 0xf6, 0x00,
    0x8f, 0xff, 0xff, 0xff, 0xff, 0xff, 0xff, 0xff, 0xff, 0xff, 0xff, 0xff, 0xff, 0xff, 0xff, 0xe0,
    0x00, 0x00, 0x00, 0x00, 0x0a, 0xff, 0xff, 0xf6, 0x00, 0x8f, 0xff, 0xff, 0xff, 0xff, 0xff, 0xff,
    0xff, 0xff, 0xff, 0xff, 0xff, 0xff, 0xff, 0xff, 0x70, 0x00, 0x00, 0x00, 0x00, 0x03, 0xff, 0xff,
    0xf6, 0x00, 0x8f, 0xff, 0xff, 0xff, 0xff, 0xff, 0xff, 0xff, 0xff, 0xff, 0xff, 0xff, 0xff, 0xff,
    0xf9, 0x00, 0x00, 0x00, 0x00, 0x00, 0x00, 0x3a, 0xdd, 0xd5, 0x00, 0x6d, 0xdd, 0xdd, 0xdd, 0xdd,
    0xdd, 0xdd, 0xdd, 0xdd, 0xdd, 0xdd, 0xdd, 0xdd, 0xda, 0x40, 0x00, 0x00, 0x00, 0x00, 0x00, 0x00,
    0x00, 0x00, 0x00, 0x00, 0x00, 0x00, 0x00, 0x00, 0x00, 0x00, 0x00, 0x00, 0x00, 0x00, 0x00, 0x00,
    0x00, 0x00, 0x00, 0x00, 0x00, 0x00, 0x00, 0x00, 0x00, 0x00, 0x00, 0x00, 0x00, 0x00, 0x00, 0x00,
    0x00, 0x00, 0x00, 0x00, 0x00, 0x00, 0x00, 0x00, 0x00, 0x00, 0x00, 0x00, 0x00, 0x00, 0x00, 0x00,
    0x00, 0x00, 0x00, 0x00, 0x00, 0x00, 0x00, 0x00, 0x00, 0x00, 0x00, 0x00, 0x00, 0x00, 0x00, 0x00,
    0x00, 0x00, 0x00, 0x00, 0x00, 0x00, 0x00, 0x00, 0x00, 0x00, 0x00, 0x00, 0x00, 0x00, 0x00, 0x00,
    0x00, 0x00, 0x00, 0x00, 0x00, 0x00, 0x00, 0x00, 0x00, 0x00, 0x00, 0x00, 0x00, 0x00, 0x00, 0x00,
    0x00, 0x00,
};
#endif


#if TEXTURE_A8
static u8 icon_good_a8[2500] ALIGNED(4) = {
    0x00, 0x00, 0x00, 0x00, 0x00, 0x00, 0x00, 0x00, 0x00, 0x00, 0x00, 0x00, 0x00, 0x00, 0x00, 0x00,
    0x00, 0x00, 0x00, 0x00, 0x00, 0x00, 0x00, 0x00, 0x00, 0x00, 0x00, 0x00, 0x00, 0x00, 0x00, 0x00,
    0x00, 0x00, 0x00, 0x00, 0x00, 0x00, 0x00, 0x00, 0x00, 0x00, 0x00, 0x00, 0x00, 0x00, 0x00, 0x00,
    0x00, 0x00, 0x00, 0x00, 0x00, 0x00, 0x00, 0x00, 0x00, 0x00, 0x00, 0x00, 0x00, 0x00, 0x00, 0x00,
    0x00, 0x00, 0x00, 0x00, 0x00, 0x00, 0x00, 0x00, 0x00, 0x00, 0x00, 0x00, 0x00, 0x00, 0x00, 0x00,
    0x00, 0x00, 0x00, 0x00, 0x00, 0x00, 0x00, 0x00, 0x00, 0x00, 0x00, 0x00, 0x00, 0x00, 0x00, 0x00,
    0x00, 0x00, 0x00, 0x00, 0x00, 0x00, 0x00, 0x00, 0x00, 0x00, 0x00, 0x00, 0x00, 0x00, 0x00, 0x00,
    0x00, 0x00, 0x00, 0x00, 0x00, 0x00, 0x00, 0x00, 0x00, 0x00, 0x00, 0x00, 0x00, 0x00, 0x00, 0x00,
    0x00, 0x00, 0x00, 0x00, 0x00, 0x00, 0x00, 0x00, 0x00, 0x00, 0x00, 0x00, 0x00, 0x00, 0x00, 0x00,
    0x00, 0x00, 0x00, 0x00, 0x00, 0x00, 0x00, 0x00, 0x00, 0x00, 0x00, 0x00, 0x00, 0x00, 0x00, 0x00,
    0x00, 0x00, 0x00, 0x00, 0x00, 0x00, 0x00, 0x00, 0x00, 0x00, 0x00, 0x00, 0x00, 0x00, 0x00, 0x00,
    0x00, 0x00, 0x00, 0x00, 0x00, 0x00, 0x00, 0x00, 0x00, 0x00, 0x00, 0x00, 0x00, 0x00, 0x00, 0x00,
    0x00, 0x00, 0x00, 0x00, 0x00, 0x00, 0x00, 0x00, 0x00, 0x00, 0x00, 0x00, 0x00, 0x00, 0x00, 0x00,
    0x00, 0x00, 0x00, 0x00, 0x00, 0x00, 0x00, 0x00, 0x00, 0x00, 0x00, 0x00, 0x00, 0x62, 0xd2, 0xf1,
    0xdb, 0x87, 0x0f, 0x00, 0x00, 0x00, 0x00, 0x00, 0x00, 0x00, 0x00, 0x00, 0x00, 0x00, 0x00, 0x00,
    0x00, 0x00, 0x00, 0x00, 0x00, 0x00, 0x00, 0x00, 0x00, 0x00, 0x00, 0x00, 0x00, 0x00, 0x00, 0x00,
    0x00, 0x00, 0x00, 0x00, 0x00, 0x00, 0x00, 0x00, 0x00, 0x00, 0x00, 0x00, 0x00, 0x00, 0x52, 0xff,
    0xff, 0xff, 0xff, 0xff, 0xe3, 0x2c, 0x00, 0x00, 0x00, 0x00, 0x00, 0x00, 0x00, 0x00, 0x00, 0x00,
    0x00, 0x00, 0x00, 0x00, 0x00, 0x00, 0x00, 0x00, 0x00, 0x00, 0x00, 0x00, 0x00, 0x00, 0x00, 0x00,
    0x00, 0x00, 0x00, 0x00, 0x00, 0x00, 0x00, 0x00, 0x00, 0x00, 0x00, 0x00, 0x00, 0x00, 0x00, 0x00,
    0xd9, 0xff, 0xff, 0xff, 0xff, 0xff, 0xff, 0xe2, 0x0d, 0x00, 0x00, 0x00, 0x00, 0x00, 0x00, 0x00,
    0x00, 0x00, 0x00, 0x00, 0x00, 0x00, 0x00, 0x00, 0x00, 0x00, 0x00, 0x00, 0x00, 0x00, 0x00, 0x00,
    0x00, 0x00, 0x00, 0x00, 0x00, 0x00, 0x00, 0x00, 0x00, 0x00, 0x00, 0x00, 0x00, 0x00, 0x00, 0x00,
    0x00, 0x16, 0xff, 0xff, 0xff, 0xff, 0xff, 0xff, 0xff, 0xff, 0x94, 0x00, 0x00, 0x00, 0x00, 0x00,
    0x00, 0x00, 0x00, 0x00, 0x00, 0x00, 0x00, 0x00, 0x00, 0x00, 0x00, 0x00, 0x00, 0x00, 0x00, 0x00,
    0x00, 0x00, 0x00, 0x00, 0x00, 0x00, 0x00, 0x00, 0x00, 0x00, 0x00, 0x00, 0x00, 0x00, 0x00, 0x00,
    0x00, 0x00, 0x00, 0x38, 0xff, 0xff, 0xff, 0xff, 0xff, 0xff, 0xff, 0xff, 0xfd, 0x29, 0x00, 0x00,
    0x00, 0x00, 0x00, 0x00, 0x00, 0x00, 0x00, 0x00, 0x00, 0x00, 0x00, 0x00, 0x00, 0x00, 0x00, 0x00,
    0x00, 0x00, 0x00, 0x00, 0x00, 0x00, 0x00, 0x00, 0x00, 0x00, 0x00, 0x00, 0x00, 0x00, 0x00, 0x00,
    0x00, 0x00, 0x00, 0x00, 0x00, 0x43, 0xff, 0xff, 0xff, 0xff, 0xff, 0xff, 0xff, 0xff, 0xff, 0x7a,
    0x00, 0x00, 0x00, 0x00, 0x00, 0x00, 0x00, 0x00, 0x00, 0x00, 0x00, 0x00, 0x00, 0x00, 0x00, 0x00,
    0x00, 0x00, 0x00, 0x00, 0x00, 0x00, 0x00, 0x00, 0x00, 0x00, 0x00, 0x00, 0x00, 0x00, 0x00, 0x00,
    0x00, 0x00, 0x00, 0x00, 0x00, 0x00, 0x00, 0x4a, 0xff, 0xff, 0xff, 0xff, 0xff, 0xff, 0xff, 0xff,
    0xff, 0xa3, 0x00, 0x00, 0x00, 0x00, 0x00, 0x00, 0x00, 0x00, 0x00, 0x00, 0x00, 0x00, 0x00, 0x00,
    0x00, 0x00, 0x00, 0x00, 0x00, 0x00, 0x00, 0x00, 0x00, 0x00, 0x00, 0x00, 0x00, 0x00, 0x00, 0x00,
    0x00, 0x00, 0x00, 0x00, 0x00, 0x00, 0x00, 0x00, 0x00, 0x4b, 0xff, 0xff, 0xff, 0xff, 0xff, 0xff,
    0xff, 0xff, 0xff, 0xac, 0x00, 0x00, 0x00, 0x00, 0x00, 0x00, 0x00, 0x00, 0x00, 0x00, 0x00, 0x00,
    0x00, 0x00, 0x00, 0x00, 0x00, 0x00, 0x00, 0x00, 0x00, 0x00, 0x00, 0x00, 0x00, 0x00, 0x00, 0x00,
    0x00, 0x00, 0x00, 0x00, 0x00, 0x00, 0x00, 0x00, 0x00, 0x00, 0x00, 0x4b, 0xff, 0xff, 0xff, 0xff,
    0xff, 0xff, 0xff, 0xff, 0xff, 0x97, 0x00, 0x00, 0x00, 0x00, 0x00, 0x00, 0x00, 0x00, 0x00, 0x00,
    0x00, 0x00, 0x00, 0x00, 0x00, 0x00, 0x00, 0x00, 0x00, 0x00, 0x00, 0x00, 0x00, 0x00, 0x00, 0x00,
    0x00, 0x00, 0x00, 0x00, 0x00, 0x00, 0x00, 0x00, 0x00, 0x00, 0x00, 0x00, 0x00, 0x55, 0xff, 0xff,
    0xff, 0xff, 0xff, 0xff, 0xff, 0xff, 0xff, 0x81, 0x00, 0x00, 0x00, 0x00, 0x00, 0x00, 0x00, 0x00,
    0x00, 0x00, 0x00, 0x00, 0x00, 0x00, 0x00, 0x00, 0x00, 0x00, 0x00, 0x00, 0x00, 0x00, 0x00, 0x00,
    0x00, 0x00, 0x00, 0x00, 0x00, 0x00, 0x00, 0x00, 0x00, 0x00, 0x00, 0x00, 0x00, 0x00, 0x00, 0x76,
    0xff, 0xff, 0xff, 0xff, 0xff, 0xff, 0xff, 0xff, 0xff, 0x54, 0x00, 0x00, 0x00, 0x00, 0x00, 0x00,
    0x00, 0x00, 0x00, 0x00, 0x00, 0x00, 0x00, 0x00, 0x00, 0x00, 0x00, 0x00, 0x00, 0x00, 0x00, 0x00,
    0x00, 0x00, 0x00, 0x00, 0x00, 0x00, 0x00, 0x00, 0x00, 0x00, 0x00, 0x00, 0x00, 0x00, 0x00, 0x00,
    0x00, 0xc1, 0xff, 0xff, 0xff, 0xff, 0xff, 0xff, 0xff, 0xff, 0xff, 0x1b, 0x00, 0x00, 0x00, 0x00,
    0x00, 0x00, 0x00, 0x00, 0x00, 0x00, 0x00, 0x00, 0x00, 0x00, 0x00, 0x00, 0x00, 0x00, 0x00, 0x00,
    0x00, 0x00, 0x00, 0x00, 0x00, 0x00, 0x00, 0x00, 0x00, 0x00, 0x00, 0x00, 0x00, 0x00, 0x00, 0x00,
    0x00, 0x00, 0x4f, 0xff, 0xff, 0xff, 0xff, 0xff, 0xff, 0xff, 0xff, 0xff, 0xe5, 0x13, 0x15, 0x16,
    0x18, 0x1a, 0x1b, 0x1d, 0x1e, 0x20, 0x22, 0x23, 0x25, 0x26, 0x15, 0x00, 0x00, 0x00, 0x00, 0x00,
    0x00, 0x00, 0x00, 0x00, 0x00, 0x00, 0x00, 0x00, 0x00, 0x00, 0x00, 0x00, 0x00, 0x00, 0x00, 0x00,
    0x00, 0x00, 0x00, 0x11, 0xe6, 0xff, 0xff, 0xff, 0xff, 0xff, 0xff, 0xff, 0xff, 0xff, 0xff, 0xff,
    0xff, 0xff, 0xff, 0xff, 0xff, 0xff, 0xff, 0xff, 0xff, 0xff, 0xff, 0xff, 0xff, 0xd8, 0x4a, 0x00,
    0x00, 0x00, 0x00, 0x00, 0x00, 0x00, 0x00, 0x00, 0x00, 0x00, 0x00, 0x00, 0x00, 0x00, 0x00, 0x00,
    0x00, 0x00, 0x00, 0x00, 0x25, 0xcf, 0xff, 0xff, 0xff, 0xff, 0xff, 0xff, 0xff, 0xff, 0xff, 0xff,
    0xff, 0xff, 0xff, 0xff, 0xff, 0xff, 0xff, 0xff, 0xff, 0xff, 0xff, 0xff, 0xff, 0xff, 0xff, 0xff,
    0xfe, 0x79, 0x00, 0x00, 0x00, 0x00, 0x00, 0x00, 0x00, 0x00, 0x00, 0x00, 0x00, 0x00, 0x00, 0x00,
    0x00, 0x00, 0x00, 0x00, 0x09, 0x67, 0xf2, 0xff, 0xff, 0xff, 0xff, 0xff, 0xff, 0xff, 0xff, 0xff,
    0xff, 0xff, 0xff, 0xff, 0xff, 0xff, 0xff, 0xff, 0xff, 0xff, 0xff, 0xff, 0xff, 0xff, 0xff, 0xff,
    0xff, 0xff, 0xff, 0xfd, 0x29, 0x00, 0x00, 0x00, 0x00, 0x00, 0x00, 0x00, 0x17, 0x83, 0xaf, 0xb1,
    0xae, 0x40, 0x00, 0x00, 0x51, 0xbd, 0xf2, 0xff, 0xff, 0xff, 0xff, 0xff, 0xff, 0xff, 0xff, 0xff,
    0xff, 0xff, 0xff, 0xff, 0xff, 0xff, 0xff, 0xff, 0xff, 0xff, 0xff, 0xff, 0xff, 0xff, 0xff, 0xff,
    0xff, 0xff, 0xff, 0xff, 0xff, 0xff, 0xa1, 0x00, 0x00, 0x00, 0x00, 0x00, 0x00, 0x20, 0xeb, 0xff,
    0xff, 0xff, 0xff, 0x60, 0x00, 0x00, 0x80, 0xff, 0xff, 0xff, 0xff, 0xff, 0xff, 0xff, 0xff, 0xff,
    0xff, 0xff, 0xff, 0xff, 0xff, 0xff, 0xff, 0xff, 0xff, 0xff, 0xff, 0xff, 0xff, 0xff, 0xff, 0xff,
    0xff, 0xff, 0xff, 0xff, 0xff, 0xff, 0xff, 0xff, 0xd5, 0x00, 0x00, 0x00, 0x00, 0x00, 0x00, 0xa2,
    0xff, 0xff, 0xff, 0xff, 0xff, 0x60, 0x00, 0x00, 0x80, 0xff, 0xff, 0xff, 0xff, 0xff, 0xff, 0xff,
    0xff, 0xff, 0xff, 0xff, 0xff, 0xff, 0xff, 0xff, 0xff, 0xff, 0xff, 0xff, 0xff, 0xff, 0xff, 0xff,
    0xff, 0xff, 0xff, 0xff, 0xff, 0xff, 0xff, 0xff, 0xff, 0xff, 0xce, 0x00, 0x00, 0x00, 0x00, 0x00,
    0x00, 0xd7, 0xff, 0xff, 0xff, 0xff, 0xff, 0x60, 0x00, 0x00, 0x80, 0xff, 0xff, 0xff, 0xff, 0xff,
    0xff, 0xff, 0xff, 0xff, 0xff, 0xff, 0xff, 0xff, 0xff, 0xff, 0xff, 0xff, 0xff, 0xff, 0xff, 0xff,
    0xff, 0xff, 0xff, 0xff, 0xff, 0xff, 0xff, 0xff, 0xff, 0xff, 0xff, 0xff, 0xa6, 0x00, 0x00, 0x00,
    0x00, 0x00, 0x00, 0xe0, 0xff, 0xff, 0xff, 0xff, 0xff, 0x60, 0x00, 0x00, 0x80, 0xff, 0xff, 0xff,
    0xff, 0xff, 0xff, 0xff, 0xff, 0xff, 0xff, 0xff, 0xff, 0xff, 0xff, 0xff, 0xff, 0xff, 0xff, 0xff,
    0xff, 0xff, 0xff, 0xff, 0xff, 0xff, 0xff, 0xff, 0xff, 0xff, 0xff, 0xff, 0xff, 0xff, 0x76, 0x00,
    0x00, 0x00, 0x00, 0x00, 0x00, 0xe0, 0xff, 0xff, 0xff, 0xff, 0xff, 0x60, 0x00, 0x00, 0x80, 0xff,
    0xff, 0xff, 0xff, 0xff, 0xff, 0xff, 0xff, 0xff, 0xff, 0xff, 0xff, 0xff, 0xff, 0xff, 0xff, 0xff,
    0xff, 0xff, 0xff, 0xff, 0xff, 0xff, 0xff, 0xff, 0xff, 0xff, 0xff, 0xff, 0xff, 0xff, 0xff, 0xff,
    0x45, 0x00, 0x00, 0x00, 0x00, 0x00, 0x00, 0xe0, 0xff, 0xff, 0xff, 0xff, 0xff, 0x60, 0x00, 0x00,
    0x80, 0xff, 0xff, 0xff, 0xff, 0xff, 0xff, 0xff, 0xff, 0xff, 0xff, 0xff, 0xff, 0xff, 0xff, 0xff,
    0xff, 0xff, 0xff, 0xff, 0xff, 0xff, 0xff, 0xff, 0xff, 0xff, 0xff, 0xff, 0xff, 0xff, 0xff, 0xff,
    0xff, 0xff, 0x15, 0x00, 0x00, 0x00, 0x00, 0x00, 0x00, 0xe0, 0xff, 0xff, 0xff, 0xff, 0xff, 0x60,
    0x00, 0x00, 0x80, 0xff, 0xff, 0xff, 0xff, 0xff, 0xff, 0xff, 0xff, 0xff, 0xff, 0xff, 0xff, 0xff,
    0xff, 0xff, 0xff, 0xff, 0xff, 0xff, 0xff, 0xff, 0xff, 0xff, 0xff, 0xff, 0xff, 0xff, 0xff, 0xff,
    0xff, 0xff, 0xff, 0xe4, 0x00, 0x00, 0x00, 0x00, 0x00, 0x00, 0x00, 0xe0, 0xff, 0xff, 0xff, 0xff,
    0xff, 0x60, 0x00, 0x00, 0x80, 0xff, 0xff, 0xff, 0xff, 0xff, 0xff, 0xff, 0xff, 0xff, 0xff, 0xff,
    0xff, 0xff, 0xff, 0xff, 0xff, 0xff, 0xff, 0xff, 0xff, 0xff, 0xff, 0xff, 0xff, 0xff, 0xff, 0xff,
    0xff, 0xff, 0xff, 0xff, 0xff, 0xb4, 0x00, 0x00, 0x00, 0x00, 0x00, 0x00, 0x00, 0xe0, 0xff, 0xff,
    0xff, 0xff, 0xff, 0x60, 0x00, 0x00, 0x80, 0xff, 0xff, 0xff, 0xff, 0xff, 0xff, 0xff, 0xff, 0xff,
    0xff, 0xff, 0xff, 0xff, 0xff, 0xff, 0xff, 0xff, 0xff, 0xff, 0xff, 0xff, 0xff, 0xff, 0xff, 0xff,
    0xff, 0xff, 0xff, 0xff, 0xff, 0xff, 0xff, 0x83, 0x00, 0x00, 0x00, 0x00, 0x00, 0x00, 0x00, 0xe0,
    0xff, 0xff, 0xff, 0xff, 0xff, 0x60, 0x00, 0x00, 0x80, 0xff, 0xff, 0xff, 0xff, 0xff, 0xff, 0xff,
    0xff, 0xff, 0xff, 0xff, 0xff, 0xff, 0xff, 0xff, 0xff, 0xff, 0xff, 0xff, 0xff, 0xff, 0xff, 0xff,
    0xff, 0xff, 0xff, 0xff, 0xff, 0xff, 0xff, 0xff, 0xff, 0x53, 0x00, 0x00, 0x00, 0x00, 0x00, 0x00,
    0x00, 0xe0, 0xff, 0xff, 0xff, 0xff, 0xff, 0x60, 0x00, 0x00, 0x80, 0xff, 0xff, 0xff, 0xff, 0xff,
    0xff, 0xff, 0xff, 0xff, 0xff, 0xff, 0xff, 0xff, 0xff, 0xff, 0xff, 0xff, 0xff, 0xff, 0xff, 0xff,
    0xff, 0xff, 0xff, 0xff, 0xff, 0xff, 0xff, 0xff, 0xff, 0xff, 0xff, 0x22, 0x00, 0x00, 0x00, 0x00,
    0x00, 0x00, 0x00, 0xe0, 0xff, 0xff, 0xff, 0xff, 0xff, 0x60, 0x00, 0x00, 0x80, 0xff, 0xff, 0xff,
    0xff, 0xff, 0xff, 0xff, 0xff, 0xff, 0xff, 0xff, 0xff, 0xff, 0xff, 0xff, 0xff, 0xff, 0xff, 0xff,
    0xff, 0xff, 0xff, 0xff, 0xff, 0xff, 0xff, 0xff, 0xff, 0xff, 0xff, 0xff, 0xf1, 0x01, 0x00, 0x00,
    0x00, 0x00, 0x00, 0x00, 0x00, 0xe0, 0xff, 0xff, 0xff, 0xff, 0xff, 0x60, 0x00, 0x00, 0x80, 0xff,
    0xff, 0xff, 0xff, 0xff, 0xff, 0xff, 0xff, 0xff, 0xff, 0xff, 0xff, 0xff, 0xff, 0xff, 0xff, 0xff,
    0xff, 0xff, 0xff, 0xff, 0xff, 0xff, 0xff, 0xff, 0xff, 0xff, 0xff, 0xff, 0xff, 0xff, 0xc1, 0x00,
    0x00, 0x00, 0x00, 0x00, 0x00, 0x00, 0x00, 0xe0, 0xff, 0xff, 0xff, 0xff, 0xff, 0x60, 0x00, 0x00,
    0x80, 0xff, 0xff, 0xff, 0xff, 0xff, 0xff, 0xff, 0xff, 0xff, 0xff, 0xff, 0xff, 0xff, 0xff, 0xff,
    0xff, 0xff, 0xff, 0xff, 0xff, 0xff, 0xff, 0xff, 0xff, 0xff, 0xff, 0xff, 0xff, 0xff, 0xff, 0xff,
    0x91, 0x00, 0x00, 0x00, 0x00, 0x00, 0x00, 0x00, 0x00, 0xe0, 0xff, 0xff, 0xff, 0xff, 0xff, 0x60,
    0x00, 0x00, 0x80, 0xff, 0xff, 0xff, 0xff, 0xff, 0xff, 0xff, 0xff, 0xff, 0xff, 0xff, 0xff, 0xff,
    0xff, 0xff, 0xff, 0xff, 0xff, 0xff, 0xff, 0xff, 0xff, 0xff, 0xff, 0xff, 0xff, 0xff, 0xff, 0xff,
    0xff, 0xff, 0x60, 0x00, 0x00, 0x00, 0x00, 0x00, 0x00, 0x00, 0x00, 0xe0, 0xff, 0xff, 0xff, 0xff,
    0xff, 0x60, 0x00, 0x00, 0x80, 0xff, 0xff, 0xff, 0xff, 0xff, 0xff, 0xff, 0xff, 0xff, 0xff, 0xff,
    0xff, 0xff, 0xff, 0xff, 0xff, 0xff, 0xff, 0xff, 0xff, 0xff, 0xff, 0xff, 0xff, 0xff, 0xff, 0xff,
    0xff, 0xff, 0xff, 0xff, 0x30, 0x00, 0x00, 0x00, 0x00, 0x00, 0x00, 0x00, 0x00, 0xe0, 0xff, 0xff,
    0xff, 0xff, 0xff, 0x60, 0x00, 0x00, 0x80, 0xff, 0xff, 0xff, 0xff, 0xff, 0xff, 0xff, 0xff, 0xff,
    0xff, 0xff, 0xff, 0xff, 0xff, 0xff, 0xff, 0xff, 0xff, 0xff, 0xff, 0xff, 0xff, 0xff, 0xff, 0xff,
    0xff, 0xff, 0xff, 0xff, 0xff, 0xf9, 0x06, 0x00, 0x00, 0x00, 0x00, 0x00, 0x00, 0x00, 0x00, 0xe0,
    0xff, 0xff, 0xff, 0xff, 0xff, 0x60, 0x00, 0x00, 0x80, 0xff, 0xff, 0xff, 0xff, 0xff, 0xff, 0xff,
    0xff, 0xff, 0xff, 0xff, 0xff, 0xff, 0xff, 0xff, 0xff, 0xff, 0xff, 0xff, 0xff, 0xff, 0xff, 0xff,
    0xff, 0xff, 0xff, 0xff, 0xff, 0xff, 0xff, 0xcf, 0x00, 0x00, 0x00, 0x00, 0x00, 0x00, 0x00, 0x00,
    0x00, 0xe0, 0xff, 0xff, 0xff, 0xff, 0xff, 0x60, 0x00, 0x00, 0x80, 0xff, 0xff, 0xff, 0xff, 0xff,
    0xff, 0xff, 0xff, 0xff, 0xff, 0xff, 0xff, 0xff, 0xff, 0xff, 0xff, 0xff, 0xff, 0xff, 0xff, 0xff,
    0xff, 0xff, 0xff, 0xff, 0xff, 0xff, 0xff, 0xff, 0xff, 0x9e, 0x00, 0x00, 0x00, 0x00, 0x00, 0x00,
    0x00, 0x00, 0x00, 0xe0, 0xff, 0xff, 0xff, 0xff, 0xff, 0x60, 0x00, 0x00, 0x80, 0xff, 0xff, 0xff,
    0xff, 0xff, 0xff, 0xff, 0xff, 0xff, 0xff, 0xff, 0xff, 0xff, 0xff, 0xff, 0xff, 0xff, 0xff, 0xff,
    0xff, 0xff, 0xff, 0xff, 0xff, 0xff, 0xff, 0xff, 0xff, 0xff, 0xff, 0x6e, 0x00, 0x00, 0x00, 0x00,
    0x00, 0x00, 0x00, 0x00, 0x00, 0xe0, 0xff, 0xff, 0xff, 0xff, 0xff, 0x60, 0x00, 0x00, 0x80, 0xff,
    0xff, 0xff, 0xff, 0xff, 0xff, 0xff, 0xff, 0xff, 0xff, 0xff, 0xff, 0xff, 0xff, 0xff, 0xff, 0xff,
    0xff, 0xff, 0xff, 0xff, 0xff, 0xff, 0xff, 0xff, 0xff, 0xff, 0xff, 0xff, 0xff, 0x3c, 0x00, 0x00,
    0x00, 0x00, 0x00, 0x00, 0x00, 0x00, 0x00, 0xdb, 0xff, 0xff, 0xff, 0xff, 0xff, 0x60, 0x00, 0x00,
    0x80, 0xff, 0xff, 0xff, 0xff, 0xff, 0xff, 0xff, 0xff, 0xff, 0xff, 0xff, 0xff, 0xff, 0xff, 0xff,
    0xff, 0xff, 0xff, 0xff, 0xff, 0xff, 0xff, 0xff, 0xff, 0xff, 0xff, 0xff, 0xff, 0xff, 0xe6, 0x03,
    0x00, 0x00, 0x00, 0x00, 0x00, 0x00, 0x00, 0x00, 0x00, 0xaf, 0xff, 0xff, 0xff, 0xff, 0xff, 0x60,
    0x00, 0x00, 0x80, 0xff, 0xff, 0xff, 0xff, 0xff, 0xff, 0xff, 0xff, 0xff, 0xff, 0xff, 0xff, 0xff,
    0xff, 0xff, 0xff, 0xff, 0xff, 0xff, 0xff, 0xff, 0xff, 0xff, 0xff, 0xff, 0xff, 0xff, 0xff, 0xff,
    0x75, 0x00, 0x00, 0x00, 0x00, 0x00, 0x00, 0x00, 0x00, 0x00, 0x00, 0x33, 0xfa, 0xff, 0xff, 0xff,
    0xff, 0x60, 0x00, 0x00, 0x80, 0xff, 0xff, 0xff, 0xff, 0xff, 0xff, 0xff, 0xff, 0xff, 0xff, 0xff,
    0xff, 0xff, 0xff, 0xff, 0xff, 0xff, 0xff, 0xff, 0xff, 0xff, 0xff, 0xff, 0xff, 0xff, 0xff, 0xff,
    0xff, 0x9a, 0x00, 0x00, 0x00, 0x00, 0x00, 0x00, 0x00, 0x00, 0x00, 0x00, 0x00, 0x00, 0x33, 0xad,
    0xd9, 0xde, 0xde, 0x53, 0x00, 0x00, 0x6f, 0xde, 0xde, 0xde, 0xde, 0xde, 0xde, 0xde, 0xde, 0xde,
    0xde, 0xde, 0xde, 0xde, 0xde, 0xde, 0xde, 0xde, 0xde, 0xde, 0xde, 0xde, 0xde, 0xde, 0xde, 0xde,
    0xd1, 0xa5, 0x44, 0x00, 0x00, 0x00, 0x00, 0x00, 0x00, 0x00, 0x00, 0x00, 0x00, 0x00, 0x00, 0x00,
    0x00, 0x00, 0x00, 0x00, 0x00, 0x00, 0x00, 0x00, 0x00, 0x00, 0x00, 0x00, 0x00, 0x00, 0x00, 0x00,
    0x00, 0x00, 0x00, 0x00, 0x00, 0x00, 0x00, 0x00, 0x00, 0x00, 0x00, 0x00, 0x00, 0x00, 0x00, 0x00,
    0x00, 0x00, 0x00, 0x00, 0x00, 0x00, 0x00, 0x00, 0x00, 0x00, 0x00, 0x00, 0x00, 0x00, 0x00, 0x00,
    0x00, 0x00, 0x00, 0x00, 0x00, 0x00, 0x00, 0x00, 0x00, 0x00, 0x00, 0x00, 0x00, 0x00, 0x00, 0x00,
    0x00, 0x00, 0x00, 0x00, 0x00, 0x00, 0x00, 0x00, 0x00, 0x00, 0x00, 0x00, 0x00, 0x00, 0x00, 0x00,
    0x00, 0x00, 0x00, 0x00, 0x00, 0x00, 0x00, 0x00, 0x00, 0x00, 0x00, 0x00, 0x00, 0x00, 0x00, 0x00,
    0x00, 0x00, 0x00, 0x00, 0x00, 0x00, 0x00, 0x00, 0x00, 0x00, 0x00, 0x00, 0x00, 0x00, 0x00, 0x00,
    0x00, 0x00, 0x00, 0x00, 0x00, 0x00, 0x00, 0x00, 0x00, 0x00, 0x00, 0x00, 0x00, 0x00, 0x00, 0x00,
    0x00, 0x00, 0x00, 0x00, 0x00, 0x00, 0x00, 0x00, 0x00, 0x00, 0x00, 0x00, 0x00, 0x00, 0x00, 0x00,
    0x00, 0x00, 0x00, 0x00, 0x00, 0x00, 0x00, 0x00, 0x00, 0x00, 0x00, 0x00, 0x00, 0x00, 0x00, 0x00,
    0x00, 0x00, 0x00, 0x00, 0x00, 0x00, 0x00, 0x00, 0x00, 0x00, 0x00, 0x00, 0x00, 0x00, 0x00, 0x00,
    0x00, 0x00, 0x00, 0x00, 0x00, 0x00, 0x00, 0x00, 0x00, 0x00, 0x00, 0x00, 0x00, 0x00, 0x00, 0x00,
    0x00, 0x00, 0x00, 0x00,
};
#endif

#if TEXTURE_AL44
static u8 icon_38x38_AL44[1508] ALIGNED(4) = {
    0x70, 0x96, 0x2c, 0xff, 0xfd, 0xfd, 0xfc, 0xff, 0x77, 0x9b, 0x37, 0xff, 0x99, 0xb4, 0x68, 0xff,
    0xa2, 0xbb, 0x76, 0xff, 0xed, 0xf1, 0xe4, 0xff, 0xf2, 0xf5, 0xec, 0xff, 0xc5, 0xd4, 0xaa, 0xff,
    0x82, 0xa3, 0x47, 0xff, 0xb7, 0xca, 0x95, 0xff, 0xd8, 0xe2, 0xc6, 0xff, 0x55, 0x80, 0x2a, 0xff,
    0x6f, 0x97, 0x2d, 0xff, 0xac, 0xc1, 0x84, 0xff, 0xcc, 0xd9, 0xb4, 0xff, 0xd2, 0xde, 0xbd, 0xff,
    0x0b, 0x0b, 0x0b, 0x6c, 0xc0, 0xf0, 0xf0, 0xf0, 0xf0, 0xf0, 0xf0, 0xf0, 0xf0, 0xf0, 0xf0, 0xf0,
    0xf0, 0xf0, 0xf0, 0xf0, 0xf0, 0xf0, 0xf0, 0xf0, 0xf0, 0xf0, 0xf0, 0xf0, 0xf0, 0xf0, 0xf0, 0xf0,
    0xf0, 0xc0, 0x6c, 0x0b, 0x0b, 0x0b, 0x0b, 0x10, 0xc0, 0xf0, 0xf0, 0xf0, 0xf0, 0xf0, 0xf0, 0xf0,
    0xf0, 0xf0, 0xf0, 0xf0, 0xf0, 0xf0, 0xf0, 0xf0, 0xf0, 0xf0, 0xf0, 0xf0, 0xf0, 0xf0, 0xf0, 0xf0,
    0xf0, 0xf0, 0xf0, 0xf0, 0xf0, 0xf0, 0xf0, 0xf0, 0xf0, 0xc0, 0x10, 0x0b, 0x0b, 0xc0, 0xf0, 0xf0,
    0xf0, 0xf0, 0xf0, 0xf0, 0xf0, 0xf0, 0xf0, 0xf0, 0xf0, 0xf0, 0xf0, 0xf0, 0xf0, 0xf0, 0xf0, 0xf0,
    0xf0, 0xf0, 0xf0, 0xf0, 0xf0, 0xf0, 0xf0, 0xf0, 0xf0, 0xf0, 0xf0, 0xf0, 0xf0, 0xf0, 0xf0, 0xf0,
    0xc0, 0x0b, 0x6c, 0xf0, 0xf0, 0xf0, 0xf0, 0xf0, 0xf0, 0xf0, 0xf0, 0xf0, 0xf0, 0xf0, 0xf0, 0xf0,
    0xf0, 0xf0, 0xf0, 0xf0, 0xf0, 0xf0, 0xf0, 0xf0, 0xf0, 0xf0, 0xf0, 0xf0, 0xf0, 0xf0, 0xf0, 0xf0,
    0xf0, 0xf0, 0xf0, 0xf0, 0xf0, 0xf0, 0xf0, 0x6c, 0xc0, 0xf0, 0xf0, 0xf0, 0xf0, 0xf0, 0xf0, 0xf0,
    0xf0, 0xf0, 0xf0, 0xf0, 0xf0, 0xf0, 0xf0, 0xf0, 0xf0, 0xf0, 0xf0, 0xf0, 0xf0, 0xf0, 0xf0, 0xf0,
    0xf0, 0xf0, 0xf0, 0xf0, 0xf0, 0xf0, 0xf0, 0xf0, 0xf0, 0xf0, 0xf0, 0xf0, 0xf0, 0xc0, 0xf0, 0xf0,
    0xf0, 0xf0, 0xf0, 0xf0, 0xf0, 0xf0, 0xf0, 0xf0, 0xf0, 0xf0, 0xf0, 0xf0, 0xf0, 0xf0, 0xf0, 0xf0,
    0xf0, 0xf0, 0xf0, 0xf0, 0xf0, 0xf0, 0xf0, 0xf0, 0xf0, 0xf0, 0xf0, 0xf0, 0xf0, 0xf0, 0xf0, 0xf0,
    0xf0, 0xf0, 0xf0, 0xf0, 0xf0, 0xf0, 0xf0, 0xf0, 0xf0, 0xf0, 0xf0, 0xf0, 0xf0, 0xf0, 0xf0, 0xf0,
    0xf0, 0xf0, 0xf0, 0xf0, 0xf0, 0xf0, 0xf0, 0xf0, 0xf0, 0xf0, 0xf0, 0xf0, 0xf0, 0xf0, 0xf0, 0xf0,
    0xf0, 0xf0, 0xf0, 0xf0, 0xf0, 0xf0, 0xf0, 0xf0, 0xf0, 0xf0, 0xf0, 0xf0, 0xf0, 0xf0, 0xf0, 0xf0,
    0xf0, 0xf0, 0xf0, 0xf0, 0xf0, 0xf0, 0xf0, 0xf0, 0xf0, 0xf0, 0xf0, 0xf0, 0xf0, 0xf0, 0xf0, 0xf0,
    0xf0, 0xf0, 0xf0, 0xf0, 0xf0, 0xf0, 0xf0, 0xf0, 0xf0, 0xf0, 0xf0, 0xf0, 0xf0, 0xf0, 0xf0, 0xf0,
    0xf0, 0xf0, 0xf0, 0xf0, 0xf0, 0xf0, 0xf0, 0xf0, 0xf0, 0xf0, 0xf0, 0xf0, 0xf0, 0xf0, 0xf0, 0xf0,
    0xf0, 0xf0, 0xf0, 0xf0, 0xf0, 0xf0, 0xf0, 0xf0, 0xf0, 0xf0, 0xf0, 0xf0, 0xf0, 0xf0, 0xf0, 0xf0,
    0xf0, 0xf0, 0xf0, 0xf0, 0xf0, 0xf0, 0xf0, 0xf0, 0xf0, 0xf0, 0xf0, 0xf0, 0xf0, 0xf0, 0xf0, 0xf0,
    0xf0, 0xf0, 0xf0, 0xfc, 0xf4, 0xfa, 0xf7, 0xf0, 0xf0, 0xf0, 0xf0, 0xf8, 0xf5, 0xf9, 0xf8, 0xf0,
    0xf0, 0xf0, 0xf0, 0xf0, 0xf0, 0xf0, 0xf0, 0xf0, 0xf0, 0xf0, 0xf0, 0xf0, 0xf0, 0xf0, 0xf0, 0xf0,
    0xf0, 0xf0, 0xf0, 0xf0, 0xf0, 0xf0, 0xf0, 0xf0, 0xf8, 0xf5, 0xf1, 0xf1, 0xf1, 0xfe, 0xf3, 0xf8,
    0xf9, 0xf6, 0xf1, 0xf1, 0xf1, 0xfd, 0xfc, 0xf0, 0xf0, 0xf0, 0xf0, 0xf0, 0xf0, 0xf0, 0xf0, 0xf0,
    0xf0, 0xf0, 0xf0, 0xf0, 0xf0, 0xf0, 0xf0, 0xf0, 0xf0, 0xf0, 0xf0, 0xf0, 0xf0, 0xf4, 0xf1, 0xf1,
    0xf9, 0xf8, 0xff, 0xf1, 0xf1, 0xf1, 0xf1, 0xf5, 0xf3, 0xf4, 0xf5, 0xf1, 0xfe, 0xf2, 0xf0, 0xf0,
    0xf0, 0xf0, 0xf0, 0xf0, 0xf0, 0xf0, 0xf0, 0xf0, 0xf0, 0xf0, 0xf0, 0xf0, 0xf0, 0xf0, 0xf0, 0xf0,
    0xf0, 0xf0, 0xf0, 0xfe, 0xf1, 0xf3, 0xf0, 0xf0, 0xf0, 0xf8, 0xfd, 0xf9, 0xf3, 0xf2, 0xf0, 0xf0,
    0xf2, 0xf5, 0xf1, 0xf2, 0xf0, 0xf0, 0xf0, 0xf0, 0xf0, 0xf0, 0xf0, 0xf0, 0xf0, 0xf0, 0xf0, 0xf0,
    0xf0, 0xf0, 0xf0, 0xf0, 0xf0, 0xf0, 0xf0, 0xf0, 0xf0, 0xfd, 0xf1, 0xf3, 0xf0, 0xf0, 0xf0, 0xf0,
    0xf0, 0xf0, 0xf0, 0xf0, 0xf0, 0xf0, 0xf0, 0xf6, 0xfa, 0xf0, 0xf0, 0xf0, 0xf0, 0xf0, 0xf0, 0xf0,
    0xf0, 0xf0, 0xf0, 0xf0, 0xf0, 0xf0, 0xf0, 0xf0, 0xf0, 0xf0, 0xf0, 0xf0, 0xf0, 0xf0, 0xf0, 0xfd,
    0xf1, 0xf3, 0xf0, 0xf0, 0xf0, 0xf0, 0xf0, 0xf0, 0xf0, 0xf0, 0xf0, 0xf0, 0xf0, 0xf5, 0xf5, 0xf0,
    0xf0, 0xf0, 0xf0, 0xf0, 0xf0, 0xf0, 0xf0, 0xf0, 0xf0, 0xf0, 0xf0, 0xf0, 0xf0, 0xf0, 0xf0, 0xf0,
    0xf0, 0xf0, 0xf0, 0xf0, 0xf2, 0xf5, 0xf6, 0xf2, 0xf0, 0xf0, 0xf0, 0xf0, 0xf2, 0xf8, 0xf0, 0xf0,
    0xf0, 0xf0, 0xf0, 0xf7, 0xf1, 0xf3, 0xf0, 0xf0, 0xf0, 0xf0, 0xf0, 0xf0, 0xf0, 0xf0, 0xf0, 0xf0,
    0xf0, 0xf0, 0xf0, 0xf0, 0xf0, 0xf0, 0xf0, 0xf0, 0xf0, 0xf8, 0xfa, 0xf1, 0xf9, 0xf0, 0xf0, 0xf0,
    0xf8, 0xfa, 0xf1, 0xf1, 0xf5, 0xf4, 0xf0, 0xf0, 0xf0, 0xf8, 0xf1, 0xf6, 0xf3, 0xf0, 0xf0, 0xf0,
    0xf0, 0xf0, 0xf0, 0xf0, 0xf0, 0xf0, 0xf0, 0xf0, 0xf0, 0xf0, 0xf0, 0xf0, 0xf0, 0xf0, 0xff, 0xf1,
    0xf1, 0xf7, 0xfc, 0xf0, 0xf0, 0xf2, 0xf5, 0xf1, 0xff, 0xf7, 0xf6, 0xf1, 0xf4, 0xf0, 0xf0, 0xf0,
    0xf3, 0xf6, 0xf1, 0xf6, 0xf8, 0xf0, 0xf0, 0xf0, 0xf0, 0xf0, 0xf0, 0xf0, 0xf0, 0xf0, 0xf0, 0xf0,
    0xf0, 0xf0, 0xf0, 0xf0, 0xf6, 0xf5, 0xf3, 0xf0, 0xf0, 0xf0, 0xf0, 0xf9, 0xf1, 0xfd, 0xf0, 0xf0,
    0xf8, 0xf6, 0xf5, 0xf0, 0xf0, 0xf0, 0xf0, 0xf8, 0xfe, 0xf1, 0xf3, 0xf0, 0xf0, 0xf0, 0xf0, 0xf0,
    0xf0, 0xf0, 0xf0, 0xf0, 0xf0, 0xf0, 0xf0, 0xf0, 0xf0, 0xf0, 0xf1, 0xff, 0xf0, 0xf0, 0xf0, 0xf0,
    0xf0, 0xff, 0xf1, 0xfc, 0xf0, 0xf0, 0xf0, 0xf7, 0xf1, 0xf2, 0xf0, 0xf0, 0xf0, 0xf0, 0xf3, 0xf1,
    0xf4, 0xf0, 0xf0, 0xf0, 0xf0, 0xf0, 0xf0, 0xf0, 0xf0, 0xf0, 0xf0, 0xf0, 0xf0, 0xf0, 0xf0, 0xf0,
    0xf1, 0xfa, 0xf0, 0xf0, 0xf0, 0xf0, 0xf0, 0xfe, 0xf1, 0xf8, 0xf0, 0xf0, 0xf0, 0xfa, 0xf1, 0xf2,
    0xf0, 0xf0, 0xf0, 0xf0, 0xf4, 0xf1, 0xf4, 0xf0, 0xf0, 0xf0, 0xf0, 0xf0, 0xf0, 0xf0, 0xf0, 0xf0,
    0xf0, 0xf0, 0xf0, 0xf0, 0xf0, 0xf0, 0xf5, 0xf5, 0xf8, 0xf0, 0xf0, 0xf0, 0xf0, 0xf3, 0xf1, 0xfa,
    0xf8, 0xf2, 0xfd, 0xf1, 0xff, 0xf0, 0xf0, 0xf0, 0xf0, 0xf2, 0xf7, 0xf1, 0xf3, 0xf0, 0xf0, 0xf0,
    0xf0, 0xf0, 0xf0, 0xf0, 0xf0, 0xf0, 0xf0, 0xf0, 0xf0, 0xf0, 0xf0, 0xf0, 0xfe, 0xf1, 0xf1, 0xf9,
    0xf0, 0xf0, 0xf0, 0xf0, 0xf7, 0xf1, 0xf1, 0xf1, 0xf1, 0xf5, 0xf8, 0xf0, 0xf0, 0xf0, 0xf8, 0xf5,
    0xf1, 0xf1, 0xf2, 0xf0, 0xf0, 0xf0, 0xf0, 0xf0, 0xf0, 0xf0, 0xf0, 0xf0, 0xf0, 0xf0, 0xf0, 0xf0,
    0xf0, 0xf0, 0xf2, 0xf3, 0xf5, 0xf1, 0xfd, 0xf0, 0xf0, 0xf0, 0xf0, 0xf3, 0xf7, 0xff, 0xfd, 0xf2,
    0xf0, 0xf0, 0xf0, 0xf8, 0xf6, 0xf1, 0xfd, 0xf8, 0xf0, 0xf0, 0xf0, 0xf0, 0xf0, 0xf0, 0xf0, 0xf0,
    0xf0, 0xf0, 0xf0, 0xf0, 0xf0, 0xf0, 0xf0, 0xf0, 0xf0, 0xf0, 0xf2, 0xf5, 0xf6, 0xf2, 0xf0, 0xf0,
    0xf0, 0xf0, 0xf0, 0xf0, 0xf0, 0xf0, 0xf0, 0xf0, 0xf0, 0xf7, 0xf1, 0xf4, 0xf0, 0xf0, 0xf0, 0xf0,
    0xf0, 0xf0, 0xf0, 0xf0, 0xf0, 0xf0, 0xf0, 0xf0, 0xf0, 0xf0, 0xf0, 0xf0, 0xf0, 0xf0, 0xf0, 0xf0,
    0xf0, 0xf9, 0xf1, 0xf3, 0xf0, 0xf0, 0xf0, 0xf0, 0xf0, 0xf0, 0xf0, 0xf0, 0xf0, 0xf0, 0xf0, 0xf5,
    0xf5, 0xf0, 0xf0, 0xf0, 0xf0, 0xf0, 0xf0, 0xf0, 0xf0, 0xf0, 0xf0, 0xf0, 0xf0, 0xf0, 0xf0, 0xf0,
    0xf0, 0xf0, 0xf0, 0xf0, 0xf0, 0xf0, 0xf0, 0xf4, 0xf1, 0xf3, 0xf0, 0xf0, 0xf0, 0xf0, 0xf0, 0xf0,
    0xf0, 0xf0, 0xf0, 0xf0, 0xf0, 0xf6, 0xfa, 0xf0, 0xf0, 0xf0, 0xf0, 0xf0, 0xf0, 0xf0, 0xf0, 0xf0,
    0xf0, 0xf0, 0xf0, 0xf0, 0xf0, 0xf0, 0xf0, 0xf0, 0xf0, 0xf0, 0xf0, 0xf0, 0xf0, 0xf9, 0xf1, 0xfe,
    0xf2, 0xf0, 0xf0, 0xf2, 0xf3, 0xf4, 0xf8, 0xf0, 0xf0, 0xf0, 0xf4, 0xf1, 0xf6, 0xf0, 0xf0, 0xf0,
    0xf0, 0xf0, 0xf0, 0xf0, 0xf0, 0xf0, 0xf0, 0xf0, 0xf0, 0xf0, 0xf0, 0xf0, 0xf0, 0xf0, 0xf0, 0xf0,
    0xf0, 0xf0, 0xf0, 0xf2, 0xfa, 0xf1, 0xf6, 0xf9, 0xf7, 0xf1, 0xf1, 0xf1, 0xf1, 0xfa, 0xf4, 0xfa,
    0xf1, 0xf6, 0xf3, 0xf0, 0xf0, 0xf0, 0xf0, 0xf0, 0xf0, 0xf0, 0xf0, 0xf0, 0xf0, 0xf0, 0xf0, 0xf0,
    0xf0, 0xf0, 0xf0, 0xf0, 0xf0, 0xf0, 0xf0, 0xf0, 0xf0, 0xf0, 0xfc, 0xfd, 0xf6, 0xf1, 0xf1, 0xfa,
    0xfd, 0xf4, 0xf7, 0xf1, 0xf1, 0xf1, 0xfe, 0xf8, 0xf0, 0xf0, 0xf0, 0xf0, 0xf0, 0xf0, 0xf0, 0xf0,
    0xf0, 0xf0, 0xf0, 0xf0, 0xf0, 0xf0, 0xf0, 0xf0, 0xf0, 0xf0, 0xf0, 0xf0, 0xf0, 0xf0, 0xf0, 0xf0,
    0xf0, 0xf0, 0xf2, 0xf4, 0xf9, 0xfc, 0xf0, 0xf0, 0xf0, 0xf3, 0xf9, 0xf8, 0xf0, 0xf0, 0xf0, 0xf0,
    0xf0, 0xf0, 0xf0, 0xf0, 0xf0, 0xf0, 0xf0, 0xf0, 0xf0, 0xf0, 0xf0, 0xf0, 0xf0, 0xf0, 0xf0, 0xf0,
    0xf0, 0xf0, 0xf0, 0xf0, 0xf0, 0xf0, 0xf0, 0xf0, 0xf0, 0xf0, 0xf0, 0xf0, 0xf0, 0xf0, 0xf0, 0xf0,
    0xf0, 0xf0, 0xf0, 0xf0, 0xf0, 0xf0, 0xf0, 0xf0, 0xf0, 0xf0, 0xf0, 0xf0, 0xf0, 0xf0, 0xf0, 0xf0,
    0xf0, 0xf0, 0xf0, 0xf0, 0xf0, 0xf0, 0xf0, 0xf0, 0xf0, 0xf0, 0xf0, 0xf0, 0xf0, 0xf0, 0xf0, 0xf0,
    0xf0, 0xf0, 0xf0, 0xf0, 0xf0, 0xf0, 0xf0, 0xf0, 0xf0, 0xf0, 0xf0, 0xf0, 0xf0, 0xf0, 0xf0, 0xf0,
    0xf0, 0xf0, 0xf0, 0xf0, 0xf0, 0xf0, 0xc0, 0xf0, 0xf0, 0xf0, 0xf0, 0xf0, 0xf0, 0xf0, 0xf0, 0xf0,
    0xf0, 0xf0, 0xf0, 0xf0, 0xf0, 0xf0, 0xf0, 0xf0, 0xf0, 0xf0, 0xf0, 0xf0, 0xf0, 0xf0, 0xf0, 0xf0,
    0xf0, 0xf0, 0xf0, 0xf0, 0xf0, 0xf0, 0xf0, 0xf0, 0xf0, 0xf0, 0xf0, 0xc0, 0x6c, 0xf0, 0xf0, 0xf0,
    0xf0, 0xf0, 0xf0, 0xf0, 0xf0, 0xf0, 0xf0, 0xf0, 0xf0, 0xf0, 0xf0, 0xf0, 0xf0, 0xf0, 0xf0, 0xf0,
    0xf0, 0xf0, 0xf0, 0xf0, 0xf0, 0xf0, 0xf0, 0xf0, 0xf0, 0xf0, 0xf0, 0xf0, 0xf0, 0xf0, 0xf0, 0xf0,
    0xf0, 0x6c, 0x0b, 0xc0, 0xf0, 0xf0, 0xf0, 0xf0, 0xf0, 0xf0, 0xf0, 0xf0, 0xf0, 0xf0, 0xf0, 0xf0,
    0xf0, 0xf0, 0xf0, 0xf0, 0xf0, 0xf0, 0xf0, 0xf0, 0xf0, 0xf0, 0xf0, 0xf0, 0xf0, 0xf0, 0xf0, 0xf0,
    0xf0, 0xf0, 0xf0, 0xf0, 0xf0, 0xf0, 0xc0, 0x0b, 0x0b, 0x10, 0xc0, 0xf0, 0xf0, 0xf0, 0xf0, 0xf0,
    0xf0, 0xf0, 0xf0, 0xf0, 0xf0, 0xf0, 0xf0, 0xf0, 0xf0, 0xf0, 0xf0, 0xf0, 0xf0, 0xf0, 0xf0, 0xf0,
    0xf0, 0xf0, 0xf0, 0xf0, 0xf0, 0xf0, 0xf0, 0xf0, 0xf0, 0xf0, 0xf0, 0xc0, 0x10, 0x0b, 0x0b, 0x0b,
    0x0b, 0x6c, 0xc0, 0xf0, 0xf0, 0xf0, 0xf0, 0xf0, 0xf0, 0xf0, 0xf0, 0xf0, 0xf0, 0xf0, 0xf0, 0xf0,
    0xf0, 0xf0, 0xf0, 0xf0, 0xf0, 0xf0, 0xf0, 0xf0, 0xf0, 0xf0, 0xf0, 0xf0, 0xf0, 0xf0, 0xf0, 0xc0,
    0x6c, 0x0b, 0x0b, 0x0b
};
#endif

static void *gpu_port_demo_malloc(int size, u32 ram_type, u32 module_type)
{
    void *buf = (void *)malloc(size);

    return buf;
}

static void gpu_port_demo_free(void *buf, u32 ram_type, u32 module_type)
{
    free(buf);
}

static void gpu_port_demo_lcd_init(void)
{
    __this->lcd = lcd_get_hdl();
    ASSERT(__this->lcd);
    ASSERT(__this->lcd->init);
    ASSERT(__this->lcd->get_screen_info);
    ASSERT(__this->lcd->buffer_malloc);
    ASSERT(__this->lcd->buffer_free);
    ASSERT(__this->lcd->draw);
    ASSERT(__this->lcd->set_draw_area);
    ASSERT(__this->lcd->backlight_ctrl);

    if (__this->lcd->init) {
        extern const struct ui_devices_cfg ui_cfg_data;
        __this->lcd->init((void *)&ui_cfg_data);
    }

    if (__this->lcd->get_screen_info) {
        __this->lcd->get_screen_info(&__this->info);
    }

    if (__this->lcd->clear_screen) {
        __this->lcd->clear_screen(0x000000, 0, __this->info.width - 1, 0, __this->info.height - 1);
    }


    if (__this->lcd->backlight_ctrl) {
        __this->lcd->backlight_ctrl(100);
    }

    mem_var_init(3 * 1024, false);
    ui_resfile_info_init(gpu_port_demo_malloc, gpu_port_demo_free);		// UI 资源管理
}

//初始化gpu_port模块接口
static void gpu_port_demo_port_init(void)
{
    jlgpu_module_init(gpu_port_demo_malloc, gpu_port_demo_free, __this->info.width, __this->info.height);
}

void gpu_port_demo_task_init(int gpu_out_format)
{
    //创建任务链
    __this->gpu_task_head = jlgpu_create_task_list_head();
    if (!__this->gpu_task_head) {
        printf("<gpu_port_demo> gpu create task list head fail!!! ");
        return;
    }

    //设置任务链输出的格式
    jlgpu_set_task_list_out_format(__this->gpu_task_head, gpu_out_format);

}

void gpu_port_demo_task_free(void)
{
    if (__this->gpu_task_head) {
        //删除任务链
        jlgpu_delete_task_list_head(__this->gpu_task_head);
        __this->gpu_task_head = NULL;
    }
}

//创建绘制背景颜色任务
static void gpu_port_demo_create_bg_task(struct rect draw_rect, u32 color)
{
    u8 a = (color >> 24) & 0xff;
    u8 r = (color >> 16) & 0xff;
    u8 g = (color >> 8) & 0xff;
    u8 b = (color) & 0xff;

    //创建gpu绘制任务
    jlgpu_task_fill_param_init(0, 0, a, r, g, b);
    memcpy(&task_param.draw, &draw_rect, sizeof(struct rect));
    jlgpu_get_win_rect(&task_param.area);	// 限制区域是整个GPU窗口区域

    printf("<%s>----param->head:0x%p\n", __func__, __this->gpu_task_head);

    jlgpu_create_task(__this->gpu_task_head, &task_param);


    /* JLGPUTaskParam_t task_param = {0}; */
    /*  */
    /* //创建gpu绘制任务 */
    /* memcpy(&task_param.draw, &draw_rect, sizeof(struct rect)); */
    /* jlgpu_get_win_rect(&task_param.area);	// 限制区域是整个GPU窗口区域 */
    /* task_param.acolor = color; */
    /* task_param.task_type = GPU_TASK_FILL; */
    /*  */
    /* printf("<%s>----param->head:0x%p\n", __func__, __this->gpu_task_head); */
    /*  */
    /* jlgpu_create_task(__this->gpu_task_head, &task_param); */
}


//创建绘制图片的任务,gpu_texture
static void gpu_port_demo_create_img_task(struct img_info_user *img)
{
    //JLGPUTaskParam_t task_param = {0};
    /* pJLGPUTaskUnit_t taskp; */
    jlgpu_task_texture_param_init(0, 0);

    //创建gpu绘制任务
    task_param.draw.width = img->width;
    task_param.draw.height = img->height;
    task_param.draw.left = img->left;
    task_param.draw.top = img->top;
    jlgpu_get_win_rect(&task_param.area);	// 限制区域是整个GPU窗口区域
    //task_param.task_type = GPU_TASK_IMAGE;
    task_param.texture.data = img->data;
    task_param.format = img->format;
    //配置图片的大小
    task_param.image.width = img->width;
    task_param.image.height = img->height;


#if TEXTURE_L1 || TEXTURE_L2 || TEXTURE_L4 || TEXTURE_L8 || TEXTURE_AL44
    task_param.clut_tab = img->clut_tab;
    task_param.alpha = (img->clut_tab_acolor >> 24) & 0xff;
    task_param.red   = (img->clut_tab_acolor >> 16) & 0xff;
    task_param.green = (img->clut_tab_acolor >> 8) & 0xff;
    task_param.blue  = (img->clut_tab_acolor) & 0xff;
    if (!task_param.clut_tab) {
        printf("malloc clut_tab buf faild!\n");
        ASSERT(task_param.clut_tab != NULL, "Insufficient memory!");
    }
    task_param.clut_format = img->clut_format;
    task_param.alpha = 0x00;	// L1格式没有透明度
    task_param.has_clut = img->has_clut;
#endif

#if TEXTURE_A1 || TEXTURE_A2 || TEXTURE_A4 || TEXTURE_A8
    task_param.red = 0xff;
    task_param.green = 0;
    task_param.blue = 0;
    task_param.texture.big_end = 1;
#endif


    jlgpu_create_task(__this->gpu_task_head, &task_param);
}

static void gpu_port_demo_draw_image(struct img_info_user *img, u32 background)
{
    //首先判断图片的基本参数配置是否合法
    if (!img->width || !img->height || !img->data) {
        ASSERT(0, "The params of img is error!!!");
    }

    //输出配置
    int width = __this->info.width;
    int height = __this->info.height;
    int out_format = GPU_FORMAT_RGB565;
    int out_bpp = gpu_get_format_bpp(out_format) / 8;
    int out_stride = width * out_bpp;
    int block_height = 16;		//分块输出到屏幕上，每块的大小（width * block_height）

    //申请输出的缓存空间
    __this->buf1 = (uint8_t *)zalloc(block_height * out_stride);
    /* __this->buf2 = (uint8_t *)zalloc((height % block_height) * out_stride); */

    struct rect draw_task_rect = {0};
    //创建绘制背景颜色的任务
    if (background) {
        draw_task_rect.left = 0;
        draw_task_rect.top = 0;
        draw_task_rect.width = __this->info.width;
        draw_task_rect.height = __this->info.height;
        gpu_port_demo_create_bg_task(draw_task_rect, background);
    }

    //创建绘制图片的任务
    gpu_port_demo_create_img_task(img);

    //设置输出buf并且显示到屏幕上
    int block_num = 0;
    block_num = (height % block_height) ? (height / block_height + 1) : (height / block_height);
    //设置推屏区域
    lcd_set_draw_area(0, width - 1, 0, height - 1);

    struct rect draw_rect = {0};
    int draw_height;
    for (int i = 0; i < block_num; i++) {
        if ((i + 1) * block_height < height) {
            draw_height = block_height;
        } else {
            draw_height = height - (i * block_height);
        }

        draw_rect.left	 = 0;
        draw_rect.top	 = i * block_height;
        draw_rect.width  = width;
        draw_rect.height = draw_height;

        memset(__this->buf1, 0, draw_rect.width * draw_rect.height * 2);

        jlgpu_set_task_list_out_buf(__this->gpu_task_head,  __this->buf1, &draw_rect, 0, 0);
        jlgpu_task_list_run(__this->gpu_task_head);
        /* jlgpu_dump_task_head(__this->gpu_task_head); */


        if (!i) {
            /* 开始推屏时使用 kistart */
            lcd_draw_kistart(__this->buf1, draw_rect.left, draw_rect.left + draw_rect.width - 1, draw_rect.top, draw_rect.top + draw_rect.height - 1);
            lcd_wait_busy();
        } else {
            /* 之后推屏时使用 continue 续传 */
            lcd_draw_continue(__this->buf1, draw_rect.left, draw_rect.left + draw_rect.width - 1, draw_rect.top, draw_rect.top + draw_rect.height - 1);
            lcd_wait_busy();
        }
    }

    if (__this->buf1) {
        free(__this->buf1);
        __this->buf1 = NULL;
    }
    if (__this->buf2) {
        free(__this->buf2);
        __this->buf2 = NULL;
    }
}

void gpu_demo_texture(void *p)
{
    gpu_port_demo_lcd_init();		//初始化lcd
    gpu_port_demo_port_init();		//初始化gpu_port接口
    struct img_info_user img_user = {0};

    img_user.width = 50;
    img_user.height = 50;
    img_user.left = 100;
    img_user.top = 100;
#if TEXTURE_RGB565
    img_user.data = icon_good_rgb565;
    img_user.format = GPU_FORMAT_RGB565;
#endif
#if TEXTURE_RGB888
    img_user.data = icon_good_rgb888;
    img_user.format = GPU_FORMAT_RGB888;
#endif
#if TEXTURE_ARGB8565
    img_user.data = icon_good_argb8565;
    img_user.format = GPU_FORMAT_ARGB8565;
#endif
#if TEXTURE_ARGB8888
    img_user.data = icon_good_argb8888;
    img_user.format = GPU_FORMAT_ARGB8888;
#endif
#if TEXTURE_L1
    img_user.clut_tab = (u8 *)zalloc(gpu_format_to_lut_size(GPU_FORMAT_L1, GPU_CLUT_FORMAT_ARGB8888));
    for (int i = 0; i < 8; i++) {
        img_user.clut_tab[i] = icon_good_l1[i];
    }
    img_user.data = icon_good_l1 + 8;
    img_user.format = GPU_FORMAT_L1;
    img_user.has_clut = CLUT_TAB_FROM_RAM;
    img_user.clut_format = GPU_CLUT_FORMAT_ARGB8888;
    img_user.clut_tab_acolor = 0xe400ffff;
#endif
#if TEXTURE_L2
    img_user.clut_tab = (u8 *)zalloc(gpu_format_to_lut_size(GPU_FORMAT_L2, GPU_CLUT_FORMAT_ARGB8888));
    for (int i = 0; i < 16; i++) {
        img_user.clut_tab[i] = icon_good_l2[i];
    }
    img_user.data = icon_good_l2 + 16;
    img_user.format = GPU_FORMAT_L2;
    img_user.has_clut = CLUT_TAB_FROM_RAM;
    img_user.clut_format = GPU_CLUT_FORMAT_ARGB8888;
    img_user.clut_tab_acolor = 0xe400ffff;
#endif
#if TEXTURE_L4
    img_user.clut_tab = (u8 *)zalloc(gpu_format_to_lut_size(GPU_FORMAT_L4, GPU_CLUT_FORMAT_ARGB8888));
    for (int i = 0; i < 64; i++) {
        img_user.clut_tab[i] = icon_good_l4[i];
    }
    img_user.data = icon_good_l4 + 64;
    img_user.format = GPU_FORMAT_L4;
    img_user.has_clut = CLUT_TAB_FROM_RAM;
    img_user.clut_format = GPU_CLUT_FORMAT_ARGB8888;
    img_user.clut_tab_acolor = 0xe400ffff;
#endif
#if TEXTURE_L8
    img_user.clut_tab = (u8 *)zalloc(gpu_format_to_lut_size(GPU_FORMAT_L8, GPU_CLUT_FORMAT_ARGB8888));
    for (int i = 0; i < 1024; i++) {
        img_user.clut_tab[i] = icon_good_l8[i];
    }
    img_user.data = icon_good_l8 + 1024;
    img_user.format = GPU_FORMAT_L8;
    img_user.has_clut = CLUT_TAB_FROM_RAM;
    img_user.clut_format = GPU_CLUT_FORMAT_ARGB8888;
    img_user.clut_tab_acolor = 0xe400ffff;
#endif
#if TEXTURE_A1
    img_user.data = icon_good_a1;
    img_user.format = GPU_FORMAT_A1;
#endif
#if TEXTURE_A2
    img_user.data = icon_good_a2;
    img_user.format = GPU_FORMAT_A2;
#endif
#if TEXTURE_A4
    img_user.data = icon_good_a4;
    img_user.format = GPU_FORMAT_A4;
#endif
#if TEXTURE_A8
    img_user.data = icon_good_a8;
    img_user.format = GPU_FORMAT_A8;
#endif
#if TEXTURE_AL44
    img_user.width = 38;
    img_user.height = 38;
    img_user.clut_tab = (u8 *)zalloc(gpu_format_to_lut_size(GPU_FORMAT_AL44, GPU_CLUT_FORMAT_ARGB8888));
    for (int i = 0; i < 64; i++) {
        img_user.clut_tab[i] = icon_38x38_AL44[i];
    }
    img_user.data = icon_38x38_AL44 + 64;
    img_user.format = GPU_FORMAT_AL44;
    img_user.has_clut = CLUT_TAB_FROM_RAM;
    img_user.clut_format = GPU_CLUT_FORMAT_ARGB8888;
    img_user.clut_tab_acolor = 0xe400ffff;
#endif

    gpu_port_demo_task_init(GPU_FORMAT_RGB565);
    gpu_port_demo_draw_image(&img_user, 0xffffffff);
    gpu_port_demo_task_free();	//任务链用完之后删除任务链，同时创建的任务也会清除

#if TEXTURE_L1 || TEXTURE_L2 || TEXTURE_L4 || TEXTURE_L8 || TEXTURE_AL44
    if (img_user.clut_tab) {
        free(img_user.clut_tab);
        img_user.clut_tab = NULL;
    }
#endif

    while (1) {
        os_time_dly(100);
    }
}

int gpu_demo_texture_input_task(void)
{
    printf(">>>>>>>>> %s()", __func__);
    int err;
    err = os_task_create(gpu_demo_texture, NULL, 10, 1024 * 5, 512, "gpu_demo_texture");
    if (err != OS_NO_ERR) {
        printf("gpu task create fail %x\n", err);
    }
    return 0;
}

#endif

